{
"type": "FeatureCollection",
"name": "contour",
"crs": { "type": "name", "properties": { "name": "urn:ogc:def:crs:OGC:1.3:CRS84" } },
"features": [
{ "type": "Feature", "properties": { "ID": 0, "elev": 685.8 }, "geometry": { "type": "LineString", "coordinates": [ [ -80.378624, 37.888997 ], [ -80.378622, 37.888988 ], [ -80.378616, 37.888997 ] ] } },
{ "type": "Feature", "properties": { "ID": 1, "elev": 687.324 }, "geometry": { "type": "LineString", "coordinates": [ [ -80.378225, 37.888995 ], [ -80.378218, 37.888979 ], [ -80.378213, 37.888995 ] ] } },
{ "type": "Feature", "properties": { "ID": 2, "elev": 694.944 }, "geometry": { "type": "LineString", "coordinates": [ [ -80.378856, 37.888989 ], [ -80.378853, 37.888989 ] ] } },
{ "type": "Feature", "properties": { "ID": 3, "elev": 687.324 }, "geometry": { "type": "LineString", "coordinates": [ [ -80.378635, 37.888997 ], [ -80.378616, 37.888978 ], [ -80.378599, 37.888987 ], [ -80.37856, 37.888996 ] ] } },
{ "type": "Feature", "properties": { "ID": 4, "elev": 682.752 }, "geometry": { "type": "LineString", "coordinates": [ [ -80.379066, 37.888981 ], [ -80.379065, 37.888971 ], [ -80.379064, 37.888981 ] ] } },
{ "type": "Feature", "properties": { "ID": 5, "elev": 682.752 }, "geometry": { "type": "LineString", "coordinates": [ [ -80.378343, 37.888995 ], [ -80.378349, 37.888979 ], [ -80.378332, 37.888964 ], [ -80.3783, 37.888984 ], [ -80.3783, 37.888995 ] ] } },
{ "type": "Feature", "properties": { "ID": 6, "elev": 682.752 }, "geometry": { "type": "LineString", "coordinates": [ [ -80.379071, 37.888968 ], [ -80.379067, 37.88897 ], [ -80.379071, 37.888971 ], [ -80.379071, 37.888968 ] ] } },
{ "type": "Feature", "properties": { "ID": 7, "elev": 697.992 }, "geometry": { "type": "LineString", "coordinates": [ [ -80.378807, 37.888968 ], [ -80.378826, 37.888966 ], [ -80.37883, 37.888969 ], [ -80.378815, 37.888981 ], [ -80.3788, 37.888973 ], [ -80.378807, 37.888968 ] ] } },
{ "type": "Feature", "properties": { "ID": 8, "elev": 688.848 }, "geometry": { "type": "LineString", "coordinates": [ [ -80.37865, 37.888997 ], [ -80.37864, 37.888981 ], [ -80.378616, 37.888962 ], [ -80.378576, 37.888977 ], [ -80.378565, 37.888971 ], [ -80.378553, 37.888989 ], [ -80.378516, 37.888996 ] ] } },
{ "type": "Feature", "properties": { "ID": 9, "elev": 684.276 }, "geometry": { "type": "LineString", "coordinates": [ [ -80.378377, 37.888995 ], [ -80.378375, 37.888984 ], [ -80.378351, 37.888961 ], [ -80.378332, 37.888956 ], [ -80.378296, 37.888961 ], [ -80.378286, 37.888975 ], [ -80.378248, 37.888983 ], [ -80.378245, 37.888995 ] ] } },
{ "type": "Feature", "properties": { "ID": 10, "elev": 684.276 }, "geometry": { "type": "LineString", "coordinates": [ [ -80.37907, 37.888981 ], [ -80.379071, 37.888958 ], [ -80.379061, 37.888981 ] ] } },
{ "type": "Feature", "properties": { "ID": 11, "elev": 696.468 }, "geometry": { "type": "LineString", "coordinates": [ [ -80.378869, 37.888989 ], [ -80.378858, 37.888973 ], [ -80.378865, 37.888964 ], [ -80.378861, 37.888959 ], [ -80.378846, 37.888964 ], [ -80.378813, 37.888993 ] ] } },
{ "type": "Feature", "properties": { "ID": 12, "elev": 702.564 }, "geometry": { "type": "LineString", "coordinates": [ [ -80.379233, 37.88898 ], [ -80.379216, 37.888966 ], [ -80.37922, 37.888962 ], [ -80.379247, 37.888959 ], [ -80.379249, 37.888977 ] ] } },
{ "type": "Feature", "properties": { "ID": 13, "elev": 685.8 }, "geometry": { "type": "LineString", "coordinates": [ [ -80.378419, 37.888996 ], [ -80.378407, 37.888984 ], [ -80.378381, 37.888975 ], [ -80.378373, 37.888962 ], [ -80.378338, 37.888949 ], [ -80.378272, 37.888961 ], [ -80.378263, 37.888975 ], [ -80.378244, 37.888979 ], [ -80.378241, 37.888995 ] ] } },
{ "type": "Feature", "properties": { "ID": 14, "elev": 690.372 }, "geometry": { "type": "LineString", "coordinates": [ [ -80.379042, 37.888952 ], [ -80.379043, 37.888952 ], [ -80.379048, 37.888956 ], [ -80.379041, 37.888956 ], [ -80.379042, 37.888952 ] ] } },
{ "type": "Feature", "properties": { "ID": 15, "elev": 687.324 }, "geometry": { "type": "LineString", "coordinates": [ [ -80.378428, 37.888996 ], [ -80.378423, 37.888977 ], [ -80.378412, 37.888975 ], [ -80.378396, 37.888962 ], [ -80.378343, 37.888948 ], [ -80.378332, 37.888939 ], [ -80.378326, 37.888946 ], [ -80.378305, 37.888952 ], [ -80.378244, 37.888961 ], [ -80.378237, 37.888995 ] ] } },
{ "type": "Feature", "properties": { "ID": 16, "elev": 690.372 }, "geometry": { "type": "LineString", "coordinates": [ [ -80.378669, 37.888997 ], [ -80.378656, 37.888978 ], [ -80.378627, 37.888963 ], [ -80.378616, 37.888943 ], [ -80.378605, 37.888941 ], [ -80.378588, 37.888959 ], [ -80.378576, 37.888959 ], [ -80.378565, 37.888949 ], [ -80.378548, 37.888953 ], [ -80.378536, 37.888967 ], [ -80.378517, 37.888976 ], [ -80.378504, 37.888996 ] ] } },
{ "type": "Feature", "properties": { "ID": 17, "elev": 699.516 }, "geometry": { "type": "LineString", "coordinates": [ [ -80.379327, 37.888939 ], [ -80.379314, 37.888944 ], [ -80.379338, 37.888959 ], [ -80.379346, 37.888944 ], [ -80.379333, 37.888936 ], [ -80.379327, 37.888939 ] ] } },
{ "type": "Feature", "properties": { "ID": 18, "elev": 691.896 }, "geometry": { "type": "LineString", "coordinates": [ [ -80.379816, 37.888949 ], [ -80.379805, 37.888937 ], [ -80.379792, 37.888949 ] ] } },
{ "type": "Feature", "properties": { "ID": 19, "elev": 699.516 }, "geometry": { "type": "LineString", "coordinates": [ [ -80.37898, 37.888933 ], [ -80.378993, 37.888933 ], [ -80.378993, 37.888938 ], [ -80.378979, 37.888942 ], [ -80.37898, 37.888933 ] ] } },
{ "type": "Feature", "properties": { "ID": 20, "elev": 679.704 }, "geometry": { "type": "LineString", "coordinates": [ [ -80.379071, 37.888925 ], [ -80.379068, 37.888929 ], [ -80.379071, 37.88893 ], [ -80.379074, 37.888929 ], [ -80.379071, 37.888925 ] ] } },
{ "type": "Feature", "properties": { "ID": 21, "elev": 688.848 }, "geometry": { "type": "LineString", "coordinates": [ [ -80.378433, 37.888996 ], [ -80.378426, 37.888962 ], [ -80.378343, 37.888941 ], [ -80.378332, 37.888924 ], [ -80.378283, 37.888952 ], [ -80.378235, 37.888949 ], [ -80.378215, 37.888961 ], [ -80.378207, 37.888987 ], [ -80.378192, 37.888994 ] ] } },
{ "type": "Feature", "properties": { "ID": 22, "elev": 701.04 }, "geometry": { "type": "LineString", "coordinates": [ [ -80.379347, 37.888973 ], [ -80.379367, 37.888944 ], [ -80.379339, 37.888927 ], [ -80.379261, 37.888944 ], [ -80.37926, 37.888962 ], [ -80.379335, 37.888975 ] ] } },
{ "type": "Feature", "properties": { "ID": 23, "elev": 690.372 }, "geometry": { "type": "LineString", "coordinates": [ [ -80.378494, 37.888996 ], [ -80.378485, 37.888973 ], [ -80.37845, 37.888967 ], [ -80.378434, 37.888954 ], [ -80.378381, 37.888944 ], [ -80.378332, 37.888919 ], [ -80.378309, 37.888922 ], [ -80.378275, 37.888949 ], [ -80.378235, 37.888943 ], [ -80.378144, 37.888994 ] ] } },
{ "type": "Feature", "properties": { "ID": 24, "elev": 690.372 }, "geometry": { "type": "LineString", "coordinates": [ [ -80.379985, 37.888932 ], [ -80.379987, 37.888928 ], [ -80.379998, 37.888932 ] ] } },
{ "type": "Feature", "properties": { "ID": 25, "elev": 691.896 }, "geometry": { "type": "LineString", "coordinates": [ [ -80.380022, 37.888932 ], [ -80.380027, 37.888925 ], [ -80.380031, 37.888932 ] ] } },
{ "type": "Feature", "properties": { "ID": 26, "elev": 681.228 }, "geometry": { "type": "LineString", "coordinates": [ [ -80.379066, 37.888919 ], [ -80.379057, 37.888925 ], [ -80.379071, 37.888936 ], [ -80.379079, 37.888929 ], [ -80.379066, 37.888919 ] ] } },
{ "type": "Feature", "properties": { "ID": 27, "elev": 691.896 }, "geometry": { "type": "LineString", "coordinates": [ [ -80.378697, 37.888997 ], [ -80.378672, 37.888972 ], [ -80.378628, 37.888946 ], [ -80.378616, 37.888924 ], [ -80.378603, 37.888922 ], [ -80.378588, 37.888947 ], [ -80.378576, 37.888949 ], [ -80.378565, 37.888939 ], [ -80.378528, 37.888949 ], [ -80.378502, 37.888969 ], [ -80.37848, 37.888951 ], [ -80.378434, 37.888938 ], [ -80.378423, 37.888942 ], [ -80.378396, 37.888926 ], [ -80.378332, 37.888915 ], [ -80.378275, 37.888931 ], [ -80.378247, 37.888933 ], [ -80.378207, 37.888955 ], [ -80.378173, 37.888961 ], [ -80.37815, 37.888976 ], [ -80.378136, 37.888994 ] ] } },
{ "type": "Feature", "properties": { "ID": 28, "elev": 682.752 }, "geometry": { "type": "LineString", "coordinates": [ [ -80.379066, 37.888916 ], [ -80.379052, 37.888925 ], [ -80.379071, 37.888943 ], [ -80.379081, 37.888929 ], [ -80.379066, 37.888916 ] ] } },
{ "type": "Feature", "properties": { "ID": 29, "elev": 684.276 }, "geometry": { "type": "LineString", "coordinates": [ [ -80.37906, 37.888915 ], [ -80.379048, 37.888929 ], [ -80.379071, 37.888953 ], [ -80.379085, 37.888929 ], [ -80.37906, 37.888915 ] ] } },
{ "type": "Feature", "properties": { "ID": 30, "elev": 685.8 }, "geometry": { "type": "LineString", "coordinates": [ [ -80.379072, 37.888981 ], [ -80.379078, 37.888947 ], [ -80.379089, 37.888929 ], [ -80.379066, 37.888913 ], [ -80.37904, 37.888925 ], [ -80.379062, 37.888947 ], [ -80.379058, 37.888981 ] ] } },
{ "type": "Feature", "properties": { "ID": 31, "elev": 685.8 }, "geometry": { "type": "LineString", "coordinates": [ [ -80.379899, 37.88894 ], [ -80.37989, 37.888917 ], [ -80.379879, 37.888929 ], [ -80.379887, 37.88894 ] ] } },
{ "type": "Feature", "properties": { "ID": 32, "elev": 687.324 }, "geometry": { "type": "LineString", "coordinates": [ [ -80.379074, 37.888981 ], [ -80.379081, 37.888943 ], [ -80.379092, 37.888929 ], [ -80.379066, 37.888912 ], [ -80.379032, 37.888925 ], [ -80.379032, 37.888929 ], [ -80.379054, 37.888938 ], [ -80.37906, 37.88895 ], [ -80.37906, 37.888965 ], [ -80.379045, 37.888974 ], [ -80.379049, 37.888981 ] ] } },
{ "type": "Feature", "properties": { "ID": 33, "elev": 688.848 }, "geometry": { "type": "LineString", "coordinates": [ [ -80.379076, 37.888981 ], [ -80.379083, 37.888945 ], [ -80.379095, 37.888929 ], [ -80.379066, 37.88891 ], [ -80.379024, 37.888929 ], [ -80.379054, 37.888946 ], [ -80.379057, 37.888956 ], [ -80.379054, 37.888967 ], [ -80.379024, 37.888974 ], [ -80.379028, 37.888981 ] ] } },
{ "type": "Feature", "properties": { "ID": 34, "elev": 690.372 }, "geometry": { "type": "LineString", "coordinates": [ [ -80.379097, 37.888981 ], [ -80.379085, 37.888952 ], [ -80.379097, 37.888929 ], [ -80.379066, 37.888909 ], [ -80.379018, 37.888929 ], [ -80.379033, 37.888943 ], [ -80.379021, 37.888951 ], [ -80.379024, 37.888965 ], [ -80.379003, 37.888974 ], [ -80.379002, 37.888985 ] ] } },
{ "type": "Feature", "properties": { "ID": 35, "elev": 691.896 }, "geometry": { "type": "LineString", "coordinates": [ [ -80.379117, 37.888981 ], [ -80.379098, 37.888956 ], [ -80.379099, 37.888929 ], [ -80.379066, 37.888908 ], [ -80.37901, 37.888929 ], [ -80.37902, 37.888938 ], [ -80.379002, 37.888951 ], [ -80.379003, 37.888965 ], [ -80.378986, 37.888973 ], [ -80.378978, 37.888985 ] ] } },
{ "type": "Feature", "properties": { "ID": 36, "elev": 693.42 }, "geometry": { "type": "LineString", "coordinates": [ [ -80.378708, 37.888997 ], [ -80.378701, 37.888972 ], [ -80.378651, 37.888941 ], [ -80.378639, 37.888927 ], [ -80.378599, 37.888918 ], [ -80.378576, 37.888941 ], [ -80.378571, 37.888908 ], [ -80.378535, 37.888917 ], [ -80.378502, 37.888951 ], [ -80.37847, 37.88894 ], [ -80.378435, 37.888914 ], [ -80.378412, 37.888918 ], [ -80.378349, 37.88891 ], [ -80.378344, 37.888914 ], [ -80.378332, 37.888904 ], [ -80.378327, 37.88891 ], [ -80.378247, 37.888923 ], [ -80.378218, 37.888937 ], [ -80.37821, 37.888952 ], [ -80.378167, 37.88896 ], [ -80.378134, 37.888994 ] ] } },
{ "type": "Feature", "properties": { "ID": 37, "elev": 693.42 }, "geometry": { "type": "LineString", "coordinates": [ [ -80.379129, 37.888981 ], [ -80.379109, 37.888956 ], [ -80.379102, 37.888929 ], [ -80.379066, 37.888907 ], [ -80.379007, 37.888929 ], [ -80.379008, 37.888938 ], [ -80.378987, 37.888951 ], [ -80.378969, 37.888985 ] ] } },
{ "type": "Feature", "properties": { "ID": 38, "elev": 694.944 }, "geometry": { "type": "LineString", "coordinates": [ [ -80.379131, 37.888981 ], [ -80.379128, 37.888966 ], [ -80.379104, 37.888929 ], [ -80.379066, 37.888905 ], [ -80.379009, 37.888926 ], [ -80.379003, 37.888938 ], [ -80.378974, 37.888959 ], [ -80.378957, 37.888962 ], [ -80.378956, 37.888985 ] ] } },
{ "type": "Feature", "properties": { "ID": 39, "elev": 696.468 }, "geometry": { "type": "LineString", "coordinates": [ [ -80.379134, 37.888981 ], [ -80.379133, 37.888957 ], [ -80.379111, 37.888938 ], [ -80.379109, 37.888929 ], [ -80.379077, 37.888908 ], [ -80.37906, 37.888904 ], [ -80.379032, 37.888911 ], [ -80.379003, 37.888927 ], [ -80.379001, 37.888938 ], [ -80.37898, 37.888949 ], [ -80.378957, 37.888944 ], [ -80.37894, 37.888948 ], [ -80.378922, 37.888964 ], [ -80.378927, 37.888985 ] ] } },
{ "type": "Feature", "properties": { "ID": 40, "elev": 685.8 }, "geometry": { "type": "LineString", "coordinates": [ [ -80.379885, 37.888902 ], [ -80.379884, 37.888902 ], [ -80.379885, 37.888903 ], [ -80.379885, 37.888902 ], [ -80.379885, 37.888902 ] ] } },
{ "type": "Feature", "properties": { "ID": 41, "elev": 687.324 }, "geometry": { "type": "LineString", "coordinates": [ [ -80.379933, 37.888936 ], [ -80.379885, 37.888899 ], [ -80.379863, 37.888945 ] ] } },
{ "type": "Feature", "properties": { "ID": 42, "elev": 704.088 }, "geometry": { "type": "LineString", "coordinates": [ [ -80.379085, 37.888898 ], [ -80.379094, 37.888893 ], [ -80.379102, 37.888902 ], [ -80.379094, 37.888903 ], [ -80.379085, 37.888898 ] ] } },
{ "type": "Feature", "properties": { "ID": 43, "elev": 688.848 }, "geometry": { "type": "LineString", "coordinates": [ [ -80.379973, 37.888932 ], [ -80.37997, 37.888917 ], [ -80.379948, 37.888907 ], [ -80.379913, 37.888905 ], [ -80.37989, 37.888894 ], [ -80.379876, 37.888902 ], [ -80.379849, 37.888945 ] ] } },
{ "type": "Feature", "properties": { "ID": 44, "elev": 702.564 }, "geometry": { "type": "LineString", "coordinates": [ [ -80.379595, 37.888894 ], [ -80.379604, 37.888914 ], [ -80.379617, 37.888926 ], [ -80.379632, 37.888901 ], [ -80.379617, 37.888893 ], [ -80.379595, 37.888894 ] ] } },
{ "type": "Feature", "properties": { "ID": 45, "elev": 704.088 }, "geometry": { "type": "LineString", "coordinates": [ [ -80.379502, 37.888895 ], [ -80.379509, 37.888894 ], [ -80.37951, 37.888895 ], [ -80.379504, 37.888897 ], [ -80.379502, 37.888895 ] ] } },
{ "type": "Feature", "properties": { "ID": 46, "elev": 694.944 }, "geometry": { "type": "LineString", "coordinates": [ [ -80.378712, 37.888997 ], [ -80.378701, 37.888954 ], [ -80.37865, 37.888922 ], [ -80.378594, 37.888914 ], [ -80.378571, 37.888902 ], [ -80.37848, 37.888925 ], [ -80.378446, 37.888915 ], [ -80.378418, 37.888883 ], [ -80.378349, 37.888894 ], [ -80.378344, 37.8889 ], [ -80.37831, 37.888898 ], [ -80.378253, 37.888909 ], [ -80.378218, 37.888928 ], [ -80.378203, 37.888952 ], [ -80.378164, 37.88896 ], [ -80.378131, 37.888994 ] ] } },
{ "type": "Feature", "properties": { "ID": 47, "elev": 704.088 }, "geometry": { "type": "LineString", "coordinates": [ [ -80.379063, 37.888884 ], [ -80.379072, 37.88888 ], [ -80.379076, 37.888884 ], [ -80.379066, 37.888887 ], [ -80.379063, 37.888884 ] ] } },
{ "type": "Feature", "properties": { "ID": 48, "elev": 690.372 }, "geometry": { "type": "LineString", "coordinates": [ [ -80.380004, 37.888932 ], [ -80.38001, 37.888921 ], [ -80.379993, 37.888906 ], [ -80.37992, 37.888898 ], [ -80.379902, 37.88888 ], [ -80.379879, 37.888894 ], [ -80.379859, 37.888924 ], [ -80.37984, 37.888933 ], [ -80.379837, 37.888945 ] ] } },
{ "type": "Feature", "properties": { "ID": 49, "elev": 696.468 }, "geometry": { "type": "LineString", "coordinates": [ [ -80.378735, 37.888993 ], [ -80.378713, 37.888968 ], [ -80.378704, 37.888945 ], [ -80.378651, 37.88892 ], [ -80.378599, 37.888912 ], [ -80.378583, 37.888898 ], [ -80.378566, 37.888895 ], [ -80.378516, 37.888908 ], [ -80.378463, 37.888912 ], [ -80.378423, 37.888878 ], [ -80.378401, 37.888867 ], [ -80.37835, 37.88888 ], [ -80.378338, 37.888891 ], [ -80.37831, 37.888886 ], [ -80.378245, 37.888902 ], [ -80.378218, 37.88892 ], [ -80.378193, 37.888952 ], [ -80.378167, 37.888957 ], [ -80.378127, 37.888994 ] ] } },
{ "type": "Feature", "properties": { "ID": 50, "elev": 697.992 }, "geometry": { "type": "LineString", "coordinates": [ [ -80.379145, 37.888981 ], [ -80.379152, 37.888961 ], [ -80.379134, 37.888945 ], [ -80.379114, 37.888938 ], [ -80.379111, 37.888934 ], [ -80.379122, 37.888929 ], [ -80.379066, 37.888903 ], [ -80.379032, 37.888906 ], [ -80.378992, 37.888922 ], [ -80.378989, 37.888929 ], [ -80.378997, 37.88893 ], [ -80.378998, 37.888938 ], [ -80.37898, 37.888946 ], [ -80.378958, 37.888935 ], [ -80.378929, 37.888945 ], [ -80.378872, 37.888947 ], [ -80.378849, 37.888957 ], [ -80.378793, 37.888948 ], [ -80.378775, 37.888956 ], [ -80.378713, 37.888945 ], [ -80.378651, 37.888917 ], [ -80.3786, 37.88891 ], [ -80.378586, 37.888895 ], [ -80.378554, 37.888884 ], [ -80.378469, 37.888902 ], [ -80.37844, 37.88889 ], [ -80.378395, 37.888856 ], [ -80.37835, 37.888868 ], [ -80.378332, 37.888885 ], [ -80.37831, 37.888881 ], [ -80.378287, 37.888885 ], [ -80.378224, 37.888907 ], [ -80.378184, 37.888949 ], [ -80.378167, 37.888954 ], [ -80.378133, 37.888979 ], [ -80.378093, 37.888994 ] ] } },
{ "type": "Feature", "properties": { "ID": 51, "elev": 704.088 }, "geometry": { "type": "LineString", "coordinates": [ [ -80.379078, 37.888861 ], [ -80.379068, 37.888866 ], [ -80.379083, 37.888871 ], [ -80.379085, 37.888866 ], [ -80.379078, 37.888861 ] ] } },
{ "type": "Feature", "properties": { "ID": 52, "elev": 699.516 }, "geometry": { "type": "LineString", "coordinates": [ [ -80.379185, 37.888982 ], [ -80.379191, 37.888961 ], [ -80.379156, 37.888952 ], [ -80.379131, 37.888934 ], [ -80.379123, 37.88892 ], [ -80.379066, 37.888901 ], [ -80.378986, 37.888913 ], [ -80.378927, 37.888942 ], [ -80.378849, 37.888948 ], [ -80.378798, 37.888924 ], [ -80.378707, 37.888926 ], [ -80.3786, 37.888903 ], [ -80.378566, 37.88888 ], [ -80.378469, 37.888893 ], [ -80.378452, 37.888869 ], [ -80.378441, 37.888866 ], [ -80.378435, 37.88887 ], [ -80.378395, 37.888853 ], [ -80.378355, 37.888862 ], [ -80.378327, 37.888878 ], [ -80.378287, 37.888882 ], [ -80.378219, 37.888903 ], [ -80.378159, 37.888956 ], [ -80.378138, 37.888964 ], [ -80.378047, 37.888986 ], [ -80.37803, 37.888981 ], [ -80.378022, 37.888985 ] ] } },
{ "type": "Feature", "properties": { "ID": 53, "elev": 681.228 }, "geometry": { "type": "LineString", "coordinates": [ [ -80.380554, 37.888894 ], [ -80.380579, 37.888866 ], [ -80.380604, 37.888858 ] ] } },
{ "type": "Feature", "properties": { "ID": 54, "elev": 705.612 }, "geometry": { "type": "LineString", "coordinates": [ [ -80.378816, 37.888833 ], [ -80.378817, 37.888833 ], [ -80.378816, 37.888834 ], [ -80.378816, 37.888833 ] ] } },
{ "type": "Feature", "properties": { "ID": 55, "elev": 701.04 }, "geometry": { "type": "LineString", "coordinates": [ [ -80.37922, 37.888982 ], [ -80.379196, 37.888954 ], [ -80.379178, 37.888948 ], [ -80.379182, 37.888943 ], [ -80.37914, 37.888929 ], [ -80.379123, 37.888914 ], [ -80.3791, 37.888912 ], [ -80.379066, 37.888899 ], [ -80.378981, 37.888905 ], [ -80.378952, 37.888922 ], [ -80.378895, 37.888931 ], [ -80.378793, 37.888919 ], [ -80.378747, 37.888919 ], [ -80.378736, 37.888914 ], [ -80.378739, 37.888905 ], [ -80.378725, 37.8889 ], [ -80.378702, 37.888906 ], [ -80.378634, 37.888892 ], [ -80.3786, 37.888892 ], [ -80.378571, 37.888877 ], [ -80.378543, 37.888876 ], [ -80.378509, 37.888865 ], [ -80.37849, 37.888854 ], [ -80.378469, 37.888826 ], [ -80.378441, 37.88883 ], [ -80.378434, 37.888845 ], [ -80.378418, 37.888852 ], [ -80.378355, 37.888859 ], [ -80.378322, 37.888876 ], [ -80.378304, 37.888874 ], [ -80.378219, 37.8889 ], [ -80.378135, 37.888951 ], [ -80.378036, 37.888969 ], [ -80.378005, 37.888963 ] ] } },
{ "type": "Feature", "properties": { "ID": 56, "elev": 704.088 }, "geometry": { "type": "LineString", "coordinates": [ [ -80.378373, 37.888826 ], [ -80.378378, 37.888827 ], [ -80.378389, 37.888831 ], [ -80.378378, 37.888831 ], [ -80.378373, 37.888826 ] ] } },
{ "type": "Feature", "properties": { "ID": 57, "elev": 702.564 }, "geometry": { "type": "LineString", "coordinates": [ [ -80.379373, 37.888974 ], [ -80.379391, 37.888953 ], [ -80.379384, 37.888926 ], [ -80.379339, 37.888913 ], [ -80.379282, 37.888911 ], [ -80.379236, 37.888922 ], [ -80.37914, 37.888916 ], [ -80.379066, 37.888897 ], [ -80.379015, 37.888897 ], [ -80.378975, 37.8889 ], [ -80.378946, 37.888916 ], [ -80.378804, 37.888917 ], [ -80.37877, 37.888901 ], [ -80.378738, 37.888896 ], [ -80.378708, 37.88888 ], [ -80.37864, 37.888878 ], [ -80.378594, 37.888882 ], [ -80.378577, 37.888874 ], [ -80.378543, 37.888874 ], [ -80.378497, 37.888854 ], [ -80.378469, 37.88882 ], [ -80.378441, 37.888824 ], [ -80.378426, 37.888845 ], [ -80.378412, 37.88885 ], [ -80.378378, 37.888843 ], [ -80.378361, 37.888851 ], [ -80.37835, 37.888849 ], [ -80.378339, 37.888862 ], [ -80.378321, 37.88887 ], [ -80.378299, 37.88886 ], [ -80.378281, 37.888862 ], [ -80.378253, 37.888872 ], [ -80.378184, 37.888912 ], [ -80.378139, 37.88893 ], [ -80.378061, 37.888951 ], [ -80.377998, 37.888953 ] ] } },
{ "type": "Feature", "properties": { "ID": 58, "elev": 705.612 }, "geometry": { "type": "LineString", "coordinates": [ [ -80.378775, 37.88882 ], [ -80.378782, 37.888818 ], [ -80.378805, 37.88884 ], [ -80.37884, 37.888842 ], [ -80.378839, 37.888856 ], [ -80.378776, 37.888862 ], [ -80.378781, 37.888847 ], [ -80.378769, 37.888837 ], [ -80.378775, 37.88882 ] ] } },
{ "type": "Feature", "properties": { "ID": 59, "elev": 705.612 }, "geometry": { "type": "LineString", "coordinates": [ [ -80.378648, 37.888805 ], [ -80.378674, 37.888813 ], [ -80.378679, 37.888819 ], [ -80.378668, 37.888827 ], [ -80.378657, 37.888823 ], [ -80.378641, 37.888828 ], [ -80.378664, 37.888832 ], [ -80.37864, 37.888843 ], [ -80.378631, 37.888832 ], [ -80.37864, 37.888828 ], [ -80.378626, 37.88881 ], [ -80.378648, 37.888805 ] ] } },
{ "type": "Feature", "properties": { "ID": 60, "elev": 676.656 }, "geometry": { "type": "LineString", "coordinates": [ [ -80.380522, 37.888801 ], [ -80.380482, 37.888842 ], [ -80.380512, 37.888847 ], [ -80.380522, 37.888856 ], [ -80.380549, 37.888842 ], [ -80.380534, 37.888827 ], [ -80.380528, 37.888803 ], [ -80.380522, 37.888801 ] ] } },
{ "type": "Feature", "properties": { "ID": 61, "elev": 681.228 }, "geometry": { "type": "LineString", "coordinates": [ [ -80.380622, 37.888839 ], [ -80.380606, 37.888834 ], [ -80.380656, 37.888801 ] ] } },
{ "type": "Feature", "properties": { "ID": 62, "elev": 705.612 }, "geometry": { "type": "LineString", "coordinates": [ [ -80.378663, 37.888779 ], [ -80.378658, 37.888783 ], [ -80.378663, 37.888786 ], [ -80.378672, 37.888783 ], [ -80.378663, 37.888779 ] ] } },
{ "type": "Feature", "properties": { "ID": 63, "elev": 679.704 }, "geometry": { "type": "LineString", "coordinates": [ [ -80.380531, 37.888894 ], [ -80.380533, 37.888883 ], [ -80.380569, 37.888851 ], [ -80.380596, 37.888845 ], [ -80.380599, 37.888834 ], [ -80.380659, 37.888786 ], [ -80.380668, 37.888786 ] ] } },
{ "type": "Feature", "properties": { "ID": 64, "elev": 676.656 }, "geometry": { "type": "LineString", "coordinates": [ [ -80.380631, 37.888784 ], [ -80.380602, 37.888793 ], [ -80.380602, 37.888826 ], [ -80.380649, 37.888789 ], [ -80.380648, 37.888783 ], [ -80.380631, 37.888784 ] ] } },
{ "type": "Feature", "properties": { "ID": 65, "elev": 699.516 }, "geometry": { "type": "LineString", "coordinates": [ [ -80.380033, 37.888781 ], [ -80.380037, 37.888795 ], [ -80.380028, 37.888801 ], [ -80.380018, 37.88879 ], [ -80.380033, 37.888781 ] ] } },
{ "type": "Feature", "properties": { "ID": 66, "elev": 699.516 }, "geometry": { "type": "LineString", "coordinates": [ [ -80.379962, 37.888781 ], [ -80.379971, 37.888776 ], [ -80.379977, 37.88879 ], [ -80.379965, 37.888787 ], [ -80.379962, 37.888781 ] ] } },
{ "type": "Feature", "properties": { "ID": 67, "elev": 705.612 }, "geometry": { "type": "LineString", "coordinates": [ [ -80.37864, 37.888774 ], [ -80.378652, 37.888771 ], [ -80.378674, 37.888782 ], [ -80.37868, 37.888779 ], [ -80.378685, 37.888792 ], [ -80.378681, 37.888801 ], [ -80.378669, 37.888803 ], [ -80.378657, 37.888784 ], [ -80.37864, 37.888786 ], [ -80.378635, 37.888778 ], [ -80.37864, 37.888774 ] ] } },
{ "type": "Feature", "properties": { "ID": 68, "elev": 705.612 }, "geometry": { "type": "LineString", "coordinates": [ [ -80.378832, 37.888775 ], [ -80.378834, 37.888773 ], [ -80.378838, 37.888775 ], [ -80.378834, 37.888778 ], [ -80.378832, 37.888775 ] ] } },
{ "type": "Feature", "properties": { "ID": 69, "elev": 678.18 }, "geometry": { "type": "LineString", "coordinates": [ [ -80.380673, 37.888779 ], [ -80.380602, 37.888777 ], [ -80.380596, 37.888798 ], [ -80.380599, 37.888829 ], [ -80.380659, 37.888781 ], [ -80.38067, 37.888782 ] ] } },
{ "type": "Feature", "properties": { "ID": 70, "elev": 705.612 }, "geometry": { "type": "LineString", "coordinates": [ [ -80.378612, 37.888769 ], [ -80.378612, 37.888769 ], [ -80.378614, 37.888769 ], [ -80.378612, 37.888769 ], [ -80.378612, 37.888769 ] ] } },
{ "type": "Feature", "properties": { "ID": 71, "elev": 707.136 }, "geometry": { "type": "LineString", "coordinates": [ [ -80.37815, 37.888767 ], [ -80.378151, 37.888766 ], [ -80.378151, 37.888769 ], [ -80.37815, 37.888767 ] ] } },
{ "type": "Feature", "properties": { "ID": 72, "elev": 705.612 }, "geometry": { "type": "LineString", "coordinates": [ [ -80.37864, 37.88876 ], [ -80.378642, 37.88876 ], [ -80.378641, 37.888761 ], [ -80.37864, 37.88876 ] ] } },
{ "type": "Feature", "properties": { "ID": 73, "elev": 678.18 }, "geometry": { "type": "LineString", "coordinates": [ [ -80.380511, 37.888756 ], [ -80.380483, 37.888781 ], [ -80.380471, 37.888778 ], [ -80.380463, 37.888783 ], [ -80.380467, 37.888801 ], [ -80.380437, 37.888842 ], [ -80.380494, 37.888851 ], [ -80.380522, 37.888882 ], [ -80.380555, 37.888847 ], [ -80.380581, 37.888843 ], [ -80.380569, 37.888829 ], [ -80.380576, 37.888806 ], [ -80.380536, 37.888797 ], [ -80.380534, 37.888792 ], [ -80.380542, 37.888784 ], [ -80.380531, 37.888775 ], [ -80.380528, 37.888759 ], [ -80.380523, 37.888753 ], [ -80.380511, 37.888756 ] ] } },
{ "type": "Feature", "properties": { "ID": 74, "elev": 679.704 }, "geometry": { "type": "LineString", "coordinates": [ [ -80.380572, 37.888752 ], [ -80.380597, 37.888752 ], [ -80.380595, 37.888775 ], [ -80.380573, 37.88877 ], [ -80.380572, 37.888752 ] ] } },
{ "type": "Feature", "properties": { "ID": 75, "elev": 676.656 }, "geometry": { "type": "LineString", "coordinates": [ [ -80.380702, 37.888743 ], [ -80.380601, 37.88873 ], [ -80.380603, 37.888744 ], [ -80.380702, 37.888745 ] ] } },
{ "type": "Feature", "properties": { "ID": 76, "elev": 678.18 }, "geometry": { "type": "LineString", "coordinates": [ [ -80.380708, 37.888738 ], [ -80.380671, 37.888736 ], [ -80.380608, 37.888721 ], [ -80.380591, 37.888728 ], [ -80.380574, 37.88872 ], [ -80.380523, 37.888743 ], [ -80.380528, 37.888749 ], [ -80.380534, 37.888744 ], [ -80.380591, 37.888739 ], [ -80.380602, 37.888749 ], [ -80.380696, 37.888752 ] ] } },
{ "type": "Feature", "properties": { "ID": 77, "elev": 705.612 }, "geometry": { "type": "LineString", "coordinates": [ [ -80.378448, 37.888705 ], [ -80.378447, 37.888705 ], [ -80.378448, 37.888706 ], [ -80.378448, 37.888705 ], [ -80.378448, 37.888705 ] ] } },
{ "type": "Feature", "properties": { "ID": 78, "elev": 707.136 }, "geometry": { "type": "LineString", "coordinates": [ [ -80.37826, 37.888704 ], [ -80.378266, 37.8887 ], [ -80.378271, 37.888704 ], [ -80.378266, 37.888709 ], [ -80.37826, 37.888704 ] ] } },
{ "type": "Feature", "properties": { "ID": 79, "elev": 699.516 }, "geometry": { "type": "LineString", "coordinates": [ [ -80.379926, 37.888688 ], [ -80.379921, 37.888692 ], [ -80.379903, 37.888695 ], [ -80.379932, 37.888699 ], [ -80.379941, 37.888695 ], [ -80.379926, 37.888688 ] ] } },
{ "type": "Feature", "properties": { "ID": 80, "elev": 705.612 }, "geometry": { "type": "LineString", "coordinates": [ [ -80.378998, 37.888685 ], [ -80.379022, 37.888692 ], [ -80.379005, 37.88871 ], [ -80.378992, 37.888694 ], [ -80.378998, 37.888685 ] ] } },
{ "type": "Feature", "properties": { "ID": 81, "elev": 705.612 }, "geometry": { "type": "LineString", "coordinates": [ [ -80.378954, 37.888685 ], [ -80.378953, 37.888685 ], [ -80.378954, 37.888686 ], [ -80.378954, 37.888685 ], [ -80.378954, 37.888685 ] ] } },
{ "type": "Feature", "properties": { "ID": 82, "elev": 705.612 }, "geometry": { "type": "LineString", "coordinates": [ [ -80.378863, 37.888684 ], [ -80.378863, 37.888685 ], [ -80.378863, 37.888685 ], [ -80.378863, 37.888684 ] ] } },
{ "type": "Feature", "properties": { "ID": 83, "elev": 707.136 }, "geometry": { "type": "LineString", "coordinates": [ [ -80.378339, 37.888682 ], [ -80.378346, 37.888681 ], [ -80.378347, 37.888682 ], [ -80.378346, 37.888684 ], [ -80.378339, 37.888682 ] ] } },
{ "type": "Feature", "properties": { "ID": 84, "elev": 699.516 }, "geometry": { "type": "LineString", "coordinates": [ [ -80.379875, 37.888682 ], [ -80.379872, 37.888686 ], [ -80.379875, 37.888692 ], [ -80.379882, 37.888686 ], [ -80.379875, 37.888682 ] ] } },
{ "type": "Feature", "properties": { "ID": 85, "elev": 705.612 }, "geometry": { "type": "LineString", "coordinates": [ [ -80.378891, 37.888677 ], [ -80.378886, 37.888685 ], [ -80.378897, 37.888689 ], [ -80.378903, 37.88868 ], [ -80.378891, 37.888677 ] ] } },
{ "type": "Feature", "properties": { "ID": 86, "elev": 679.704 }, "geometry": { "type": "LineString", "coordinates": [ [ -80.380566, 37.88868 ], [ -80.380592, 37.888679 ], [ -80.380629, 37.888681 ], [ -80.380591, 37.88871 ], [ -80.380574, 37.888715 ], [ -80.380554, 37.888712 ], [ -80.380556, 37.888685 ], [ -80.380566, 37.88868 ] ] } },
{ "type": "Feature", "properties": { "ID": 87, "elev": 699.516 }, "geometry": { "type": "LineString", "coordinates": [ [ -80.379892, 37.888676 ], [ -80.379891, 37.888677 ], [ -80.379892, 37.888677 ], [ -80.379892, 37.888676 ] ] } },
{ "type": "Feature", "properties": { "ID": 88, "elev": 705.612 }, "geometry": { "type": "LineString", "coordinates": [ [ -80.379093, 37.888672 ], [ -80.379096, 37.888669 ], [ -80.379104, 37.888673 ], [ -80.379102, 37.888684 ], [ -80.379094, 37.888681 ], [ -80.379093, 37.888672 ] ] } },
{ "type": "Feature", "properties": { "ID": 89, "elev": 705.612 }, "geometry": { "type": "LineString", "coordinates": [ [ -80.379049, 37.888672 ], [ -80.379056, 37.88868 ], [ -80.379042, 37.888681 ], [ -80.379045, 37.88868 ], [ -80.379049, 37.888672 ] ] } },
{ "type": "Feature", "properties": { "ID": 90, "elev": 705.612 }, "geometry": { "type": "LineString", "coordinates": [ [ -80.37892, 37.88867 ], [ -80.378913, 37.888676 ], [ -80.378922, 37.88869 ], [ -80.378937, 37.88869 ], [ -80.37894, 37.888672 ], [ -80.37892, 37.88867 ] ] } },
{ "type": "Feature", "properties": { "ID": 91, "elev": 707.136 }, "geometry": { "type": "LineString", "coordinates": [ [ -80.378243, 37.888666 ], [ -80.378226, 37.888671 ], [ -80.378217, 37.888677 ], [ -80.378238, 37.888678 ], [ -80.378255, 37.888668 ], [ -80.378243, 37.888666 ] ] } },
{ "type": "Feature", "properties": { "ID": 92, "elev": 705.612 }, "geometry": { "type": "LineString", "coordinates": [ [ -80.378966, 37.888661 ], [ -80.378956, 37.888667 ], [ -80.378971, 37.888675 ], [ -80.378976, 37.888672 ], [ -80.378966, 37.888661 ] ] } },
{ "type": "Feature", "properties": { "ID": 93, "elev": 678.18 }, "geometry": { "type": "LineString", "coordinates": [ [ -80.380603, 37.888667 ], [ -80.380603, 37.888676 ], [ -80.380635, 37.888672 ], [ -80.380616, 37.888667 ], [ -80.380603, 37.888667 ] ] } },
{ "type": "Feature", "properties": { "ID": 94, "elev": 705.612 }, "geometry": { "type": "LineString", "coordinates": [ [ -80.379004, 37.888658 ], [ -80.379011, 37.888663 ], [ -80.379011, 37.88867 ], [ -80.379, 37.888667 ], [ -80.379004, 37.888658 ] ] } },
{ "type": "Feature", "properties": { "ID": 95, "elev": 675.132 }, "geometry": { "type": "LineString", "coordinates": [ [ -80.380472, 37.888657 ], [ -80.380463, 37.888666 ], [ -80.380467, 37.888674 ], [ -80.380492, 37.888671 ], [ -80.380472, 37.888657 ] ] } },
{ "type": "Feature", "properties": { "ID": 96, "elev": 704.088 }, "geometry": { "type": "LineString", "coordinates": [ [ -80.379068, 37.888644 ], [ -80.379067, 37.888645 ], [ -80.379068, 37.888647 ], [ -80.379069, 37.888645 ], [ -80.379068, 37.888644 ] ] } },
{ "type": "Feature", "properties": { "ID": 97, "elev": 705.612 }, "geometry": { "type": "LineString", "coordinates": [ [ -80.379134, 37.888646 ], [ -80.379142, 37.888642 ], [ -80.379143, 37.888646 ], [ -80.379136, 37.888652 ], [ -80.379134, 37.888646 ] ] } },
{ "type": "Feature", "properties": { "ID": 98, "elev": 708.66 }, "geometry": { "type": "LineString", "coordinates": [ [ -80.377888, 37.888639 ], [ -80.377907, 37.888644 ], [ -80.377932, 37.888666 ], [ -80.377893, 37.88868 ] ] } },
{ "type": "Feature", "properties": { "ID": 99, "elev": 705.612 }, "geometry": { "type": "LineString", "coordinates": [ [ -80.378991, 37.88864 ], [ -80.378994, 37.888636 ], [ -80.378994, 37.888645 ], [ -80.378994, 37.888645 ], [ -80.378991, 37.88864 ] ] } },
{ "type": "Feature", "properties": { "ID": 100, "elev": 705.612 }, "geometry": { "type": "LineString", "coordinates": [ [ -80.379043, 37.888614 ], [ -80.379046, 37.888614 ], [ -80.379045, 37.888617 ], [ -80.379043, 37.888614 ] ] } },
{ "type": "Feature", "properties": { "ID": 101, "elev": 676.656 }, "geometry": { "type": "LineString", "coordinates": [ [ -80.380467, 37.888616 ], [ -80.380461, 37.888636 ], [ -80.380436, 37.888662 ], [ -80.380415, 37.888669 ], [ -80.380418, 37.888675 ], [ -80.380455, 37.888684 ], [ -80.380472, 37.8887 ], [ -80.380484, 37.888684 ], [ -80.380551, 37.888671 ], [ -80.380529, 37.888662 ], [ -80.380524, 37.888644 ], [ -80.38049, 37.888634 ], [ -80.380484, 37.888637 ], [ -80.380475, 37.888617 ], [ -80.380467, 37.888616 ] ] } },
{ "type": "Feature", "properties": { "ID": 102, "elev": 707.136 }, "geometry": { "type": "LineString", "coordinates": [ [ -80.378324, 37.888591 ], [ -80.378324, 37.888593 ], [ -80.378327, 37.888592 ], [ -80.378324, 37.888591 ] ] } },
{ "type": "Feature", "properties": { "ID": 103, "elev": 705.612 }, "geometry": { "type": "LineString", "coordinates": [ [ -80.379089, 37.888587 ], [ -80.379092, 37.888587 ], [ -80.379091, 37.888592 ], [ -80.379089, 37.888591 ], [ -80.379089, 37.888587 ] ] } },
{ "type": "Feature", "properties": { "ID": 104, "elev": 705.612 }, "geometry": { "type": "LineString", "coordinates": [ [ -80.37904, 37.888586 ], [ -80.37904, 37.888587 ], [ -80.37904, 37.888587 ], [ -80.37904, 37.888587 ], [ -80.37904, 37.888586 ] ] } },
{ "type": "Feature", "properties": { "ID": 105, "elev": 705.612 }, "geometry": { "type": "LineString", "coordinates": [ [ -80.37921, 37.888583 ], [ -80.379215, 37.888583 ], [ -80.379211, 37.888589 ], [ -80.37921, 37.888587 ], [ -80.37921, 37.888583 ] ] } },
{ "type": "Feature", "properties": { "ID": 106, "elev": 678.18 }, "geometry": { "type": "LineString", "coordinates": [ [ -80.380473, 37.888573 ], [ -80.380462, 37.888597 ], [ -80.380439, 37.888608 ], [ -80.380414, 37.888661 ], [ -80.380389, 37.88867 ], [ -80.380413, 37.888679 ], [ -80.380438, 37.888706 ], [ -80.380455, 37.888708 ], [ -80.380466, 37.888721 ], [ -80.380478, 37.888717 ], [ -80.380483, 37.888705 ], [ -80.380489, 37.888713 ], [ -80.380523, 37.888725 ], [ -80.380535, 37.888683 ], [ -80.380579, 37.888671 ], [ -80.380549, 37.888662 ], [ -80.380524, 37.888581 ], [ -80.38049, 37.888593 ], [ -80.380484, 37.8886 ], [ -80.380473, 37.888573 ] ] } },
{ "type": "Feature", "properties": { "ID": 107, "elev": 697.992 }, "geometry": { "type": "LineString", "coordinates": [ [ -80.379882, 37.88857 ], [ -80.379882, 37.888577 ], [ -80.379887, 37.888587 ], [ -80.379894, 37.888573 ], [ -80.379882, 37.88857 ] ] } },
{ "type": "Feature", "properties": { "ID": 108, "elev": 682.752 }, "geometry": { "type": "LineString", "coordinates": [ [ -80.380857, 37.888564 ], [ -80.380854, 37.888571 ] ] } },
{ "type": "Feature", "properties": { "ID": 109, "elev": 705.612 }, "geometry": { "type": "LineString", "coordinates": [ [ -80.379295, 37.888556 ], [ -80.379319, 37.888555 ], [ -80.379345, 37.888566 ], [ -80.379341, 37.888601 ], [ -80.37933, 37.88862 ], [ -80.379318, 37.888618 ], [ -80.379312, 37.888606 ], [ -80.379326, 37.88857 ], [ -80.379303, 37.888565 ], [ -80.379295, 37.888556 ] ] } },
{ "type": "Feature", "properties": { "ID": 110, "elev": 697.992 }, "geometry": { "type": "LineString", "coordinates": [ [ -80.379882, 37.888551 ], [ -80.379876, 37.888555 ], [ -80.379882, 37.888567 ], [ -80.379899, 37.888561 ], [ -80.379893, 37.888552 ], [ -80.379882, 37.888551 ] ] } },
{ "type": "Feature", "properties": { "ID": 111, "elev": 704.088 }, "geometry": { "type": "LineString", "coordinates": [ [ -80.379205, 37.88855 ], [ -80.379217, 37.888558 ], [ -80.379222, 37.888556 ], [ -80.379217, 37.888549 ], [ -80.379205, 37.88855 ] ] } },
{ "type": "Feature", "properties": { "ID": 112, "elev": 705.612 }, "geometry": { "type": "LineString", "coordinates": [ [ -80.379261, 37.888547 ], [ -80.379275, 37.888552 ], [ -80.379273, 37.888559 ], [ -80.379264, 37.888556 ], [ -80.379261, 37.888547 ] ] } },
{ "type": "Feature", "properties": { "ID": 113, "elev": 679.704 }, "geometry": { "type": "LineString", "coordinates": [ [ -80.38071, 37.888737 ], [ -80.380698, 37.888735 ], [ -80.380671, 37.888685 ], [ -80.380713, 37.888672 ], [ -80.380561, 37.888662 ], [ -80.380549, 37.888558 ], [ -80.380524, 37.88855 ], [ -80.380485, 37.888553 ], [ -80.380473, 37.888548 ], [ -80.380459, 37.888553 ], [ -80.380439, 37.888566 ], [ -80.380428, 37.888603 ], [ -80.380415, 37.888607 ], [ -80.380396, 37.888661 ], [ -80.38035, 37.88867 ], [ -80.380404, 37.888684 ], [ -80.380417, 37.888738 ], [ -80.380443, 37.888745 ], [ -80.380466, 37.888742 ], [ -80.380483, 37.88873 ], [ -80.380496, 37.888747 ], [ -80.380483, 37.888758 ], [ -80.380466, 37.888752 ], [ -80.380437, 37.888752 ], [ -80.380432, 37.888781 ], [ -80.380411, 37.888801 ], [ -80.380416, 37.888824 ], [ -80.38044, 37.888851 ], [ -80.380431, 37.888878 ], [ -80.380434, 37.888898 ] ] } },
{ "type": "Feature", "properties": { "ID": 114, "elev": 696.468 }, "geometry": { "type": "LineString", "coordinates": [ [ -80.379927, 37.888545 ], [ -80.379927, 37.888546 ], [ -80.379927, 37.888547 ], [ -80.379928, 37.888546 ], [ -80.379927, 37.888545 ] ] } },
{ "type": "Feature", "properties": { "ID": 115, "elev": 699.516 }, "geometry": { "type": "LineString", "coordinates": [ [ -80.379955, 37.888542 ], [ -80.379956, 37.888542 ], [ -80.379956, 37.888543 ], [ -80.379955, 37.888542 ] ] } },
{ "type": "Feature", "properties": { "ID": 116, "elev": 699.516 }, "geometry": { "type": "LineString", "coordinates": [ [ -80.379978, 37.888533 ], [ -80.379979, 37.888532 ], [ -80.379986, 37.888537 ], [ -80.379979, 37.888539 ], [ -80.379978, 37.888533 ] ] } },
{ "type": "Feature", "properties": { "ID": 117, "elev": 681.228 }, "geometry": { "type": "LineString", "coordinates": [ [ -80.380771, 37.888667 ], [ -80.380661, 37.888663 ], [ -80.380611, 37.888595 ], [ -80.380604, 37.888591 ], [ -80.380598, 37.88861 ], [ -80.380592, 37.888609 ], [ -80.380558, 37.888578 ], [ -80.380556, 37.888554 ], [ -80.380547, 37.888544 ], [ -80.38053, 37.888538 ], [ -80.380448, 37.888535 ], [ -80.380434, 37.888526 ], [ -80.380418, 37.888531 ], [ -80.380395, 37.888553 ], [ -80.380411, 37.888574 ], [ -80.380405, 37.888603 ], [ -80.380365, 37.888612 ], [ -80.380355, 37.888661 ], [ -80.380306, 37.88867 ], [ -80.380362, 37.888684 ], [ -80.38037, 37.888714 ], [ -80.380357, 37.88872 ], [ -80.38037, 37.888738 ], [ -80.38041, 37.888752 ], [ -80.380397, 37.888787 ], [ -80.380373, 37.888801 ], [ -80.380369, 37.88881 ], [ -80.38038, 37.888841 ], [ -80.380425, 37.888845 ], [ -80.380432, 37.888851 ], [ -80.380404, 37.888902 ] ] } },
{ "type": "Feature", "properties": { "ID": 118, "elev": 705.612 }, "geometry": { "type": "LineString", "coordinates": [ [ -80.378929, 37.8885 ], [ -80.378944, 37.888497 ], [ -80.378947, 37.8885 ], [ -80.378933, 37.888502 ], [ -80.378929, 37.8885 ] ] } },
{ "type": "Feature", "properties": { "ID": 119, "elev": 707.136 }, "geometry": { "type": "LineString", "coordinates": [ [ -80.378482, 37.888498 ], [ -80.378501, 37.888498 ], [ -80.378449, 37.88854 ], [ -80.378417, 37.888516 ], [ -80.378455, 37.888506 ], [ -80.378472, 37.888513 ], [ -80.378482, 37.888498 ] ] } },
{ "type": "Feature", "properties": { "ID": 120, "elev": 704.088 }, "geometry": { "type": "Point", "coordinates": [ -80.379166, 37.888497 ] } },
{ "type": "Feature", "properties": { "ID": 121, "elev": 705.612 }, "geometry": { "type": "LineString", "coordinates": [ [ -80.378878, 37.888496 ], [ -80.378886, 37.888496 ], [ -80.378889, 37.888509 ], [ -80.378876, 37.888516 ], [ -80.378862, 37.8885 ], [ -80.378878, 37.888496 ] ] } },
{ "type": "Feature", "properties": { "ID": 122, "elev": 705.612 }, "geometry": { "type": "LineString", "coordinates": [ [ -80.378818, 37.888491 ], [ -80.378825, 37.888488 ], [ -80.378834, 37.888491 ], [ -80.378825, 37.888493 ], [ -80.378818, 37.888491 ] ] } },
{ "type": "Feature", "properties": { "ID": 123, "elev": 707.136 }, "geometry": { "type": "LineString", "coordinates": [ [ -80.378414, 37.888489 ], [ -80.378421, 37.888486 ], [ -80.378425, 37.888489 ], [ -80.378421, 37.888491 ], [ -80.378414, 37.888489 ] ] } },
{ "type": "Feature", "properties": { "ID": 124, "elev": 704.088 }, "geometry": { "type": "LineString", "coordinates": [ [ -80.379103, 37.888488 ], [ -80.379098, 37.888488 ], [ -80.379097, 37.888492 ], [ -80.379109, 37.888492 ], [ -80.379103, 37.888488 ] ] } },
{ "type": "Feature", "properties": { "ID": 125, "elev": 707.136 }, "geometry": { "type": "LineString", "coordinates": [ [ -80.37785, 37.888496 ], [ -80.377892, 37.888479 ], [ -80.377989, 37.888465 ], [ -80.378012, 37.888467 ], [ -80.378023, 37.888461 ], [ -80.378063, 37.888471 ], [ -80.378177, 37.888482 ], [ -80.378228, 37.888498 ], [ -80.37825, 37.888516 ], [ -80.37829, 37.888505 ], [ -80.378318, 37.888517 ], [ -80.378337, 37.888533 ], [ -80.378333, 37.888547 ], [ -80.378347, 37.888545 ], [ -80.378353, 37.888556 ], [ -80.378358, 37.888583 ], [ -80.378345, 37.888623 ], [ -80.378329, 37.888638 ], [ -80.3783, 37.888644 ], [ -80.378277, 37.888659 ], [ -80.378291, 37.888668 ], [ -80.378296, 37.888686 ], [ -80.378247, 37.888704 ], [ -80.378243, 37.888718 ], [ -80.378226, 37.888723 ], [ -80.378209, 37.888718 ], [ -80.378192, 37.888734 ], [ -80.378157, 37.888744 ], [ -80.378146, 37.888757 ], [ -80.37814, 37.888752 ], [ -80.378131, 37.888785 ], [ -80.378111, 37.888801 ], [ -80.378066, 37.888812 ], [ -80.378054, 37.88883 ], [ -80.378014, 37.888836 ], [ -80.377974, 37.888876 ], [ -80.377963, 37.888878 ], [ -80.377943, 37.888866 ] ] } },
{ "type": "Feature", "properties": { "ID": 126, "elev": 707.136 }, "geometry": { "type": "LineString", "coordinates": [ [ -80.378427, 37.888439 ], [ -80.378433, 37.888437 ], [ -80.378472, 37.888469 ], [ -80.378478, 37.888488 ], [ -80.378443, 37.888489 ], [ -80.378433, 37.888475 ], [ -80.378439, 37.888462 ], [ -80.378425, 37.888453 ], [ -80.378427, 37.888439 ] ] } },
{ "type": "Feature", "properties": { "ID": 127, "elev": 702.564 }, "geometry": { "type": "LineString", "coordinates": [ [ -80.378842, 37.888431 ], [ -80.378841, 37.888437 ], [ -80.37885, 37.888437 ], [ -80.378848, 37.888434 ], [ -80.378842, 37.888431 ] ] } },
{ "type": "Feature", "properties": { "ID": 128, "elev": 694.944 }, "geometry": { "type": "LineString", "coordinates": [ [ -80.380819, 37.888438 ], [ -80.380821, 37.888436 ], [ -80.380825, 37.888438 ], [ -80.380821, 37.88844 ], [ -80.380819, 37.888438 ] ] } },
{ "type": "Feature", "properties": { "ID": 129, "elev": 693.42 }, "geometry": { "type": "LineString", "coordinates": [ [ -80.380949, 37.888459 ], [ -80.380895, 37.888454 ], [ -80.380886, 37.888439 ], [ -80.380901, 37.888433 ], [ -80.380972, 37.888434 ] ] } },
{ "type": "Feature", "properties": { "ID": 130, "elev": 697.992 }, "geometry": { "type": "LineString", "coordinates": [ [ -80.380019, 37.888425 ], [ -80.380019, 37.888425 ], [ -80.380019, 37.888427 ], [ -80.38002, 37.888425 ], [ -80.380019, 37.888425 ] ] } },
{ "type": "Feature", "properties": { "ID": 131, "elev": 707.136 }, "geometry": { "type": "LineString", "coordinates": [ [ -80.378425, 37.888408 ], [ -80.378427, 37.888406 ], [ -80.37843, 37.888408 ], [ -80.378427, 37.88841 ], [ -80.378425, 37.888408 ] ] } },
{ "type": "Feature", "properties": { "ID": 132, "elev": 682.752 }, "geometry": { "type": "LineString", "coordinates": [ [ -80.380794, 37.888639 ], [ -80.380774, 37.888623 ], [ -80.380768, 37.888636 ], [ -80.380757, 37.88864 ], [ -80.380751, 37.888662 ], [ -80.380744, 37.888663 ], [ -80.380684, 37.888595 ], [ -80.380631, 37.88855 ], [ -80.380559, 37.888551 ], [ -80.380548, 37.888531 ], [ -80.38055, 37.888486 ], [ -80.380558, 37.888455 ], [ -80.380583, 37.888428 ], [ -80.38056, 37.888411 ], [ -80.380543, 37.888411 ], [ -80.380513, 37.888432 ], [ -80.380514, 37.888491 ], [ -80.380508, 37.888521 ], [ -80.380491, 37.888515 ], [ -80.380485, 37.888518 ], [ -80.380474, 37.888475 ], [ -80.380423, 37.888492 ], [ -80.380405, 37.888527 ], [ -80.38037, 37.888544 ], [ -80.380366, 37.888589 ], [ -80.380341, 37.888625 ], [ -80.380313, 37.888658 ], [ -80.380289, 37.888674 ], [ -80.380297, 37.888683 ], [ -80.380293, 37.888715 ], [ -80.380312, 37.888737 ], [ -80.380361, 37.888751 ], [ -80.380351, 37.888792 ], [ -80.38033, 37.888801 ], [ -80.380324, 37.888828 ], [ -80.38033, 37.888841 ], [ -80.380357, 37.88885 ], [ -80.380306, 37.888864 ], [ -80.380297, 37.888877 ], [ -80.380277, 37.888886 ], [ -80.380271, 37.888904 ], [ -80.380232, 37.888894 ], [ -80.380205, 37.888915 ] ] } },
{ "type": "Feature", "properties": { "ID": 133, "elev": 701.04 }, "geometry": { "type": "LineString", "coordinates": [ [ -80.378885, 37.888392 ], [ -80.378888, 37.88839 ], [ -80.378891, 37.888392 ], [ -80.378888, 37.888395 ], [ -80.378885, 37.888392 ] ] } },
{ "type": "Feature", "properties": { "ID": 134, "elev": 684.276 }, "geometry": { "type": "LineString", "coordinates": [ [ -80.380868, 37.888554 ], [ -80.380849, 37.88854 ], [ -80.380832, 37.888536 ], [ -80.380826, 37.888559 ], [ -80.38082, 37.888559 ], [ -80.380803, 37.88853 ], [ -80.380781, 37.888521 ], [ -80.380758, 37.88853 ], [ -80.380746, 37.888558 ], [ -80.380712, 37.888539 ], [ -80.380587, 37.888545 ], [ -80.38062, 37.888428 ], [ -80.380591, 37.888423 ], [ -80.380585, 37.888405 ], [ -80.380554, 37.888391 ], [ -80.380537, 37.888391 ], [ -80.380511, 37.888423 ], [ -80.380444, 37.888432 ], [ -80.380417, 37.888461 ], [ -80.380405, 37.888505 ], [ -80.380334, 37.888548 ], [ -80.380318, 37.888593 ], [ -80.380304, 37.888611 ], [ -80.380303, 37.888656 ], [ -80.380274, 37.88867 ], [ -80.380283, 37.888679 ], [ -80.380272, 37.888701 ], [ -80.380276, 37.888742 ], [ -80.380299, 37.888751 ], [ -80.380303, 37.888787 ], [ -80.380285, 37.8888 ], [ -80.380282, 37.888845 ], [ -80.380272, 37.888851 ], [ -80.380237, 37.888845 ], [ -80.380236, 37.888854 ], [ -80.38022, 37.888861 ], [ -80.380209, 37.888886 ], [ -80.380167, 37.888919 ] ] } },
{ "type": "Feature", "properties": { "ID": 135, "elev": 701.04 }, "geometry": { "type": "LineString", "coordinates": [ [ -80.380145, 37.888381 ], [ -80.380162, 37.888379 ], [ -80.380188, 37.888412 ], [ -80.380173, 37.888421 ], [ -80.380161, 37.88844 ], [ -80.380133, 37.888419 ], [ -80.38011, 37.88842 ], [ -80.380101, 37.88843 ], [ -80.380107, 37.888443 ], [ -80.380119, 37.888453 ], [ -80.380104, 37.888462 ], [ -80.380072, 37.888439 ], [ -80.380082, 37.888432 ], [ -80.380093, 37.888439 ], [ -80.380103, 37.888434 ], [ -80.380097, 37.88843 ], [ -80.380101, 37.888412 ], [ -80.380115, 37.888407 ], [ -80.380145, 37.888381 ] ] } },
{ "type": "Feature", "properties": { "ID": 136, "elev": 705.612 }, "geometry": { "type": "LineString", "coordinates": [ [ -80.377839, 37.888439 ], [ -80.377904, 37.888415 ], [ -80.377961, 37.888414 ], [ -80.378064, 37.888401 ], [ -80.378092, 37.888408 ], [ -80.378166, 37.888401 ], [ -80.378211, 37.888407 ], [ -80.378234, 37.888418 ], [ -80.378319, 37.888443 ], [ -80.378357, 37.888434 ], [ -80.378371, 37.888378 ], [ -80.378405, 37.888367 ], [ -80.378422, 37.888373 ], [ -80.378461, 37.888424 ], [ -80.378473, 37.888417 ], [ -80.378512, 37.888438 ], [ -80.378518, 37.888449 ], [ -80.378598, 37.888469 ], [ -80.378619, 37.888485 ], [ -80.378625, 37.888499 ], [ -80.378728, 37.888474 ], [ -80.378774, 37.888478 ], [ -80.378777, 37.888491 ], [ -80.378791, 37.888497 ], [ -80.378836, 37.888507 ], [ -80.378864, 37.888517 ], [ -80.378874, 37.888527 ], [ -80.378904, 37.888532 ], [ -80.378932, 37.888546 ], [ -80.378955, 37.888543 ], [ -80.379006, 37.888578 ], [ -80.379029, 37.888573 ], [ -80.379056, 37.888587 ], [ -80.379034, 37.888595 ], [ -80.379022, 37.888591 ], [ -80.379012, 37.888613 ], [ -80.379017, 37.888621 ], [ -80.37904, 37.88862 ], [ -80.379057, 37.888655 ], [ -80.379034, 37.888654 ], [ -80.379037, 37.888668 ], [ -80.379028, 37.888678 ], [ -80.379015, 37.888654 ], [ -80.379033, 37.888641 ], [ -80.379006, 37.888629 ], [ -80.378983, 37.888634 ], [ -80.378979, 37.88864 ], [ -80.378988, 37.888652 ], [ -80.378978, 37.888654 ], [ -80.378983, 37.88866 ], [ -80.378988, 37.888655 ], [ -80.379, 37.888667 ], [ -80.378985, 37.888672 ], [ -80.378979, 37.888681 ], [ -80.378979, 37.888699 ], [ -80.378942, 37.888696 ], [ -80.378908, 37.888714 ], [ -80.378872, 37.888707 ], [ -80.378872, 37.888761 ], [ -80.378862, 37.88878 ], [ -80.378847, 37.888748 ], [ -80.378828, 37.888741 ], [ -80.378749, 37.888749 ], [ -80.378678, 37.888729 ], [ -80.378683, 37.888724 ], [ -80.378652, 37.888725 ], [ -80.378618, 37.888714 ], [ -80.378607, 37.888719 ], [ -80.378578, 37.888715 ], [ -80.378508, 37.888728 ], [ -80.37851, 37.888733 ], [ -80.378584, 37.888732 ], [ -80.378601, 37.888746 ], [ -80.378605, 37.88876 ], [ -80.378589, 37.888764 ], [ -80.378584, 37.888778 ], [ -80.378566, 37.888791 ], [ -80.378532, 37.888787 ], [ -80.37851, 37.888776 ], [ -80.378458, 37.888775 ], [ -80.378419, 37.888743 ], [ -80.378362, 37.888744 ], [ -80.378339, 37.888737 ], [ -80.378299, 37.888763 ], [ -80.378259, 37.888775 ], [ -80.378237, 37.888794 ], [ -80.378241, 37.888803 ], [ -80.378231, 37.888801 ], [ -80.378224, 37.888812 ], [ -80.378168, 37.888847 ], [ -80.378169, 37.888857 ], [ -80.378151, 37.888862 ], [ -80.378139, 37.888876 ], [ -80.378122, 37.888872 ], [ -80.378099, 37.888884 ], [ -80.378025, 37.888903 ], [ -80.377985, 37.888897 ], [ -80.377959, 37.888903 ] ] } },
{ "type": "Feature", "properties": { "ID": 137, "elev": 685.8 }, "geometry": { "type": "LineString", "coordinates": [ [ -80.380869, 37.888553 ], [ -80.380809, 37.888508 ], [ -80.380735, 37.888529 ], [ -80.380695, 37.888533 ], [ -80.380657, 37.888437 ], [ -80.380661, 37.888428 ], [ -80.380609, 37.888419 ], [ -80.380604, 37.888388 ], [ -80.380584, 37.888378 ], [ -80.380554, 37.888371 ], [ -80.380518, 37.888387 ], [ -80.380486, 37.888418 ], [ -80.380421, 37.888427 ], [ -80.380406, 37.888477 ], [ -80.380341, 37.888521 ], [ -80.380331, 37.888535 ], [ -80.380308, 37.888541 ], [ -80.380298, 37.888589 ], [ -80.380265, 37.888611 ], [ -80.380265, 37.888661 ], [ -80.380257, 37.88867 ], [ -80.380275, 37.888683 ], [ -80.380254, 37.888715 ], [ -80.38025, 37.888737 ], [ -80.380271, 37.888751 ], [ -80.380267, 37.888789 ], [ -80.380259, 37.888791 ], [ -80.380244, 37.888773 ], [ -80.380221, 37.888797 ], [ -80.380209, 37.888854 ], [ -80.380198, 37.888854 ], [ -80.380153, 37.888903 ], [ -80.380129, 37.888914 ], [ -80.380106, 37.888908 ], [ -80.380097, 37.888912 ], [ -80.3801, 37.888928 ] ] } },
{ "type": "Feature", "properties": { "ID": 138, "elev": 693.42 }, "geometry": { "type": "LineString", "coordinates": [ [ -80.380939, 37.888367 ], [ -80.380947, 37.888367 ], [ -80.380947, 37.888378 ], [ -80.38094, 37.888376 ], [ -80.380939, 37.888367 ] ] } },
{ "type": "Feature", "properties": { "ID": 139, "elev": 699.516 }, "geometry": { "type": "LineString", "coordinates": [ [ -80.380143, 37.888358 ], [ -80.380162, 37.888359 ], [ -80.380173, 37.888385 ], [ -80.380192, 37.888403 ], [ -80.380217, 37.888413 ], [ -80.380173, 37.888445 ], [ -80.380167, 37.888458 ], [ -80.380142, 37.888462 ], [ -80.380127, 37.888491 ], [ -80.380104, 37.888502 ], [ -80.380093, 37.888489 ], [ -80.380036, 37.888486 ], [ -80.38003, 37.888467 ], [ -80.380013, 37.888456 ], [ -80.380039, 37.888439 ], [ -80.380029, 37.88843 ], [ -80.380031, 37.888413 ], [ -80.380094, 37.888407 ], [ -80.380143, 37.888358 ] ] } },
{ "type": "Feature", "properties": { "ID": 140, "elev": 693.42 }, "geometry": { "type": "LineString", "coordinates": [ [ -80.380008, 37.888353 ], [ -80.380009, 37.888352 ], [ -80.38001, 37.888353 ], [ -80.380009, 37.888353 ], [ -80.380008, 37.888353 ] ] } },
{ "type": "Feature", "properties": { "ID": 141, "elev": 687.324 }, "geometry": { "type": "LineString", "coordinates": [ [ -80.38087, 37.888553 ], [ -80.380758, 37.88846 ], [ -80.380747, 37.888475 ], [ -80.380704, 37.888429 ], [ -80.380641, 37.888419 ], [ -80.38062, 37.888388 ], [ -80.380628, 37.88836 ], [ -80.380566, 37.888349 ], [ -80.380554, 37.888363 ], [ -80.380527, 37.888378 ], [ -80.380468, 37.888387 ], [ -80.380437, 37.888418 ], [ -80.380415, 37.888427 ], [ -80.380406, 37.888456 ], [ -80.380377, 37.888463 ], [ -80.38032, 37.888504 ], [ -80.380312, 37.888535 ], [ -80.380284, 37.888544 ], [ -80.380271, 37.888562 ], [ -80.380263, 37.888589 ], [ -80.380229, 37.888611 ], [ -80.380227, 37.888642 ], [ -80.380255, 37.888679 ], [ -80.380245, 37.888715 ], [ -80.380247, 37.888746 ], [ -80.38022, 37.888778 ], [ -80.380215, 37.888799 ], [ -80.380187, 37.888804 ], [ -80.380202, 37.888818 ], [ -80.380198, 37.888836 ], [ -80.380158, 37.888854 ], [ -80.380118, 37.888899 ], [ -80.380089, 37.888898 ], [ -80.380055, 37.888906 ], [ -80.380051, 37.888925 ], [ -80.380056, 37.888932 ] ] } },
{ "type": "Feature", "properties": { "ID": 142, "elev": 704.088 }, "geometry": { "type": "LineString", "coordinates": [ [ -80.377822, 37.888386 ], [ -80.377853, 37.888386 ], [ -80.377893, 37.888363 ], [ -80.377933, 37.888363 ], [ -80.377967, 37.888354 ], [ -80.378058, 37.888355 ], [ -80.378132, 37.888346 ], [ -80.378229, 37.888354 ], [ -80.378308, 37.888377 ], [ -80.378348, 37.888383 ], [ -80.378394, 37.888352 ], [ -80.378411, 37.888353 ], [ -80.378422, 37.888338 ], [ -80.378451, 37.888358 ], [ -80.378436, 37.888381 ], [ -80.378445, 37.888387 ], [ -80.37857, 37.888396 ], [ -80.378587, 37.888406 ], [ -80.378615, 37.888405 ], [ -80.378661, 37.888414 ], [ -80.37869, 37.888422 ], [ -80.378711, 37.888455 ], [ -80.378808, 37.888457 ], [ -80.378853, 37.888473 ], [ -80.37891, 37.888476 ], [ -80.378922, 37.888472 ], [ -80.378939, 37.888475 ], [ -80.378979, 37.888458 ], [ -80.379018, 37.888466 ], [ -80.379035, 37.888477 ], [ -80.379058, 37.888474 ], [ -80.379081, 37.888485 ], [ -80.379111, 37.888479 ], [ -80.379121, 37.888483 ], [ -80.379125, 37.888506 ], [ -80.379151, 37.888506 ], [ -80.379143, 37.888518 ], [ -80.379129, 37.888519 ], [ -80.379137, 37.888526 ], [ -80.379183, 37.888531 ], [ -80.379194, 37.888516 ], [ -80.379211, 37.888511 ], [ -80.379234, 37.888516 ], [ -80.379237, 37.888525 ], [ -80.379251, 37.88853 ], [ -80.379302, 37.888536 ], [ -80.379346, 37.888552 ], [ -80.379364, 37.888638 ], [ -80.379387, 37.888613 ], [ -80.379415, 37.888615 ], [ -80.379449, 37.888602 ], [ -80.379489, 37.888609 ], [ -80.379513, 37.888643 ], [ -80.379513, 37.88867 ], [ -80.379526, 37.888679 ], [ -80.379524, 37.888706 ], [ -80.379497, 37.88876 ], [ -80.379505, 37.888762 ], [ -80.379508, 37.888774 ], [ -80.379494, 37.888796 ], [ -80.379482, 37.888801 ], [ -80.379448, 37.888794 ], [ -80.379431, 37.888782 ], [ -80.379391, 37.888802 ], [ -80.379356, 37.888809 ], [ -80.379345, 37.888846 ], [ -80.379311, 37.888863 ], [ -80.379237, 37.888861 ], [ -80.379208, 37.888876 ], [ -80.379197, 37.88887 ], [ -80.37918, 37.888879 ], [ -80.379168, 37.888872 ], [ -80.37914, 37.888871 ], [ -80.379094, 37.888883 ], [ -80.379077, 37.888883 ], [ -80.379066, 37.888871 ], [ -80.379049, 37.888885 ], [ -80.379015, 37.888883 ], [ -80.379025, 37.888893 ], [ -80.378975, 37.888894 ], [ -80.378946, 37.888905 ], [ -80.378873, 37.888897 ], [ -80.378782, 37.888899 ], [ -80.378764, 37.888892 ], [ -80.378753, 37.888867 ], [ -80.378731, 37.88887 ], [ -80.378714, 37.888859 ], [ -80.378679, 37.88887 ], [ -80.378588, 37.888874 ], [ -80.378592, 37.888828 ], [ -80.378589, 37.888816 ], [ -80.378578, 37.888813 ], [ -80.37857, 37.888868 ], [ -80.378542, 37.888868 ], [ -80.378548, 37.888863 ], [ -80.378544, 37.888854 ], [ -80.378518, 37.888836 ], [ -80.378492, 37.88883 ], [ -80.378464, 37.888813 ], [ -80.378436, 37.888784 ], [ -80.37839, 37.888776 ], [ -80.378356, 37.88876 ], [ -80.378326, 37.888786 ], [ -80.378345, 37.888803 ], [ -80.378349, 37.888822 ], [ -80.378344, 37.88883 ], [ -80.378253, 37.888846 ], [ -80.378213, 37.888871 ], [ -80.378184, 37.8889 ], [ -80.378139, 37.888912 ], [ -80.378059, 37.888922 ], [ -80.378025, 37.888935 ], [ -80.377971, 37.888913 ] ] } },
{ "type": "Feature", "properties": { "ID": 143, "elev": 688.848 }, "geometry": { "type": "LineString", "coordinates": [ [ -80.380874, 37.88855 ], [ -80.380832, 37.888521 ], [ -80.380752, 37.888451 ], [ -80.380748, 37.888429 ], [ -80.380696, 37.888425 ], [ -80.380683, 37.888419 ], [ -80.38064, 37.88837 ], [ -80.38064, 37.888361 ], [ -80.380663, 37.888329 ], [ -80.380658, 37.888325 ], [ -80.380636, 37.888316 ], [ -80.380561, 37.888311 ], [ -80.380555, 37.88833 ], [ -80.380538, 37.888339 ], [ -80.380512, 37.888374 ], [ -80.380424, 37.888385 ], [ -80.380415, 37.888423 ], [ -80.380387, 37.888449 ], [ -80.38032, 37.888465 ], [ -80.380307, 37.888535 ], [ -80.380245, 37.888543 ], [ -80.380229, 37.888588 ], [ -80.380198, 37.888606 ], [ -80.380193, 37.888615 ], [ -80.380234, 37.88866 ], [ -80.380234, 37.888665 ], [ -80.380212, 37.888669 ], [ -80.380201, 37.888678 ], [ -80.380192, 37.888714 ], [ -80.380231, 37.888728 ], [ -80.380241, 37.888746 ], [ -80.38021, 37.888795 ], [ -80.380174, 37.8888 ], [ -80.380179, 37.888813 ], [ -80.380166, 37.88884 ], [ -80.380123, 37.888854 ], [ -80.380098, 37.888885 ], [ -80.380061, 37.888871 ], [ -80.380055, 37.888875 ], [ -80.380051, 37.888916 ], [ -80.380041, 37.888932 ] ] } },
{ "type": "Feature", "properties": { "ID": 144, "elev": 690.372 }, "geometry": { "type": "LineString", "coordinates": [ [ -80.381081, 37.888313 ], [ -80.381067, 37.888312 ], [ -80.381061, 37.888334 ] ] } },
{ "type": "Feature", "properties": { "ID": 145, "elev": 701.04 }, "geometry": { "type": "LineString", "coordinates": [ [ -80.378576, 37.888298 ], [ -80.378576, 37.888301 ], [ -80.378579, 37.8883 ], [ -80.378576, 37.888298 ] ] } },
{ "type": "Feature", "properties": { "ID": 146, "elev": 702.564 }, "geometry": { "type": "LineString", "coordinates": [ [ -80.37847, 37.8883 ], [ -80.37848, 37.888297 ], [ -80.378481, 37.8883 ], [ -80.378474, 37.888306 ], [ -80.378467, 37.888304 ], [ -80.37847, 37.8883 ] ] } },
{ "type": "Feature", "properties": { "ID": 147, "elev": 691.896 }, "geometry": { "type": "Point", "coordinates": [ -80.381038, 37.888309 ] } },
{ "type": "Feature", "properties": { "ID": 148, "elev": 702.564 }, "geometry": { "type": "LineString", "coordinates": [ [ -80.377806, 37.888323 ], [ -80.377843, 37.888311 ], [ -80.377911, 37.888303 ], [ -80.37803, 37.888305 ], [ -80.378138, 37.88829 ], [ -80.378213, 37.888294 ], [ -80.378269, 37.888305 ], [ -80.378312, 37.888321 ], [ -80.37836, 37.888328 ], [ -80.378377, 37.888319 ], [ -80.378405, 37.888316 ], [ -80.378415, 37.888304 ], [ -80.378428, 37.888301 ], [ -80.378468, 37.88831 ], [ -80.378485, 37.888328 ], [ -80.37853, 37.888332 ], [ -80.378627, 37.888353 ], [ -80.378661, 37.888375 ], [ -80.378684, 37.888367 ], [ -80.378755, 37.888382 ], [ -80.378781, 37.888414 ], [ -80.37878, 37.888428 ], [ -80.378848, 37.888421 ], [ -80.378865, 37.888422 ], [ -80.378888, 37.888433 ], [ -80.378905, 37.888428 ], [ -80.378967, 37.888435 ], [ -80.378979, 37.888428 ], [ -80.379007, 37.888433 ], [ -80.379024, 37.888426 ], [ -80.379036, 37.888433 ], [ -80.379033, 37.888447 ], [ -80.379052, 37.888461 ], [ -80.37907, 37.888462 ], [ -80.379081, 37.888453 ], [ -80.379092, 37.888466 ], [ -80.379109, 37.888461 ], [ -80.379132, 37.888464 ], [ -80.379176, 37.888475 ], [ -80.379183, 37.888483 ], [ -80.3792, 37.888478 ], [ -80.379202, 37.888461 ], [ -80.379217, 37.88845 ], [ -80.37925, 37.888461 ], [ -80.379246, 37.888468 ], [ -80.379234, 37.888468 ], [ -80.379234, 37.888476 ], [ -80.379257, 37.88847 ], [ -80.379297, 37.888484 ], [ -80.379314, 37.888482 ], [ -80.379354, 37.888501 ], [ -80.379376, 37.888503 ], [ -80.379383, 37.888512 ], [ -80.379379, 37.888521 ], [ -80.379402, 37.88853 ], [ -80.379546, 37.888552 ], [ -80.379597, 37.88858 ], [ -80.379631, 37.888608 ], [ -80.379656, 37.888639 ], [ -80.379648, 37.888658 ], [ -80.379671, 37.888659 ], [ -80.379693, 37.888671 ], [ -80.379693, 37.88868 ], [ -80.379673, 37.888703 ], [ -80.379721, 37.888738 ], [ -80.379736, 37.888766 ], [ -80.379777, 37.888784 ], [ -80.379789, 37.888815 ], [ -80.379809, 37.888793 ], [ -80.3798, 37.888775 ], [ -80.379804, 37.888771 ], [ -80.379818, 37.888774 ], [ -80.379829, 37.888766 ], [ -80.379835, 37.888771 ], [ -80.379836, 37.888785 ], [ -80.379821, 37.888793 ], [ -80.379844, 37.888821 ], [ -80.379823, 37.888849 ], [ -80.379805, 37.888859 ], [ -80.379777, 37.888866 ], [ -80.379743, 37.88886 ], [ -80.379724, 37.888865 ], [ -80.379727, 37.888892 ], [ -80.379705, 37.88891 ], [ -80.379703, 37.888953 ] ] } },
{ "type": "Feature", "properties": { "ID": 149, "elev": 691.896 }, "geometry": { "type": "LineString", "coordinates": [ [ -80.381092, 37.888297 ], [ -80.381061, 37.888299 ], [ -80.381058, 37.888334 ] ] } },
{ "type": "Feature", "properties": { "ID": 150, "elev": 694.944 }, "geometry": { "type": "LineString", "coordinates": [ [ -80.380294, 37.888292 ], [ -80.380293, 37.888309 ], [ -80.380299, 37.888313 ], [ -80.380302, 37.888305 ], [ -80.380294, 37.888292 ] ] } },
{ "type": "Feature", "properties": { "ID": 151, "elev": 702.564 }, "geometry": { "type": "LineString", "coordinates": [ [ -80.378388, 37.888272 ], [ -80.378389, 37.888272 ], [ -80.378392, 37.888272 ], [ -80.378389, 37.888274 ], [ -80.378388, 37.888272 ] ] } },
{ "type": "Feature", "properties": { "ID": 152, "elev": 697.992 }, "geometry": { "type": "LineString", "coordinates": [ [ -80.380866, 37.888276 ], [ -80.380869, 37.888276 ], [ -80.38087, 37.888285 ], [ -80.380866, 37.888285 ], [ -80.380866, 37.888276 ] ] } },
{ "type": "Feature", "properties": { "ID": 153, "elev": 696.468 }, "geometry": { "type": "LineString", "coordinates": [ [ -80.380282, 37.888269 ], [ -80.380283, 37.888269 ], [ -80.380282, 37.888269 ], [ -80.380282, 37.888269 ] ] } },
{ "type": "Feature", "properties": { "ID": 154, "elev": 690.372 }, "geometry": { "type": "LineString", "coordinates": [ [ -80.380882, 37.88854 ], [ -80.380871, 37.888531 ], [ -80.380832, 37.888519 ], [ -80.380787, 37.888481 ], [ -80.380755, 37.888451 ], [ -80.380753, 37.888428 ], [ -80.3807, 37.88842 ], [ -80.38068, 37.888368 ], [ -80.38066, 37.888347 ], [ -80.380679, 37.888311 ], [ -80.380587, 37.888302 ], [ -80.380561, 37.888291 ], [ -80.380555, 37.888264 ], [ -80.380533, 37.888264 ], [ -80.380515, 37.888332 ], [ -80.380469, 37.888349 ], [ -80.380459, 37.88836 ], [ -80.380466, 37.888373 ], [ -80.380416, 37.888382 ], [ -80.380412, 37.888423 ], [ -80.380378, 37.888428 ], [ -80.380348, 37.888449 ], [ -80.380315, 37.888457 ], [ -80.380302, 37.888535 ], [ -80.380221, 37.888539 ], [ -80.380199, 37.888552 ], [ -80.380192, 37.888588 ], [ -80.380174, 37.888606 ], [ -80.380179, 37.88862 ], [ -80.380159, 37.888678 ], [ -80.380144, 37.888692 ], [ -80.380148, 37.888719 ], [ -80.380185, 37.888728 ], [ -80.380193, 37.888744 ], [ -80.380211, 37.88875 ], [ -80.380195, 37.888777 ], [ -80.380155, 37.888804 ], [ -80.380137, 37.88884 ], [ -80.380101, 37.888847 ], [ -80.380073, 37.888867 ], [ -80.380056, 37.888867 ], [ -80.380037, 37.888932 ] ] } },
{ "type": "Feature", "properties": { "ID": 155, "elev": 701.04 }, "geometry": { "type": "LineString", "coordinates": [ [ -80.377877, 37.888251 ], [ -80.377876, 37.888256 ], [ -80.377886, 37.888256 ], [ -80.377884, 37.888251 ], [ -80.377877, 37.888251 ] ] } },
{ "type": "Feature", "properties": { "ID": 156, "elev": 701.04 }, "geometry": { "type": "LineString", "coordinates": [ [ -80.377843, 37.888241 ], [ -80.377836, 37.888251 ], [ -80.377843, 37.888254 ], [ -80.377852, 37.888247 ], [ -80.377843, 37.888241 ] ] } },
{ "type": "Feature", "properties": { "ID": 157, "elev": 697.992 }, "geometry": { "type": "LineString", "coordinates": [ [ -80.380817, 37.888253 ], [ -80.380834, 37.888249 ], [ -80.380846, 37.888254 ], [ -80.380845, 37.888282 ], [ -80.380835, 37.888276 ], [ -80.380834, 37.888269 ], [ -80.380828, 37.888289 ], [ -80.380813, 37.888285 ], [ -80.380817, 37.888253 ] ] } },
{ "type": "Feature", "properties": { "ID": 158, "elev": 701.04 }, "geometry": { "type": "LineString", "coordinates": [ [ -80.378196, 37.88824 ], [ -80.378201, 37.888237 ], [ -80.378205, 37.88824 ], [ -80.378201, 37.888243 ], [ -80.378196, 37.88824 ] ] } },
{ "type": "Feature", "properties": { "ID": 159, "elev": 690.372 }, "geometry": { "type": "LineString", "coordinates": [ [ -80.380169, 37.888231 ], [ -80.380163, 37.888236 ], [ -80.380169, 37.888242 ], [ -80.380176, 37.888232 ], [ -80.380169, 37.888231 ] ] } },
{ "type": "Feature", "properties": { "ID": 160, "elev": 697.992 }, "geometry": { "type": "LineString", "coordinates": [ [ -80.380821, 37.888235 ], [ -80.380834, 37.888233 ], [ -80.380839, 37.88824 ], [ -80.380834, 37.888249 ], [ -80.380821, 37.888235 ] ] } },
{ "type": "Feature", "properties": { "ID": 161, "elev": 702.564 }, "geometry": { "type": "LineString", "coordinates": [ [ -80.377886, 37.88822 ], [ -80.377889, 37.888216 ], [ -80.377894, 37.88822 ], [ -80.377889, 37.888226 ], [ -80.377886, 37.88822 ] ] } },
{ "type": "Feature", "properties": { "ID": 162, "elev": 694.944 }, "geometry": { "type": "LineString", "coordinates": [ [ -80.381047, 37.888232 ], [ -80.38105, 37.888228 ], [ -80.381056, 37.888236 ], [ -80.38105, 37.88825 ], [ -80.381056, 37.888255 ], [ -80.381057, 37.888286 ], [ -80.38105, 37.888292 ], [ -80.381042, 37.888286 ], [ -80.381047, 37.888232 ] ] } },
{ "type": "Feature", "properties": { "ID": 163, "elev": 697.992 }, "geometry": { "type": "LineString", "coordinates": [ [ -80.380776, 37.888231 ], [ -80.380788, 37.888235 ], [ -80.380783, 37.888258 ], [ -80.380803, 37.888289 ], [ -80.380779, 37.888294 ], [ -80.380767, 37.888307 ], [ -80.380743, 37.888308 ], [ -80.380728, 37.888262 ], [ -80.380749, 37.888256 ], [ -80.380776, 37.888231 ] ] } },
{ "type": "Feature", "properties": { "ID": 164, "elev": 696.468 }, "geometry": { "type": "LineString", "coordinates": [ [ -80.380833, 37.888213 ], [ -80.38084, 37.88821 ], [ -80.380863, 37.888228 ], [ -80.380964, 37.888236 ], [ -80.38093, 37.88825 ], [ -80.380962, 37.888254 ], [ -80.380984, 37.888281 ], [ -80.380999, 37.88828 ], [ -80.381005, 37.88829 ], [ -80.380987, 37.888287 ], [ -80.380862, 37.888295 ], [ -80.380851, 37.888291 ], [ -80.380834, 37.888298 ], [ -80.380837, 37.888308 ], [ -80.380822, 37.888323 ], [ -80.380805, 37.888315 ], [ -80.380782, 37.888321 ], [ -80.380765, 37.888333 ], [ -80.380742, 37.888333 ], [ -80.380708, 37.888284 ], [ -80.38072, 37.888258 ], [ -80.380777, 37.888214 ], [ -80.380812, 37.888221 ], [ -80.380833, 37.888213 ] ] } },
{ "type": "Feature", "properties": { "ID": 165, "elev": 702.564 }, "geometry": { "type": "LineString", "coordinates": [ [ -80.377918, 37.888198 ], [ -80.377929, 37.888193 ], [ -80.377932, 37.888198 ], [ -80.377929, 37.8882 ], [ -80.377918, 37.888198 ] ] } },
{ "type": "Feature", "properties": { "ID": 166, "elev": 702.564 }, "geometry": { "type": "LineString", "coordinates": [ [ -80.377896, 37.888188 ], [ -80.377906, 37.888187 ], [ -80.377912, 37.888193 ], [ -80.3779, 37.888207 ], [ -80.377895, 37.888203 ], [ -80.3779, 37.888197 ], [ -80.377896, 37.888188 ] ] } },
{ "type": "Feature", "properties": { "ID": 167, "elev": 693.42 }, "geometry": { "type": "LineString", "coordinates": [ [ -80.380948, 37.888198 ], [ -80.380944, 37.8882 ], [ -80.380956, 37.8882 ], [ -80.380954, 37.888197 ], [ -80.380948, 37.888198 ] ] } },
{ "type": "Feature", "properties": { "ID": 168, "elev": 694.944 }, "geometry": { "type": "LineString", "coordinates": [ [ -80.380832, 37.88819 ], [ -80.38084, 37.888187 ], [ -80.380857, 37.888207 ], [ -80.380874, 37.888205 ], [ -80.380902, 37.888226 ], [ -80.380942, 37.888218 ], [ -80.380999, 37.888229 ], [ -80.381004, 37.888272 ], [ -80.381019, 37.888291 ], [ -80.38102, 37.888304 ], [ -80.380987, 37.888308 ], [ -80.380976, 37.888298 ], [ -80.380896, 37.888311 ], [ -80.380851, 37.888309 ], [ -80.380845, 37.888351 ], [ -80.380827, 37.88838 ], [ -80.380822, 37.888382 ], [ -80.380805, 37.888367 ], [ -80.380782, 37.888362 ], [ -80.380765, 37.888371 ], [ -80.380748, 37.88837 ], [ -80.380736, 37.88836 ], [ -80.380727, 37.888325 ], [ -80.380714, 37.888311 ], [ -80.380697, 37.888304 ], [ -80.380694, 37.88828 ], [ -80.380722, 37.888239 ], [ -80.380764, 37.888217 ], [ -80.380778, 37.888194 ], [ -80.380817, 37.888198 ], [ -80.380832, 37.88819 ] ] } },
{ "type": "Feature", "properties": { "ID": 169, "elev": 694.944 }, "geometry": { "type": "LineString", "coordinates": [ [ -80.380281, 37.888179 ], [ -80.380299, 37.888188 ], [ -80.380283, 37.888198 ], [ -80.380277, 37.888192 ], [ -80.380281, 37.888179 ] ] } },
{ "type": "Feature", "properties": { "ID": 170, "elev": 701.04 }, "geometry": { "type": "LineString", "coordinates": [ [ -80.377939, 37.888157 ], [ -80.377941, 37.888156 ], [ -80.377941, 37.888157 ], [ -80.377941, 37.888157 ], [ -80.377939, 37.888157 ] ] } },
{ "type": "Feature", "properties": { "ID": 171, "elev": 693.42 }, "geometry": { "type": "LineString", "coordinates": [ [ -80.381095, 37.888293 ], [ -80.38109, 37.888288 ], [ -80.381061, 37.888291 ], [ -80.38105, 37.888307 ], [ -80.381038, 37.888294 ], [ -80.381024, 37.888295 ], [ -80.381039, 37.888322 ], [ -80.381032, 37.888345 ], [ -80.380964, 37.888342 ], [ -80.38096, 37.888322 ], [ -80.380924, 37.888325 ], [ -80.380935, 37.888358 ], [ -80.380907, 37.888359 ], [ -80.380901, 37.888369 ], [ -80.380856, 37.888378 ], [ -80.38085, 37.888386 ], [ -80.380843, 37.888425 ], [ -80.380855, 37.888438 ], [ -80.380843, 37.888491 ], [ -80.380832, 37.888501 ], [ -80.380821, 37.888502 ], [ -80.380758, 37.888447 ], [ -80.380764, 37.888429 ], [ -80.380803, 37.888429 ], [ -80.380802, 37.888425 ], [ -80.380782, 37.888412 ], [ -80.380764, 37.888418 ], [ -80.380742, 37.888411 ], [ -80.380725, 37.888353 ], [ -80.380691, 37.888325 ], [ -80.380692, 37.888293 ], [ -80.380654, 37.888284 ], [ -80.380656, 37.888271 ], [ -80.380642, 37.888262 ], [ -80.380692, 37.888256 ], [ -80.380721, 37.888227 ], [ -80.38076, 37.888207 ], [ -80.380778, 37.888174 ], [ -80.380812, 37.888175 ], [ -80.38084, 37.888165 ], [ -80.380857, 37.888184 ], [ -80.380897, 37.888164 ], [ -80.38096, 37.888194 ], [ -80.380988, 37.88818 ], [ -80.381011, 37.888182 ], [ -80.381034, 37.888176 ], [ -80.381051, 37.888163 ], [ -80.381062, 37.888174 ], [ -80.381102, 37.888185 ], [ -80.38109, 37.888232 ], [ -80.381065, 37.888246 ], [ -80.381067, 37.888251 ], [ -80.381101, 37.888235 ], [ -80.381116, 37.888237 ], [ -80.381097, 37.88825 ], [ -80.381104, 37.888255 ], [ -80.3811, 37.888289 ] ] } },
{ "type": "Feature", "properties": { "ID": 172, "elev": 697.992 }, "geometry": { "type": "LineString", "coordinates": [ [ -80.37814, 37.888135 ], [ -80.37814, 37.888136 ], [ -80.378144, 37.888136 ], [ -80.37814, 37.888135 ] ] } },
{ "type": "Feature", "properties": { "ID": 173, "elev": 697.992 }, "geometry": { "type": "LineString", "coordinates": [ [ -80.378145, 37.88813 ], [ -80.378143, 37.888131 ], [ -80.378145, 37.888135 ], [ -80.378151, 37.888131 ], [ -80.378145, 37.88813 ] ] } },
{ "type": "Feature", "properties": { "ID": 174, "elev": 699.516 }, "geometry": { "type": "LineString", "coordinates": [ [ -80.378434, 37.888133 ], [ -80.37844, 37.888137 ], [ -80.37843, 37.888143 ], [ -80.378428, 37.888137 ], [ -80.378434, 37.888133 ] ] } },
{ "type": "Feature", "properties": { "ID": 175, "elev": 699.516 }, "geometry": { "type": "LineString", "coordinates": [ [ -80.378083, 37.888126 ], [ -80.378089, 37.888129 ], [ -80.378094, 37.888126 ], [ -80.378089, 37.888124 ], [ -80.378083, 37.888126 ] ] } },
{ "type": "Feature", "properties": { "ID": 176, "elev": 699.516 }, "geometry": { "type": "LineString", "coordinates": [ [ -80.377952, 37.888124 ], [ -80.377958, 37.888129 ], [ -80.377971, 37.888126 ], [ -80.377958, 37.888122 ], [ -80.377952, 37.888124 ] ] } },
{ "type": "Feature", "properties": { "ID": 177, "elev": 701.04 }, "geometry": { "type": "Point", "coordinates": [ -80.377861, 37.888125 ] } },
{ "type": "Feature", "properties": { "ID": 178, "elev": 699.516 }, "geometry": { "type": "LineString", "coordinates": [ [ -80.377975, 37.888114 ], [ -80.37797, 37.888121 ], [ -80.377975, 37.888125 ], [ -80.377981, 37.888117 ], [ -80.377975, 37.888114 ] ] } },
{ "type": "Feature", "properties": { "ID": 179, "elev": 691.896 }, "geometry": { "type": "LineString", "coordinates": [ [ -80.380926, 37.888487 ], [ -80.3809, 37.888488 ], [ -80.380838, 37.888506 ], [ -80.380815, 37.888502 ], [ -80.380757, 37.888451 ], [ -80.380757, 37.888429 ], [ -80.380736, 37.888424 ], [ -80.380725, 37.888391 ], [ -80.380691, 37.888363 ], [ -80.380678, 37.888325 ], [ -80.380686, 37.888297 ], [ -80.380595, 37.888288 ], [ -80.380583, 37.888284 ], [ -80.380567, 37.888258 ], [ -80.380613, 37.888252 ], [ -80.380628, 37.888248 ], [ -80.380624, 37.888239 ], [ -80.380633, 37.888234 ], [ -80.380669, 37.88823 ], [ -80.380692, 37.888208 ], [ -80.380715, 37.888199 ], [ -80.380721, 37.888187 ], [ -80.380761, 37.888185 ], [ -80.380772, 37.888162 ], [ -80.380806, 37.888147 ], [ -80.380846, 37.888142 ], [ -80.38088, 37.888152 ], [ -80.380937, 37.88815 ], [ -80.381011, 37.888163 ], [ -80.381035, 37.888151 ], [ -80.381048, 37.888128 ], [ -80.381057, 37.888125 ], [ -80.381062, 37.888157 ], [ -80.381091, 37.888174 ], [ -80.381145, 37.888183 ], [ -80.381141, 37.888213 ], [ -80.381167, 37.888212 ] ] } },
{ "type": "Feature", "properties": { "ID": 180, "elev": 701.04 }, "geometry": { "type": "LineString", "coordinates": [ [ -80.377992, 37.888108 ], [ -80.377991, 37.888108 ], [ -80.377992, 37.888109 ], [ -80.377992, 37.888108 ], [ -80.377992, 37.888108 ] ] } },
{ "type": "Feature", "properties": { "ID": 181, "elev": 690.372 }, "geometry": { "type": "LineString", "coordinates": [ [ -80.379636, 37.888101 ], [ -80.379634, 37.888108 ], [ -80.379641, 37.888111 ], [ -80.379645, 37.888103 ], [ -80.379636, 37.888101 ] ] } },
{ "type": "Feature", "properties": { "ID": 182, "elev": 688.848 }, "geometry": { "type": "LineString", "coordinates": [ [ -80.38108, 37.888096 ], [ -80.381073, 37.888102 ], [ -80.38108, 37.888106 ], [ -80.381081, 37.888102 ], [ -80.38108, 37.888096 ] ] } },
{ "type": "Feature", "properties": { "ID": 183, "elev": 688.848 }, "geometry": { "type": "LineString", "coordinates": [ [ -80.380682, 37.888085 ], [ -80.380678, 37.88809 ], [ -80.380708, 37.888122 ], [ -80.380721, 37.888124 ], [ -80.380746, 37.88814 ], [ -80.380761, 37.88814 ], [ -80.380761, 37.888124 ], [ -80.380755, 37.888127 ], [ -80.380739, 37.888115 ], [ -80.38071, 37.888082 ], [ -80.380682, 37.888085 ] ] } },
{ "type": "Feature", "properties": { "ID": 184, "elev": 697.992 }, "geometry": { "type": "LineString", "coordinates": [ [ -80.377936, 37.888069 ], [ -80.377925, 37.888089 ], [ -80.377941, 37.888108 ], [ -80.377957, 37.888099 ], [ -80.377948, 37.888076 ], [ -80.377936, 37.888069 ] ] } },
{ "type": "Feature", "properties": { "ID": 185, "elev": 701.04 }, "geometry": { "type": "LineString", "coordinates": [ [ -80.377762, 37.888143 ], [ -80.377827, 37.888124 ], [ -80.377839, 37.88813 ], [ -80.377844, 37.888148 ], [ -80.377861, 37.888141 ], [ -80.377872, 37.888146 ], [ -80.377891, 37.888134 ], [ -80.377879, 37.888125 ], [ -80.377881, 37.888121 ], [ -80.377907, 37.888114 ], [ -80.377924, 37.88813 ], [ -80.377907, 37.888152 ], [ -80.377912, 37.888165 ], [ -80.377923, 37.888169 ], [ -80.377952, 37.888167 ], [ -80.377949, 37.888153 ], [ -80.377969, 37.888156 ], [ -80.378015, 37.888132 ], [ -80.378026, 37.888135 ], [ -80.378028, 37.888131 ], [ -80.377992, 37.888121 ], [ -80.37798, 37.888103 ], [ -80.377989, 37.888094 ], [ -80.377987, 37.888089 ], [ -80.377999, 37.88809 ], [ -80.378015, 37.888079 ], [ -80.378038, 37.888089 ], [ -80.378048, 37.888072 ], [ -80.378066, 37.888067 ], [ -80.378069, 37.88809 ], [ -80.37808, 37.888104 ], [ -80.378065, 37.888135 ], [ -80.378078, 37.888149 ], [ -80.378044, 37.888171 ], [ -80.378051, 37.888189 ], [ -80.378048, 37.888203 ], [ -80.378036, 37.888207 ], [ -80.378025, 37.888222 ], [ -80.378011, 37.888221 ], [ -80.377988, 37.888234 ], [ -80.378014, 37.888247 ], [ -80.378036, 37.888244 ], [ -80.378048, 37.88825 ], [ -80.378105, 37.888243 ], [ -80.378184, 37.888247 ], [ -80.378264, 37.888237 ], [ -80.378326, 37.888265 ], [ -80.37834, 37.888258 ], [ -80.378335, 37.888249 ], [ -80.378341, 37.888245 ], [ -80.37836, 37.888258 ], [ -80.378395, 37.888249 ], [ -80.378412, 37.888257 ], [ -80.378447, 37.88825 ], [ -80.378457, 37.888236 ], [ -80.37848, 37.888235 ], [ -80.378499, 37.888246 ], [ -80.378491, 37.888264 ], [ -80.378497, 37.888271 ], [ -80.378542, 37.888277 ], [ -80.378559, 37.888287 ], [ -80.378571, 37.888283 ], [ -80.378712, 37.888327 ], [ -80.378809, 37.88835 ], [ -80.378849, 37.888367 ], [ -80.378871, 37.888393 ], [ -80.378896, 37.888401 ], [ -80.378911, 37.888403 ], [ -80.378939, 37.888392 ], [ -80.378951, 37.888401 ], [ -80.378985, 37.8884 ], [ -80.379047, 37.888412 ], [ -80.379057, 37.88842 ], [ -80.379081, 37.888418 ], [ -80.379127, 37.888429 ], [ -80.379138, 37.888415 ], [ -80.379149, 37.888431 ], [ -80.379162, 37.888429 ], [ -80.379167, 37.888416 ], [ -80.379189, 37.888423 ], [ -80.379218, 37.88842 ], [ -80.379274, 37.888454 ], [ -80.379439, 37.888469 ], [ -80.37957, 37.888497 ], [ -80.379649, 37.888543 ], [ -80.379717, 37.888595 ], [ -80.379745, 37.888588 ], [ -80.37975, 37.888604 ], [ -80.379739, 37.888612 ], [ -80.379732, 37.888608 ], [ -80.379765, 37.88864 ], [ -80.379767, 37.888653 ], [ -80.379791, 37.888672 ], [ -80.379824, 37.888679 ], [ -80.379869, 37.888699 ], [ -80.379883, 37.888717 ], [ -80.379887, 37.888731 ], [ -80.379874, 37.888753 ], [ -80.379869, 37.888798 ], [ -80.379878, 37.888807 ], [ -80.379875, 37.888821 ], [ -80.379842, 37.888839 ], [ -80.379805, 37.888881 ], [ -80.379761, 37.888897 ], [ -80.37974, 37.888924 ], [ -80.379708, 37.888931 ], [ -80.379711, 37.888953 ] ] } },
{ "type": "Feature", "properties": { "ID": 186, "elev": 690.372 }, "geometry": { "type": "LineString", "coordinates": [ [ -80.381125, 37.88807 ], [ -80.381128, 37.888075 ], [ -80.381125, 37.888128 ], [ -80.381091, 37.888102 ], [ -80.381125, 37.88807 ] ] } },
{ "type": "Feature", "properties": { "ID": 187, "elev": 696.468 }, "geometry": { "type": "LineString", "coordinates": [ [ -80.378419, 37.888055 ], [ -80.378417, 37.888056 ], [ -80.378419, 37.888062 ], [ -80.378421, 37.888061 ], [ -80.378419, 37.888055 ] ] } },
{ "type": "Feature", "properties": { "ID": 188, "elev": 697.992 }, "geometry": { "type": "LineString", "coordinates": [ [ -80.377949, 37.888054 ], [ -80.377953, 37.888052 ], [ -80.377956, 37.888054 ], [ -80.377953, 37.888054 ], [ -80.377949, 37.888054 ] ] } },
{ "type": "Feature", "properties": { "ID": 189, "elev": 697.992 }, "geometry": { "type": "LineString", "coordinates": [ [ -80.377913, 37.888053 ], [ -80.377906, 37.888067 ], [ -80.377919, 37.888072 ], [ -80.37793, 37.888062 ], [ -80.377913, 37.888053 ] ] } },
{ "type": "Feature", "properties": { "ID": 190, "elev": 687.324 }, "geometry": { "type": "LineString", "coordinates": [ [ -80.380466, 37.888061 ], [ -80.380455, 37.888066 ], [ -80.380424, 37.888071 ], [ -80.380466, 37.888077 ], [ -80.380471, 37.888071 ], [ -80.380466, 37.888061 ] ] } },
{ "type": "Feature", "properties": { "ID": 191, "elev": 696.468 }, "geometry": { "type": "LineString", "coordinates": [ [ -80.378381, 37.888051 ], [ -80.378385, 37.888048 ], [ -80.378385, 37.888055 ], [ -80.378381, 37.888051 ] ] } },
{ "type": "Feature", "properties": { "ID": 192, "elev": 687.324 }, "geometry": { "type": "LineString", "coordinates": [ [ -80.38129, 37.888069 ], [ -80.381274, 37.888056 ], [ -80.381266, 37.888089 ], [ -80.38123, 37.888098 ], [ -80.381214, 37.888116 ], [ -80.381203, 37.888143 ], [ -80.381182, 37.888147 ], [ -80.381204, 37.888168 ] ] } },
{ "type": "Feature", "properties": { "ID": 193, "elev": 690.372 }, "geometry": { "type": "LineString", "coordinates": [ [ -80.381148, 37.888052 ], [ -80.381148, 37.888052 ], [ -80.381148, 37.888055 ], [ -80.381148, 37.888052 ] ] } },
{ "type": "Feature", "properties": { "ID": 194, "elev": 691.896 }, "geometry": { "type": "LineString", "coordinates": [ [ -80.381012, 37.888047 ], [ -80.381017, 37.888052 ], [ -80.381012, 37.88806 ], [ -80.381008, 37.888056 ], [ -80.381012, 37.888047 ] ] } },
{ "type": "Feature", "properties": { "ID": 195, "elev": 687.324 }, "geometry": { "type": "LineString", "coordinates": [ [ -80.380273, 37.888033 ], [ -80.380271, 37.888034 ], [ -80.380273, 37.888039 ], [ -80.380276, 37.888034 ], [ -80.380273, 37.888033 ] ] } },
{ "type": "Feature", "properties": { "ID": 196, "elev": 687.324 }, "geometry": { "type": "LineString", "coordinates": [ [ -80.380256, 37.888034 ], [ -80.380244, 37.888037 ], [ -80.380232, 37.888043 ], [ -80.38025, 37.888049 ], [ -80.380263, 37.888039 ], [ -80.380256, 37.888034 ] ] } },
{ "type": "Feature", "properties": { "ID": 197, "elev": 688.848 }, "geometry": { "type": "LineString", "coordinates": [ [ -80.380355, 37.888035 ], [ -80.380392, 37.888032 ], [ -80.380398, 37.888046 ], [ -80.380409, 37.888045 ], [ -80.380414, 37.888053 ], [ -80.380392, 37.888065 ], [ -80.380335, 37.888056 ], [ -80.380335, 37.888042 ], [ -80.380355, 37.888035 ] ] } },
{ "type": "Feature", "properties": { "ID": 198, "elev": 699.516 }, "geometry": { "type": "LineString", "coordinates": [ [ -80.377756, 37.888119 ], [ -80.37785, 37.888111 ], [ -80.377913, 37.88808 ], [ -80.377928, 37.888103 ], [ -80.377927, 37.888112 ], [ -80.377941, 37.888119 ], [ -80.377958, 37.888118 ], [ -80.377977, 37.888076 ], [ -80.378002, 37.888063 ], [ -80.378021, 37.888027 ], [ -80.37805, 37.888019 ], [ -80.378065, 37.888027 ], [ -80.378062, 37.888045 ], [ -80.378072, 37.888053 ], [ -80.378095, 37.888056 ], [ -80.378107, 37.888031 ], [ -80.378135, 37.888039 ], [ -80.378135, 37.88805 ], [ -80.378115, 37.888068 ], [ -80.37814, 37.888069 ], [ -80.378166, 37.888091 ], [ -80.378151, 37.888107 ], [ -80.378129, 37.888087 ], [ -80.378124, 37.888127 ], [ -80.378097, 37.888153 ], [ -80.378098, 37.888176 ], [ -80.378077, 37.888199 ], [ -80.378111, 37.888191 ], [ -80.378122, 37.888195 ], [ -80.378145, 37.888186 ], [ -80.378242, 37.88819 ], [ -80.378276, 37.888185 ], [ -80.378287, 37.888177 ], [ -80.378316, 37.888186 ], [ -80.378361, 37.888183 ], [ -80.378378, 37.888155 ], [ -80.378412, 37.888172 ], [ -80.378457, 37.888133 ], [ -80.378504, 37.888134 ], [ -80.378523, 37.888151 ], [ -80.378509, 37.888168 ], [ -80.37849, 37.888169 ], [ -80.378498, 37.888173 ], [ -80.378509, 37.88817 ], [ -80.378515, 37.888177 ], [ -80.378514, 37.888201 ], [ -80.37852, 37.888206 ], [ -80.378566, 37.888207 ], [ -80.378588, 37.888218 ], [ -80.378617, 37.888223 ], [ -80.378651, 37.888246 ], [ -80.378679, 37.888253 ], [ -80.378758, 37.888286 ], [ -80.37884, 37.888311 ], [ -80.378929, 37.888329 ], [ -80.378952, 37.888352 ], [ -80.378952, 37.888365 ], [ -80.378979, 37.88837 ], [ -80.378991, 37.888377 ], [ -80.37903, 37.888374 ], [ -80.37907, 37.888384 ], [ -80.37911, 37.888384 ], [ -80.379121, 37.888377 ], [ -80.379207, 37.888386 ], [ -80.379224, 37.888381 ], [ -80.379235, 37.888388 ], [ -80.379241, 37.888406 ], [ -80.379349, 37.888418 ], [ -80.379462, 37.888421 ], [ -80.379612, 37.888463 ], [ -80.379723, 37.888527 ], [ -80.379762, 37.88856 ], [ -80.379791, 37.888573 ], [ -80.379802, 37.888569 ], [ -80.379808, 37.888585 ], [ -80.379819, 37.888584 ], [ -80.379831, 37.888573 ], [ -80.379845, 37.888582 ], [ -80.379849, 37.888595 ], [ -80.379839, 37.888609 ], [ -80.379886, 37.888623 ], [ -80.379886, 37.888659 ], [ -80.379892, 37.888667 ], [ -80.379909, 37.888666 ], [ -80.379943, 37.888681 ], [ -80.379966, 37.888703 ], [ -80.379965, 37.888718 ], [ -80.379931, 37.888731 ], [ -80.379946, 37.888758 ], [ -80.379926, 37.888756 ], [ -80.37992, 37.888747 ], [ -80.3799, 37.888767 ], [ -80.3799, 37.888776 ], [ -80.379919, 37.888785 ], [ -80.379915, 37.888803 ], [ -80.379866, 37.88883 ], [ -80.379822, 37.888868 ], [ -80.379809, 37.888893 ], [ -80.379779, 37.88891 ], [ -80.379773, 37.888924 ], [ -80.37972, 37.888933 ], [ -80.379725, 37.888953 ] ] } },
{ "type": "Feature", "properties": { "ID": 199, "elev": 688.848 }, "geometry": { "type": "LineString", "coordinates": [ [ -80.380244, 37.888007 ], [ -80.380252, 37.888012 ], [ -80.380245, 37.888024 ], [ -80.380223, 37.888016 ], [ -80.380228, 37.888011 ], [ -80.380239, 37.888014 ], [ -80.380244, 37.888007 ] ] } },
{ "type": "Feature", "properties": { "ID": 200, "elev": 688.848 }, "geometry": { "type": "LineString", "coordinates": [ [ -80.380202, 37.887998 ], [ -80.380211, 37.887995 ], [ -80.380225, 37.887998 ], [ -80.380211, 37.888012 ], [ -80.380202, 37.887998 ] ] } },
{ "type": "Feature", "properties": { "ID": 201, "elev": 697.992 }, "geometry": { "type": "LineString", "coordinates": [ [ -80.378061, 37.887986 ], [ -80.378057, 37.887991 ], [ -80.378061, 37.887992 ], [ -80.378063, 37.887991 ], [ -80.378061, 37.887986 ] ] } },
{ "type": "Feature", "properties": { "ID": 202, "elev": 687.324 }, "geometry": { "type": "LineString", "coordinates": [ [ -80.380506, 37.887994 ], [ -80.380487, 37.888008 ], [ -80.380506, 37.888023 ], [ -80.380512, 37.887999 ], [ -80.380506, 37.887994 ] ] } },
{ "type": "Feature", "properties": { "ID": 203, "elev": 685.8 }, "geometry": { "type": "LineString", "coordinates": [ [ -80.380791, 37.887989 ], [ -80.380771, 37.888005 ], [ -80.380796, 37.88802 ], [ -80.380809, 37.888001 ], [ -80.380796, 37.887987 ], [ -80.380791, 37.887989 ] ] } },
{ "type": "Feature", "properties": { "ID": 204, "elev": 688.848 }, "geometry": { "type": "LineString", "coordinates": [ [ -80.380228, 37.88798 ], [ -80.380242, 37.88798 ], [ -80.380251, 37.88799 ], [ -80.380228, 37.887995 ], [ -80.380228, 37.88798 ] ] } },
{ "type": "Feature", "properties": { "ID": 205, "elev": 688.848 }, "geometry": { "type": "LineString", "coordinates": [ [ -80.380598, 37.887968 ], [ -80.380594, 37.887968 ], [ -80.380598, 37.887969 ], [ -80.380598, 37.887968 ] ] } },
{ "type": "Feature", "properties": { "ID": 206, "elev": 691.896 }, "geometry": { "type": "LineString", "coordinates": [ [ -80.380842, 37.887961 ], [ -80.380848, 37.887962 ], [ -80.380853, 37.88797 ], [ -80.380836, 37.88797 ], [ -80.380832, 37.887965 ], [ -80.380842, 37.887961 ] ] } },
{ "type": "Feature", "properties": { "ID": 207, "elev": 687.324 }, "geometry": { "type": "LineString", "coordinates": [ [ -80.380763, 37.887955 ], [ -80.380753, 37.887969 ], [ -80.380756, 37.887983 ], [ -80.380764, 37.887987 ], [ -80.380747, 37.888005 ], [ -80.380762, 37.888016 ], [ -80.380801, 37.888085 ], [ -80.380818, 37.888093 ], [ -80.380864, 37.888101 ], [ -80.380887, 37.888095 ], [ -80.380895, 37.888087 ], [ -80.380901, 37.888065 ], [ -80.380865, 37.888028 ], [ -80.380857, 37.888028 ], [ -80.380848, 37.88806 ], [ -80.380807, 37.88806 ], [ -80.380808, 37.888025 ], [ -80.380836, 37.888006 ], [ -80.380791, 37.887965 ], [ -80.380785, 37.887979 ], [ -80.380768, 37.887986 ], [ -80.38077, 37.88796 ], [ -80.380763, 37.887955 ] ] } },
{ "type": "Feature", "properties": { "ID": 208, "elev": 690.372 }, "geometry": { "type": "LineString", "coordinates": [ [ -80.381245, 37.887958 ], [ -80.381252, 37.887956 ], [ -80.381265, 37.887967 ], [ -80.381262, 37.888028 ], [ -80.381221, 37.887985 ], [ -80.381223, 37.887977 ], [ -80.381245, 37.887958 ] ] } },
{ "type": "Feature", "properties": { "ID": 209, "elev": 697.992 }, "geometry": { "type": "LineString", "coordinates": [ [ -80.378112, 37.887942 ], [ -80.378113, 37.887942 ], [ -80.378116, 37.887942 ], [ -80.378113, 37.887942 ], [ -80.378112, 37.887942 ] ] } },
{ "type": "Feature", "properties": { "ID": 210, "elev": 688.848 }, "geometry": { "type": "LineString", "coordinates": [ [ -80.381357, 37.88799 ], [ -80.38132, 37.887982 ], [ -80.381314, 37.88799 ], [ -80.381302, 37.88799 ], [ -80.381292, 37.887954 ], [ -80.381278, 37.887954 ], [ -80.381268, 37.888047 ], [ -80.381251, 37.888042 ], [ -80.381205, 37.888065 ], [ -80.381171, 37.888093 ], [ -80.381171, 37.888138 ], [ -80.381141, 37.888147 ], [ -80.381157, 37.888165 ], [ -80.381196, 37.888177 ] ] } },
{ "type": "Feature", "properties": { "ID": 211, "elev": 697.992 }, "geometry": { "type": "LineString", "coordinates": [ [ -80.377712, 37.887948 ], [ -80.377777, 37.887964 ], [ -80.377806, 37.887964 ], [ -80.377826, 37.887976 ], [ -80.377837, 37.888053 ], [ -80.377849, 37.888062 ], [ -80.377832, 37.888084 ], [ -80.377833, 37.888099 ], [ -80.37785, 37.8881 ], [ -80.377869, 37.888094 ], [ -80.377873, 37.888076 ], [ -80.377889, 37.888067 ], [ -80.377882, 37.888049 ], [ -80.377902, 37.888039 ], [ -80.377947, 37.888064 ], [ -80.377986, 37.888045 ], [ -80.377972, 37.888027 ], [ -80.377998, 37.888009 ], [ -80.377976, 37.888014 ], [ -80.377965, 37.888011 ], [ -80.377966, 37.888022 ], [ -80.377942, 37.888036 ], [ -80.377937, 37.888022 ], [ -80.377922, 37.888008 ], [ -80.377948, 37.887988 ], [ -80.377992, 37.887968 ], [ -80.377996, 37.887964 ], [ -80.377985, 37.88795 ], [ -80.378005, 37.887932 ], [ -80.378011, 37.887947 ], [ -80.378028, 37.88793 ], [ -80.37805, 37.887966 ], [ -80.378078, 37.887955 ], [ -80.378079, 37.887947 ], [ -80.37809, 37.887967 ], [ -80.37813, 37.887953 ], [ -80.378172, 37.887969 ], [ -80.378174, 37.887983 ], [ -80.378158, 37.887989 ], [ -80.378157, 37.888001 ], [ -80.378186, 37.888013 ], [ -80.378195, 37.888032 ], [ -80.378178, 37.8881 ], [ -80.378151, 37.888131 ], [ -80.378168, 37.888131 ], [ -80.378191, 37.888122 ], [ -80.378208, 37.888131 ], [ -80.378248, 37.888125 ], [ -80.378259, 37.888115 ], [ -80.378276, 37.888117 ], [ -80.378328, 37.888092 ], [ -80.378345, 37.888093 ], [ -80.378356, 37.88811 ], [ -80.378363, 37.888105 ], [ -80.378363, 37.888092 ], [ -80.378385, 37.888081 ], [ -80.378419, 37.888084 ], [ -80.378427, 37.888106 ], [ -80.378436, 37.888111 ], [ -80.37847, 37.88811 ], [ -80.378498, 37.888118 ], [ -80.37851, 37.888112 ], [ -80.378543, 37.888142 ], [ -80.378572, 37.888138 ], [ -80.37864, 37.888171 ], [ -80.378676, 37.888197 ], [ -80.378765, 37.888225 ], [ -80.378827, 37.888252 ], [ -80.378957, 37.888285 ], [ -80.37902, 37.888287 ], [ -80.37904, 37.888298 ], [ -80.379054, 37.888319 ], [ -80.379051, 37.888334 ], [ -80.379076, 37.888343 ], [ -80.379127, 37.888346 ], [ -80.379162, 37.888342 ], [ -80.379207, 37.888352 ], [ -80.379212, 37.888349 ], [ -80.379196, 37.888326 ], [ -80.37923, 37.888316 ], [ -80.379258, 37.888333 ], [ -80.379269, 37.888354 ], [ -80.379326, 37.888363 ], [ -80.379468, 37.888367 ], [ -80.379593, 37.888399 ], [ -80.379706, 37.888452 ], [ -80.379831, 37.888556 ], [ -80.379853, 37.888558 ], [ -80.379865, 37.888538 ], [ -80.379882, 37.888528 ], [ -80.379914, 37.888551 ], [ -80.379933, 37.888579 ], [ -80.379943, 37.888573 ], [ -80.37994, 37.888542 ], [ -80.379953, 37.888519 ], [ -80.379946, 37.888506 ], [ -80.379965, 37.888479 ], [ -80.379961, 37.888456 ], [ -80.379985, 37.888447 ], [ -80.379985, 37.888425 ], [ -80.380003, 37.888411 ], [ -80.380075, 37.888403 ], [ -80.38013, 37.888367 ], [ -80.38014, 37.888335 ], [ -80.380145, 37.888332 ], [ -80.380162, 37.888339 ], [ -80.380173, 37.888363 ], [ -80.380209, 37.888372 ], [ -80.380203, 37.888385 ], [ -80.380208, 37.888399 ], [ -80.380261, 37.888413 ], [ -80.380241, 37.888422 ], [ -80.380218, 37.888453 ], [ -80.380173, 37.888458 ], [ -80.380161, 37.888481 ], [ -80.380144, 37.888484 ], [ -80.380127, 37.888531 ], [ -80.380104, 37.88854 ], [ -80.380092, 37.888537 ], [ -80.380018, 37.888551 ], [ -80.380049, 37.888556 ], [ -80.380049, 37.88856 ], [ -80.380017, 37.888587 ], [ -80.37998, 37.888596 ], [ -80.379971, 37.888695 ], [ -80.380008, 37.888718 ], [ -80.37998, 37.888727 ], [ -80.379981, 37.888776 ], [ -80.380017, 37.888773 ], [ -80.380034, 37.888739 ], [ -80.380045, 37.888747 ], [ -80.380068, 37.88879 ], [ -80.380033, 37.888818 ], [ -80.379988, 37.888796 ], [ -80.379965, 37.888795 ], [ -80.379917, 37.888807 ], [ -80.379891, 37.888826 ], [ -80.379874, 37.888829 ], [ -80.37986, 37.888848 ], [ -80.379832, 37.888866 ], [ -80.379812, 37.888897 ], [ -80.379793, 37.888906 ], [ -80.379794, 37.888915 ], [ -80.379787, 37.88891 ], [ -80.379783, 37.888924 ], [ -80.379743, 37.888933 ], [ -80.379741, 37.888949 ] ] } },
{ "type": "Feature", "properties": { "ID": 212, "elev": 688.848 }, "geometry": { "type": "LineString", "coordinates": [ [ -80.380744, 37.887942 ], [ -80.380746, 37.887941 ], [ -80.380747, 37.887942 ], [ -80.380746, 37.887943 ], [ -80.380744, 37.887942 ] ] } },
{ "type": "Feature", "properties": { "ID": 213, "elev": 691.896 }, "geometry": { "type": "LineString", "coordinates": [ [ -80.380834, 37.887943 ], [ -80.380842, 37.887939 ], [ -80.380849, 37.887943 ], [ -80.380837, 37.887948 ], [ -80.380834, 37.887943 ] ] } },
{ "type": "Feature", "properties": { "ID": 214, "elev": 690.372 }, "geometry": { "type": "LineString", "coordinates": [ [ -80.379204, 37.887929 ], [ -80.379207, 37.887943 ], [ -80.379199, 37.887945 ], [ -80.379193, 37.887943 ], [ -80.379195, 37.887934 ], [ -80.379204, 37.887929 ] ] } },
{ "type": "Feature", "properties": { "ID": 215, "elev": 687.324 }, "geometry": { "type": "LineString", "coordinates": [ [ -80.379506, 37.887924 ], [ -80.379502, 37.887927 ], [ -80.379512, 37.887932 ], [ -80.379527, 37.887927 ], [ -80.379506, 37.887924 ] ] } },
{ "type": "Feature", "properties": { "ID": 216, "elev": 687.324 }, "geometry": { "type": "LineString", "coordinates": [ [ -80.380262, 37.887926 ], [ -80.38026, 37.887926 ], [ -80.380267, 37.887926 ], [ -80.380262, 37.887926 ] ] } },
{ "type": "Feature", "properties": { "ID": 217, "elev": 688.848 }, "geometry": { "type": "LineString", "coordinates": [ [ -80.380746, 37.887927 ], [ -80.380732, 37.88796 ], [ -80.380717, 37.887964 ], [ -80.380724, 37.887987 ], [ -80.38072, 37.88801 ], [ -80.380739, 37.888017 ], [ -80.380745, 37.888036 ], [ -80.380768, 37.888068 ], [ -80.380767, 37.888085 ], [ -80.38075, 37.888084 ], [ -80.380744, 37.888089 ], [ -80.380773, 37.888087 ], [ -80.380801, 37.888102 ], [ -80.380847, 37.888111 ], [ -80.380864, 37.88812 ], [ -80.380942, 37.888105 ], [ -80.380967, 37.888087 ], [ -80.38098, 37.88807 ], [ -80.38093, 37.88806 ], [ -80.380898, 37.888035 ], [ -80.380893, 37.888023 ], [ -80.380849, 37.888015 ], [ -80.380824, 37.887983 ], [ -80.380774, 37.887944 ], [ -80.380763, 37.887938 ], [ -80.380751, 37.887941 ], [ -80.380746, 37.887927 ] ] } },
{ "type": "Feature", "properties": { "ID": 218, "elev": 697.992 }, "geometry": { "type": "LineString", "coordinates": [ [ -80.378021, 37.887914 ], [ -80.378022, 37.887913 ], [ -80.378026, 37.887914 ], [ -80.378022, 37.887916 ], [ -80.378021, 37.887914 ] ] } },
{ "type": "Feature", "properties": { "ID": 219, "elev": 691.896 }, "geometry": { "type": "LineString", "coordinates": [ [ -80.38106, 37.887926 ], [ -80.381076, 37.887924 ], [ -80.381088, 37.887944 ], [ -80.381064, 37.887971 ], [ -80.381057, 37.888074 ], [ -80.381026, 37.888056 ], [ -80.381036, 37.888016 ], [ -80.38103, 37.88797 ], [ -80.381018, 37.887968 ], [ -80.381007, 37.887974 ], [ -80.380956, 37.887966 ], [ -80.38099, 37.887947 ], [ -80.381052, 37.887939 ], [ -80.38106, 37.887926 ] ] } },
{ "type": "Feature", "properties": { "ID": 220, "elev": 691.896 }, "geometry": { "type": "LineString", "coordinates": [ [ -80.381132, 37.887926 ], [ -80.381132, 37.887926 ], [ -80.381133, 37.887926 ], [ -80.381132, 37.887926 ] ] } },
{ "type": "Feature", "properties": { "ID": 221, "elev": 693.42 }, "geometry": { "type": "LineString", "coordinates": [ [ -80.378494, 37.887912 ], [ -80.378493, 37.887912 ], [ -80.378496, 37.887912 ], [ -80.378494, 37.887912 ] ] } },
{ "type": "Feature", "properties": { "ID": 222, "elev": 691.896 }, "geometry": { "type": "LineString", "coordinates": [ [ -80.381155, 37.887922 ], [ -80.381167, 37.88792 ], [ -80.381175, 37.887931 ], [ -80.381172, 37.887942 ], [ -80.381152, 37.88794 ], [ -80.381155, 37.887922 ] ] } },
{ "type": "Feature", "properties": { "ID": 223, "elev": 687.324 }, "geometry": { "type": "LineString", "coordinates": [ [ -80.379597, 37.887906 ], [ -80.379594, 37.887909 ], [ -80.379598, 37.887909 ], [ -80.379597, 37.887906 ] ] } },
{ "type": "Feature", "properties": { "ID": 224, "elev": 690.372 }, "geometry": { "type": "LineString", "coordinates": [ [ -80.380563, 37.887914 ], [ -80.380598, 37.887919 ], [ -80.380609, 37.887932 ], [ -80.380615, 37.887926 ], [ -80.380643, 37.887929 ], [ -80.380684, 37.887915 ], [ -80.380688, 37.887969 ], [ -80.380699, 37.887996 ], [ -80.380691, 37.888018 ], [ -80.380693, 37.888045 ], [ -80.380699, 37.888047 ], [ -80.380711, 37.888037 ], [ -80.380732, 37.888064 ], [ -80.38071, 37.888073 ], [ -80.380644, 37.888063 ], [ -80.380672, 37.88805 ], [ -80.380612, 37.888018 ], [ -80.380619, 37.888005 ], [ -80.38062, 37.887977 ], [ -80.380614, 37.887973 ], [ -80.380622, 37.887946 ], [ -80.380609, 37.887932 ], [ -80.380612, 37.887941 ], [ -80.380598, 37.887958 ], [ -80.380563, 37.887966 ], [ -80.380546, 37.88798 ], [ -80.380536, 37.887977 ], [ -80.380535, 37.887963 ], [ -80.380516, 37.887959 ], [ -80.380523, 37.887918 ], [ -80.380541, 37.887928 ], [ -80.380558, 37.887923 ], [ -80.380563, 37.887914 ] ] } },
{ "type": "Feature", "properties": { "ID": 225, "elev": 690.372 }, "geometry": { "type": "LineString", "coordinates": [ [ -80.381415, 37.887925 ], [ -80.381425, 37.887914 ] ] } },
{ "type": "Feature", "properties": { "ID": 226, "elev": 688.848 }, "geometry": { "type": "LineString", "coordinates": [ [ -80.380757, 37.887909 ], [ -80.380754, 37.887911 ], [ -80.380757, 37.887912 ], [ -80.380757, 37.887909 ] ] } },
{ "type": "Feature", "properties": { "ID": 227, "elev": 690.372 }, "geometry": { "type": "LineString", "coordinates": [ [ -80.381013, 37.887912 ], [ -80.381013, 37.887919 ], [ -80.381019, 37.887918 ], [ -80.381019, 37.887908 ], [ -80.381013, 37.887912 ] ] } },
{ "type": "Feature", "properties": { "ID": 228, "elev": 696.468 }, "geometry": { "type": "Point", "coordinates": [ -80.378153, 37.887892 ] } },
{ "type": "Feature", "properties": { "ID": 229, "elev": 691.896 }, "geometry": { "type": "LineString", "coordinates": [ [ -80.380813, 37.887902 ], [ -80.38082, 37.8879 ], [ -80.380821, 37.887906 ], [ -80.380814, 37.887909 ], [ -80.380813, 37.887902 ] ] } },
{ "type": "Feature", "properties": { "ID": 230, "elev": 688.848 }, "geometry": { "type": "LineString", "coordinates": [ [ -80.380644, 37.887896 ], [ -80.380643, 37.887897 ], [ -80.380644, 37.887898 ], [ -80.380644, 37.887897 ], [ -80.380644, 37.887896 ] ] } },
{ "type": "Feature", "properties": { "ID": 231, "elev": 694.944 }, "geometry": { "type": "LineString", "coordinates": [ [ -80.378221, 37.887884 ], [ -80.378221, 37.887883 ], [ -80.378222, 37.887884 ], [ -80.378221, 37.887884 ], [ -80.378221, 37.887884 ] ] } },
{ "type": "Feature", "properties": { "ID": 232, "elev": 690.372 }, "geometry": { "type": "LineString", "coordinates": [ [ -80.381065, 37.887887 ], [ -80.381061, 37.88789 ], [ -80.381076, 37.887903 ], [ -80.381076, 37.887886 ], [ -80.381065, 37.887887 ] ] } },
{ "type": "Feature", "properties": { "ID": 233, "elev": 687.324 }, "geometry": { "type": "LineString", "coordinates": [ [ -80.38028, 37.887881 ], [ -80.380281, 37.887886 ], [ -80.38028, 37.887889 ], [ -80.380278, 37.887886 ], [ -80.38028, 37.887881 ] ] } },
{ "type": "Feature", "properties": { "ID": 234, "elev": 690.372 }, "geometry": { "type": "LineString", "coordinates": [ [ -80.380681, 37.88787 ], [ -80.380695, 37.887868 ], [ -80.380706, 37.887885 ], [ -80.380716, 37.887888 ], [ -80.380689, 37.887904 ], [ -80.380683, 37.887897 ], [ -80.380655, 37.887893 ], [ -80.380644, 37.887883 ], [ -80.380655, 37.887872 ], [ -80.380681, 37.88787 ] ] } },
{ "type": "Feature", "properties": { "ID": 235, "elev": 690.372 }, "geometry": { "type": "LineString", "coordinates": [ [ -80.38111, 37.887872 ], [ -80.381094, 37.88789 ], [ -80.381099, 37.887908 ], [ -80.38111, 37.887913 ], [ -80.381139, 37.887908 ], [ -80.381133, 37.887888 ], [ -80.38111, 37.887872 ] ] } },
{ "type": "Feature", "properties": { "ID": 236, "elev": 691.896 }, "geometry": { "type": "LineString", "coordinates": [ [ -80.380944, 37.887871 ], [ -80.380956, 37.887871 ], [ -80.380962, 37.887882 ], [ -80.380945, 37.887882 ], [ -80.380944, 37.887871 ] ] } },
{ "type": "Feature", "properties": { "ID": 237, "elev": 687.324 }, "geometry": { "type": "LineString", "coordinates": [ [ -80.380752, 37.887856 ], [ -80.380743, 37.887874 ], [ -80.380746, 37.88788 ], [ -80.380776, 37.887866 ], [ -80.380763, 37.887855 ], [ -80.380752, 37.887856 ] ] } },
{ "type": "Feature", "properties": { "ID": 238, "elev": 691.896 }, "geometry": { "type": "LineString", "coordinates": [ [ -80.380878, 37.887857 ], [ -80.380894, 37.887854 ], [ -80.380913, 37.887866 ], [ -80.380888, 37.887896 ], [ -80.380861, 37.887875 ], [ -80.380865, 37.887862 ], [ -80.380878, 37.887857 ] ] } },
{ "type": "Feature", "properties": { "ID": 239, "elev": 697.992 }, "geometry": { "type": "LineString", "coordinates": [ [ -80.37769, 37.887837 ], [ -80.377704, 37.887838 ], [ -80.377715, 37.887859 ], [ -80.377707, 37.887902 ] ] } },
{ "type": "Feature", "properties": { "ID": 240, "elev": 688.848 }, "geometry": { "type": "LineString", "coordinates": [ [ -80.3814, 37.887853 ], [ -80.381388, 37.887882 ], [ -80.381355, 37.887896 ], [ -80.381383, 37.887902 ], [ -80.3814, 37.887896 ], [ -80.381398, 37.887873 ], [ -80.381414, 37.887879 ] ] } },
{ "type": "Feature", "properties": { "ID": 241, "elev": 696.468 }, "geometry": { "type": "LineString", "coordinates": [ [ -80.378152, 37.887838 ], [ -80.378163, 37.887843 ], [ -80.378164, 37.887852 ], [ -80.378155, 37.887861 ], [ -80.378142, 37.887861 ], [ -80.378143, 37.887843 ], [ -80.378152, 37.887838 ] ] } },
{ "type": "Feature", "properties": { "ID": 242, "elev": 688.848 }, "geometry": { "type": "LineString", "coordinates": [ [ -80.380508, 37.887843 ], [ -80.380508, 37.887848 ], [ -80.380515, 37.887846 ], [ -80.380513, 37.887845 ], [ -80.380508, 37.887843 ] ] } },
{ "type": "Feature", "properties": { "ID": 243, "elev": 690.372 }, "geometry": { "type": "LineString", "coordinates": [ [ -80.379114, 37.887834 ], [ -80.37912, 37.887836 ], [ -80.37912, 37.887849 ], [ -80.379113, 37.887843 ], [ -80.379114, 37.887834 ] ] } },
{ "type": "Feature", "properties": { "ID": 244, "elev": 693.42 }, "geometry": { "type": "LineString", "coordinates": [ [ -80.378339, 37.88783 ], [ -80.378353, 37.887831 ], [ -80.378363, 37.887853 ], [ -80.378358, 37.887856 ], [ -80.378333, 37.887835 ], [ -80.378339, 37.88783 ] ] } },
{ "type": "Feature", "properties": { "ID": 245, "elev": 690.372 }, "geometry": { "type": "LineString", "coordinates": [ [ -80.381386, 37.887834 ], [ -80.38136, 37.887856 ], [ -80.381343, 37.887857 ], [ -80.381309, 37.887871 ], [ -80.381278, 37.887873 ], [ -80.381269, 37.887891 ], [ -80.381229, 37.8879 ], [ -80.381283, 37.887909 ], [ -80.381296, 37.887918 ], [ -80.381293, 37.887927 ], [ -80.381306, 37.887936 ], [ -80.381274, 37.887944 ], [ -80.381243, 37.887945 ], [ -80.381206, 37.887958 ], [ -80.381189, 37.88795 ], [ -80.381178, 37.887951 ], [ -80.381155, 37.888 ], [ -80.381132, 37.887958 ], [ -80.381109, 37.887953 ], [ -80.381129, 37.887985 ], [ -80.381126, 37.888022 ], [ -80.381109, 37.888029 ], [ -80.381103, 37.888009 ], [ -80.381086, 37.888012 ], [ -80.381074, 37.888058 ], [ -80.38106, 37.888083 ], [ -80.381061, 37.88812 ], [ -80.381074, 37.888117 ], [ -80.381091, 37.888134 ], [ -80.381108, 37.888134 ], [ -80.381108, 37.888142 ], [ -80.381098, 37.888147 ], [ -80.38112, 37.888169 ], [ -80.38117, 37.888179 ], [ -80.381186, 37.88819 ] ] } },
{ "type": "Feature", "properties": { "ID": 246, "elev": 685.8 }, "geometry": { "type": "LineString", "coordinates": [ [ -80.380673, 37.887824 ], [ -80.380673, 37.887825 ], [ -80.380673, 37.887825 ], [ -80.380673, 37.887825 ], [ -80.380673, 37.887824 ] ] } },
{ "type": "Feature", "properties": { "ID": 247, "elev": 688.848 }, "geometry": { "type": "LineString", "coordinates": [ [ -80.379274, 37.887817 ], [ -80.37928, 37.88782 ], [ -80.37928, 37.887822 ], [ -80.379274, 37.887817 ], [ -80.379274, 37.887817 ] ] } },
{ "type": "Feature", "properties": { "ID": 248, "elev": 688.848 }, "geometry": { "type": "LineString", "coordinates": [ [ -80.380712, 37.88782 ], [ -80.380713, 37.88782 ], [ -80.380714, 37.88782 ], [ -80.380713, 37.887821 ], [ -80.380712, 37.88782 ] ] } },
{ "type": "Feature", "properties": { "ID": 249, "elev": 685.8 }, "geometry": { "type": "LineString", "coordinates": [ [ -80.380667, 37.887815 ], [ -80.380667, 37.887816 ], [ -80.380667, 37.887817 ], [ -80.380667, 37.887816 ], [ -80.380667, 37.887815 ] ] } },
{ "type": "Feature", "properties": { "ID": 250, "elev": 685.8 }, "geometry": { "type": "LineString", "coordinates": [ [ -80.380599, 37.887814 ], [ -80.380605, 37.887817 ], [ -80.380617, 37.887815 ], [ -80.380616, 37.887812 ], [ -80.380599, 37.887814 ] ] } },
{ "type": "Feature", "properties": { "ID": 251, "elev": 688.848 }, "geometry": { "type": "LineString", "coordinates": [ [ -80.379234, 37.887808 ], [ -80.379234, 37.887808 ], [ -80.379235, 37.887808 ], [ -80.379234, 37.887808 ] ] } },
{ "type": "Feature", "properties": { "ID": 252, "elev": 693.42 }, "geometry": { "type": "LineString", "coordinates": [ [ -80.378273, 37.887803 ], [ -80.378279, 37.887806 ], [ -80.378282, 37.887803 ], [ -80.378279, 37.887801 ], [ -80.378273, 37.887803 ] ] } },
{ "type": "Feature", "properties": { "ID": 253, "elev": 696.468 }, "geometry": { "type": "LineString", "coordinates": [ [ -80.377762, 37.887798 ], [ -80.377758, 37.8878 ], [ -80.377764, 37.8878 ], [ -80.377762, 37.887798 ] ] } },
{ "type": "Feature", "properties": { "ID": 254, "elev": 690.372 }, "geometry": { "type": "LineString", "coordinates": [ [ -80.378922, 37.887801 ], [ -80.378922, 37.887807 ], [ -80.378941, 37.887806 ], [ -80.378933, 37.887803 ], [ -80.378922, 37.887801 ] ] } },
{ "type": "Feature", "properties": { "ID": 255, "elev": 685.8 }, "geometry": { "type": "LineString", "coordinates": [ [ -80.380627, 37.887801 ], [ -80.380623, 37.887806 ], [ -80.380633, 37.887813 ], [ -80.380643, 37.887811 ], [ -80.38064, 37.887802 ], [ -80.380627, 37.887801 ] ] } },
{ "type": "Feature", "properties": { "ID": 256, "elev": 687.324 }, "geometry": { "type": "LineString", "coordinates": [ [ -80.380593, 37.887795 ], [ -80.380588, 37.887811 ], [ -80.380604, 37.887822 ], [ -80.380627, 37.887817 ], [ -80.38065, 37.887835 ], [ -80.380678, 37.887835 ], [ -80.380691, 37.887829 ], [ -80.38069, 37.887807 ], [ -80.380661, 37.887808 ], [ -80.380633, 37.887796 ], [ -80.380622, 37.8878 ], [ -80.380593, 37.887795 ] ] } },
{ "type": "Feature", "properties": { "ID": 257, "elev": 690.372 }, "geometry": { "type": "LineString", "coordinates": [ [ -80.379002, 37.887784 ], [ -80.379035, 37.887785 ], [ -80.37903, 37.88781 ], [ -80.378996, 37.887802 ], [ -80.379002, 37.887784 ] ] } },
{ "type": "Feature", "properties": { "ID": 258, "elev": 688.848 }, "geometry": { "type": "LineString", "coordinates": [ [ -80.38092, 37.887776 ], [ -80.380934, 37.887785 ], [ -80.380923, 37.887796 ], [ -80.380918, 37.887794 ], [ -80.38092, 37.887776 ] ] } },
{ "type": "Feature", "properties": { "ID": 259, "elev": 688.848 }, "geometry": { "type": "LineString", "coordinates": [ [ -80.380736, 37.887774 ], [ -80.380705, 37.887784 ], [ -80.38069, 37.887802 ], [ -80.380622, 37.887794 ], [ -80.380599, 37.887777 ], [ -80.380588, 37.887776 ], [ -80.380581, 37.887784 ], [ -80.380578, 37.887811 ], [ -80.380604, 37.887827 ], [ -80.380616, 37.887827 ], [ -80.380624, 37.887842 ], [ -80.380638, 37.887852 ], [ -80.380712, 37.88784 ], [ -80.380724, 37.887846 ], [ -80.38074, 37.887885 ], [ -80.380752, 37.887891 ], [ -80.380769, 37.887891 ], [ -80.3808, 37.887866 ], [ -80.380792, 37.887857 ], [ -80.380801, 37.887848 ], [ -80.380826, 37.887842 ], [ -80.38085, 37.887816 ], [ -80.380832, 37.887803 ], [ -80.380786, 37.887826 ], [ -80.380775, 37.887818 ], [ -80.380752, 37.887823 ], [ -80.38073, 37.887818 ], [ -80.380724, 37.887811 ], [ -80.380741, 37.887779 ], [ -80.380736, 37.887774 ] ] } },
{ "type": "Feature", "properties": { "ID": 260, "elev": 696.468 }, "geometry": { "type": "LineString", "coordinates": [ [ -80.377674, 37.88775 ], [ -80.377705, 37.88776 ], [ -80.377722, 37.887778 ], [ -80.377739, 37.887767 ], [ -80.377745, 37.887781 ], [ -80.377756, 37.887774 ], [ -80.377774, 37.887773 ], [ -80.377786, 37.887791 ], [ -80.377786, 37.887809 ], [ -80.377801, 37.887809 ], [ -80.377804, 37.887818 ], [ -80.377817, 37.887828 ], [ -80.377818, 37.887841 ], [ -80.377829, 37.887848 ], [ -80.377846, 37.887846 ], [ -80.37785, 37.887859 ], [ -80.377875, 37.88788 ], [ -80.377911, 37.88795 ], [ -80.377914, 37.887979 ], [ -80.377944, 37.887977 ], [ -80.37794, 37.887954 ], [ -80.377996, 37.887914 ], [ -80.378, 37.887896 ], [ -80.378013, 37.887892 ], [ -80.378034, 37.887869 ], [ -80.378114, 37.887867 ], [ -80.378125, 37.88786 ], [ -80.378142, 37.887861 ], [ -80.378138, 37.887879 ], [ -80.378125, 37.887888 ], [ -80.378123, 37.887919 ], [ -80.378175, 37.887933 ], [ -80.378193, 37.887946 ], [ -80.37821, 37.887933 ], [ -80.378221, 37.887936 ], [ -80.378236, 37.887951 ], [ -80.378234, 37.887965 ], [ -80.378222, 37.887978 ], [ -80.378218, 37.888032 ], [ -80.378206, 37.888046 ], [ -80.378214, 37.888073 ], [ -80.378243, 37.888062 ], [ -80.378254, 37.888072 ], [ -80.378288, 37.888068 ], [ -80.378315, 37.888074 ], [ -80.378334, 37.888064 ], [ -80.378356, 37.88807 ], [ -80.378383, 37.88806 ], [ -80.378379, 37.888054 ], [ -80.378399, 37.888056 ], [ -80.378408, 37.888042 ], [ -80.378436, 37.888048 ], [ -80.378459, 37.888072 ], [ -80.378504, 37.888062 ], [ -80.378504, 37.888055 ], [ -80.378521, 37.888063 ], [ -80.378578, 37.888059 ], [ -80.378612, 37.888065 ], [ -80.378651, 37.888093 ], [ -80.378712, 37.888125 ], [ -80.378748, 37.888169 ], [ -80.378788, 37.888175 ], [ -80.378844, 37.888204 ], [ -80.378907, 37.888224 ], [ -80.378969, 37.888232 ], [ -80.379043, 37.888253 ], [ -80.3791, 37.888255 ], [ -80.379136, 37.888263 ], [ -80.379147, 37.888281 ], [ -80.379185, 37.888303 ], [ -80.379207, 37.888291 ], [ -80.37923, 37.888293 ], [ -80.379253, 37.888287 ], [ -80.37927, 37.888291 ], [ -80.379287, 37.888284 ], [ -80.379294, 37.888286 ], [ -80.379287, 37.8883 ], [ -80.379349, 37.88831 ], [ -80.379469, 37.888311 ], [ -80.379548, 37.888319 ], [ -80.379599, 37.888337 ], [ -80.379622, 37.888354 ], [ -80.379679, 37.888363 ], [ -80.379702, 37.888378 ], [ -80.379723, 37.888405 ], [ -80.379788, 37.888446 ], [ -80.379814, 37.888478 ], [ -80.379859, 37.888515 ], [ -80.3799, 37.888484 ], [ -80.379939, 37.888492 ], [ -80.379952, 37.888479 ], [ -80.379954, 37.888456 ], [ -80.379967, 37.888447 ], [ -80.379972, 37.888425 ], [ -80.380003, 37.888406 ], [ -80.380076, 37.888389 ], [ -80.380102, 37.888353 ], [ -80.380128, 37.88835 ], [ -80.380146, 37.888308 ], [ -80.380165, 37.888322 ], [ -80.380174, 37.888348 ], [ -80.380202, 37.888348 ], [ -80.380219, 37.888334 ], [ -80.380253, 37.888343 ], [ -80.380282, 37.888366 ], [ -80.38031, 37.888365 ], [ -80.380321, 37.888382 ], [ -80.38031, 37.888397 ], [ -80.380281, 37.888378 ], [ -80.380236, 37.888381 ], [ -80.380228, 37.888386 ], [ -80.380247, 37.888403 ], [ -80.38029, 37.888408 ], [ -80.380274, 37.888449 ], [ -80.380173, 37.888466 ], [ -80.380162, 37.888511 ], [ -80.380144, 37.888515 ], [ -80.380132, 37.888545 ], [ -80.380104, 37.888561 ], [ -80.380075, 37.88859 ], [ -80.380014, 37.888601 ], [ -80.380005, 37.88861 ], [ -80.379995, 37.888695 ], [ -80.380015, 37.888713 ], [ -80.380017, 37.888723 ], [ -80.380051, 37.888729 ], [ -80.380056, 37.888756 ], [ -80.380079, 37.888777 ], [ -80.380107, 37.888786 ], [ -80.380106, 37.88879 ], [ -80.380056, 37.888806 ], [ -80.380044, 37.888839 ], [ -80.380032, 37.88884 ], [ -80.379976, 37.888808 ], [ -80.379954, 37.888818 ], [ -80.379936, 37.888835 ], [ -80.379878, 37.888839 ], [ -80.379838, 37.88887 ], [ -80.379828, 37.888894 ], [ -80.379803, 37.888906 ], [ -80.379792, 37.888924 ], [ -80.379769, 37.888933 ], [ -80.379762, 37.888949 ] ] } },
{ "type": "Feature", "properties": { "ID": 261, "elev": 687.324 }, "geometry": { "type": "LineString", "coordinates": [ [ -80.379292, 37.887754 ], [ -80.379291, 37.887754 ], [ -80.379292, 37.887754 ], [ -80.379292, 37.887754 ] ] } },
{ "type": "Feature", "properties": { "ID": 262, "elev": 693.42 }, "geometry": { "type": "LineString", "coordinates": [ [ -80.380638, 37.887761 ], [ -80.380639, 37.887759 ], [ -80.380641, 37.887761 ], [ -80.380639, 37.887762 ], [ -80.380638, 37.887761 ] ] } },
{ "type": "Feature", "properties": { "ID": 263, "elev": 690.372 }, "geometry": { "type": "LineString", "coordinates": [ [ -80.378512, 37.887746 ], [ -80.378515, 37.887746 ], [ -80.378513, 37.887748 ], [ -80.378512, 37.887746 ] ] } },
{ "type": "Feature", "properties": { "ID": 264, "elev": 690.372 }, "geometry": { "type": "LineString", "coordinates": [ [ -80.378568, 37.887741 ], [ -80.378575, 37.887738 ], [ -80.378575, 37.88775 ], [ -80.37855, 37.887746 ], [ -80.378568, 37.887741 ] ] } },
{ "type": "Feature", "properties": { "ID": 265, "elev": 693.42 }, "geometry": { "type": "LineString", "coordinates": [ [ -80.380423, 37.887751 ], [ -80.380423, 37.887751 ], [ -80.380424, 37.887751 ], [ -80.380423, 37.887752 ], [ -80.380423, 37.887751 ] ] } },
{ "type": "Feature", "properties": { "ID": 266, "elev": 690.372 }, "geometry": { "type": "LineString", "coordinates": [ [ -80.378579, 37.88771 ], [ -80.378587, 37.88771 ], [ -80.378589, 37.887714 ], [ -80.378577, 37.887714 ], [ -80.378579, 37.88771 ] ] } },
{ "type": "Feature", "properties": { "ID": 267, "elev": 694.944 }, "geometry": { "type": "LineString", "coordinates": [ [ -80.381165, 37.887719 ], [ -80.381174, 37.887719 ], [ -80.381179, 37.887777 ], [ -80.381191, 37.887778 ], [ -80.381212, 37.887796 ], [ -80.381257, 37.887801 ], [ -80.381269, 37.887805 ], [ -80.381266, 37.88781 ], [ -80.381202, 37.887821 ], [ -80.381173, 37.887836 ], [ -80.381133, 37.887819 ], [ -80.381139, 37.887765 ], [ -80.381165, 37.887719 ] ] } },
{ "type": "Feature", "properties": { "ID": 268, "elev": 679.704 }, "geometry": { "type": "LineString", "coordinates": [ [ -80.380912, 37.887709 ], [ -80.380892, 37.887718 ], [ -80.380887, 37.887727 ], [ -80.380913, 37.887727 ], [ -80.380918, 37.887718 ], [ -80.380912, 37.887709 ] ] } },
{ "type": "Feature", "properties": { "ID": 269, "elev": 687.324 }, "geometry": { "type": "LineString", "coordinates": [ [ -80.379224, 37.887698 ], [ -80.379222, 37.887709 ], [ -80.379246, 37.887727 ], [ -80.379235, 37.887697 ], [ -80.379224, 37.887698 ] ] } },
{ "type": "Feature", "properties": { "ID": 270, "elev": 696.468 }, "geometry": { "type": "LineString", "coordinates": [ [ -80.38127, 37.887706 ], [ -80.381282, 37.887703 ], [ -80.381291, 37.88772 ], [ -80.381269, 37.887715 ], [ -80.38127, 37.887706 ] ] } },
{ "type": "Feature", "properties": { "ID": 271, "elev": 681.228 }, "geometry": { "type": "LineString", "coordinates": [ [ -80.380901, 37.887692 ], [ -80.380875, 37.887722 ], [ -80.380878, 37.887731 ], [ -80.38089, 37.887736 ], [ -80.380933, 37.887727 ], [ -80.380929, 37.887709 ], [ -80.380913, 37.887694 ], [ -80.380901, 37.887692 ] ] } },
{ "type": "Feature", "properties": { "ID": 272, "elev": 694.944 }, "geometry": { "type": "LineString", "coordinates": [ [ -80.380708, 37.887694 ], [ -80.380707, 37.887694 ], [ -80.380708, 37.887696 ], [ -80.380711, 37.887694 ], [ -80.380708, 37.887694 ] ] } },
{ "type": "Feature", "properties": { "ID": 273, "elev": 682.752 }, "geometry": { "type": "LineString", "coordinates": [ [ -80.380896, 37.887677 ], [ -80.380885, 37.887699 ], [ -80.38087, 37.887704 ], [ -80.380853, 37.887726 ], [ -80.380895, 37.887748 ], [ -80.380906, 37.887748 ], [ -80.38092, 37.887736 ], [ -80.380961, 37.887727 ], [ -80.380958, 37.887709 ], [ -80.380929, 37.8877 ], [ -80.380907, 37.887676 ], [ -80.380896, 37.887677 ] ] } },
{ "type": "Feature", "properties": { "ID": 274, "elev": 696.468 }, "geometry": { "type": "LineString", "coordinates": [ [ -80.380466, 37.887675 ], [ -80.380469, 37.887672 ], [ -80.380478, 37.887675 ], [ -80.380469, 37.88768 ], [ -80.380466, 37.887675 ] ] } },
{ "type": "Feature", "properties": { "ID": 275, "elev": 687.324 }, "geometry": { "type": "LineString", "coordinates": [ [ -80.379127, 37.887662 ], [ -80.379103, 37.887677 ], [ -80.379105, 37.887683 ], [ -80.379171, 37.88769 ], [ -80.379127, 37.887662 ] ] } },
{ "type": "Feature", "properties": { "ID": 276, "elev": 690.372 }, "geometry": { "type": "LineString", "coordinates": [ [ -80.378626, 37.887661 ], [ -80.378627, 37.88766 ], [ -80.378628, 37.887661 ], [ -80.378627, 37.887661 ], [ -80.378626, 37.887661 ] ] } },
{ "type": "Feature", "properties": { "ID": 277, "elev": 687.324 }, "geometry": { "type": "LineString", "coordinates": [ [ -80.379019, 37.887657 ], [ -80.379016, 37.887658 ], [ -80.379019, 37.88766 ], [ -80.379019, 37.887657 ] ] } },
{ "type": "Feature", "properties": { "ID": 278, "elev": 699.516 }, "geometry": { "type": "LineString", "coordinates": [ [ -80.380633, 37.887667 ], [ -80.380634, 37.887664 ], [ -80.380634, 37.887671 ], [ -80.380634, 37.887671 ], [ -80.380633, 37.887667 ] ] } },
{ "type": "Feature", "properties": { "ID": 279, "elev": 696.468 }, "geometry": { "type": "LineString", "coordinates": [ [ -80.380394, 37.887661 ], [ -80.380395, 37.887659 ], [ -80.380402, 37.887661 ], [ -80.380395, 37.887662 ], [ -80.380394, 37.887661 ] ] } },
{ "type": "Feature", "properties": { "ID": 280, "elev": 694.944 }, "geometry": { "type": "LineString", "coordinates": [ [ -80.381333, 37.887745 ], [ -80.381292, 37.887774 ], [ -80.381282, 37.887755 ], [ -80.381248, 37.887746 ], [ -80.381227, 37.887719 ], [ -80.381192, 37.88771 ], [ -80.381208, 37.887679 ], [ -80.381226, 37.887661 ], [ -80.381268, 37.887659 ] ] } },
{ "type": "Feature", "properties": { "ID": 281, "elev": 694.944 }, "geometry": { "type": "LineString", "coordinates": [ [ -80.380393, 37.887656 ], [ -80.380407, 37.887656 ], [ -80.380411, 37.887661 ], [ -80.380395, 37.88768 ], [ -80.380388, 37.887674 ], [ -80.380393, 37.887656 ] ] } },
{ "type": "Feature", "properties": { "ID": 282, "elev": 693.42 }, "geometry": { "type": "LineString", "coordinates": [ [ -80.381353, 37.88778 ], [ -80.381324, 37.887787 ], [ -80.381313, 37.887801 ], [ -80.381293, 37.887807 ], [ -80.381283, 37.887819 ], [ -80.381275, 37.887854 ], [ -80.381258, 37.887859 ], [ -80.381156, 37.887854 ], [ -80.38115, 37.887845 ], [ -80.381122, 37.887831 ], [ -80.381116, 37.887813 ], [ -80.381065, 37.887808 ], [ -80.381063, 37.887804 ], [ -80.381107, 37.8878 ], [ -80.381108, 37.887791 ], [ -80.38109, 37.887768 ], [ -80.381111, 37.88776 ], [ -80.381117, 37.887719 ], [ -80.381134, 37.88771 ], [ -80.381147, 37.887692 ], [ -80.38114, 37.887674 ], [ -80.381157, 37.88766 ], [ -80.381268, 37.887655 ] ] } },
{ "type": "Feature", "properties": { "ID": 283, "elev": 684.276 }, "geometry": { "type": "LineString", "coordinates": [ [ -80.38089, 37.887647 ], [ -80.380879, 37.887695 ], [ -80.380854, 37.887704 ], [ -80.380841, 37.887726 ], [ -80.380868, 37.887735 ], [ -80.380892, 37.887758 ], [ -80.380906, 37.887762 ], [ -80.380924, 37.887745 ], [ -80.380963, 37.887733 ], [ -80.380977, 37.887723 ], [ -80.380974, 37.887713 ], [ -80.38094, 37.887695 ], [ -80.38089, 37.887647 ] ] } },
{ "type": "Feature", "properties": { "ID": 284, "elev": 694.944 }, "geometry": { "type": "LineString", "coordinates": [ [ -80.377658, 37.887631 ], [ -80.377689, 37.887638 ], [ -80.377717, 37.887633 ], [ -80.377774, 37.887652 ], [ -80.377791, 37.88765 ], [ -80.377806, 37.887656 ], [ -80.377805, 37.887665 ], [ -80.377819, 37.887681 ], [ -80.377936, 37.887702 ], [ -80.377939, 37.887711 ], [ -80.377967, 37.887729 ], [ -80.377975, 37.887743 ], [ -80.37797, 37.887774 ], [ -80.377978, 37.887783 ], [ -80.377984, 37.88781 ], [ -80.377959, 37.887837 ], [ -80.377958, 37.887846 ], [ -80.37796, 37.887873 ], [ -80.377977, 37.887889 ], [ -80.378008, 37.887883 ], [ -80.378031, 37.88786 ], [ -80.378085, 37.887847 ], [ -80.378108, 37.887825 ], [ -80.378133, 37.887816 ], [ -80.378154, 37.887797 ], [ -80.378175, 37.887816 ], [ -80.378216, 37.887829 ], [ -80.378216, 37.887839 ], [ -80.378191, 37.887848 ], [ -80.378173, 37.887892 ], [ -80.378187, 37.887894 ], [ -80.378199, 37.887879 ], [ -80.378213, 37.887884 ], [ -80.378227, 37.887902 ], [ -80.378254, 37.887942 ], [ -80.378238, 37.887992 ], [ -80.378253, 37.887997 ], [ -80.37826, 37.888007 ], [ -80.3783, 37.888009 ], [ -80.378311, 37.888015 ], [ -80.378334, 37.88801 ], [ -80.378357, 37.888016 ], [ -80.378368, 37.88802 ], [ -80.378369, 37.888029 ], [ -80.378351, 37.888021 ], [ -80.378348, 37.888029 ], [ -80.378362, 37.888033 ], [ -80.378368, 37.888043 ], [ -80.3784, 37.888029 ], [ -80.378397, 37.888018 ], [ -80.378408, 37.888004 ], [ -80.378437, 37.887995 ], [ -80.378465, 37.888005 ], [ -80.37848, 37.887998 ], [ -80.378481, 37.887984 ], [ -80.378473, 37.887975 ], [ -80.378482, 37.887965 ], [ -80.378522, 37.887976 ], [ -80.378522, 37.887992 ], [ -80.378539, 37.887996 ], [ -80.378573, 37.887981 ], [ -80.378607, 37.887979 ], [ -80.378672, 37.888021 ], [ -80.378749, 37.888037 ], [ -80.37878, 37.888058 ], [ -80.378828, 37.888075 ], [ -80.378856, 37.888101 ], [ -80.37889, 37.88812 ], [ -80.378893, 37.888131 ], [ -80.378913, 37.88815 ], [ -80.379016, 37.888172 ], [ -80.37905, 37.888199 ], [ -80.379072, 37.888208 ], [ -80.379111, 37.888214 ], [ -80.379168, 37.888213 ], [ -80.379197, 37.88822 ], [ -80.379225, 37.888216 ], [ -80.379237, 37.888227 ], [ -80.379274, 37.888232 ], [ -80.379287, 37.888252 ], [ -80.379304, 37.88826 ], [ -80.379327, 37.888257 ], [ -80.379361, 37.888239 ], [ -80.37939, 37.888238 ], [ -80.379395, 37.888241 ], [ -80.37939, 37.888264 ], [ -80.379503, 37.888259 ], [ -80.379679, 37.888289 ], [ -80.379708, 37.888316 ], [ -80.379753, 37.888334 ], [ -80.379782, 37.888365 ], [ -80.379826, 37.888397 ], [ -80.379883, 37.888469 ], [ -80.3799, 37.88846 ], [ -80.379919, 37.888429 ], [ -80.379928, 37.888424 ], [ -80.37994, 37.888422 ], [ -80.379945, 37.888431 ], [ -80.380014, 37.888398 ], [ -80.380056, 37.888389 ], [ -80.380064, 37.888353 ], [ -80.380105, 37.888326 ], [ -80.380106, 37.888306 ], [ -80.380163, 37.888299 ], [ -80.38018, 37.888322 ], [ -80.380191, 37.888313 ], [ -80.380202, 37.888313 ], [ -80.38022, 37.888286 ], [ -80.380268, 37.888269 ], [ -80.38028, 37.888251 ], [ -80.380305, 37.888252 ], [ -80.380311, 37.888265 ], [ -80.380313, 37.8883 ], [ -80.380306, 37.888314 ], [ -80.380312, 37.88835 ], [ -80.380354, 37.888382 ], [ -80.38035, 37.888395 ], [ -80.380336, 37.888409 ], [ -80.380315, 37.888417 ], [ -80.380304, 37.888432 ], [ -80.380298, 37.888431 ], [ -80.380286, 37.888455 ], [ -80.380255, 37.888462 ], [ -80.380207, 37.888488 ], [ -80.380189, 37.88849 ], [ -80.380172, 37.888504 ], [ -80.380161, 37.888546 ], [ -80.380144, 37.888546 ], [ -80.380129, 37.888565 ], [ -80.380109, 37.888572 ], [ -80.380095, 37.888592 ], [ -80.380067, 37.888601 ], [ -80.380078, 37.88861 ], [ -80.380086, 37.888637 ], [ -80.380087, 37.888673 ], [ -80.380061, 37.888727 ], [ -80.380088, 37.888754 ], [ -80.380096, 37.888777 ], [ -80.380134, 37.888791 ], [ -80.380092, 37.888804 ], [ -80.380056, 37.888836 ], [ -80.38005, 37.88885 ], [ -80.379971, 37.888827 ], [ -80.379936, 37.88884 ], [ -80.379913, 37.888857 ], [ -80.379885, 37.888859 ], [ -80.379879, 37.888854 ], [ -80.379864, 37.888866 ], [ -80.379856, 37.888884 ], [ -80.379834, 37.888896 ], [ -80.379825, 37.888911 ], [ -80.379792, 37.888933 ], [ -80.379781, 37.888949 ] ] } },
{ "type": "Feature", "properties": { "ID": 285, "elev": 687.324 }, "geometry": { "type": "LineString", "coordinates": [ [ -80.379059, 37.887636 ], [ -80.379059, 37.887636 ], [ -80.37906, 37.887636 ], [ -80.379059, 37.887636 ], [ -80.379059, 37.887636 ] ] } },
{ "type": "Feature", "properties": { "ID": 286, "elev": 682.752 }, "geometry": { "type": "LineString", "coordinates": [ [ -80.380183, 37.887637 ], [ -80.380192, 37.887637 ], [ -80.380191, 37.887642 ], [ -80.38019, 37.887642 ], [ -80.380183, 37.887637 ] ] } },
{ "type": "Feature", "properties": { "ID": 287, "elev": 694.944 }, "geometry": { "type": "LineString", "coordinates": [ [ -80.377666, 37.887619 ], [ -80.377666, 37.887619 ], [ -80.377667, 37.887619 ], [ -80.377666, 37.88762 ], [ -80.377666, 37.887619 ] ] } },
{ "type": "Feature", "properties": { "ID": 288, "elev": 691.896 }, "geometry": { "type": "LineString", "coordinates": [ [ -80.381369, 37.887811 ], [ -80.381321, 37.887826 ], [ -80.381304, 37.887825 ], [ -80.381282, 37.887864 ], [ -80.381224, 37.88787 ], [ -80.38119, 37.887891 ], [ -80.381167, 37.887893 ], [ -80.38115, 37.887887 ], [ -80.381116, 37.88785 ], [ -80.381099, 37.887844 ], [ -80.380997, 37.887847 ], [ -80.380991, 37.88787 ], [ -80.380987, 37.887867 ], [ -80.380977, 37.887817 ], [ -80.380991, 37.887794 ], [ -80.38102, 37.8878 ], [ -80.381085, 37.887791 ], [ -80.381082, 37.887782 ], [ -80.381025, 37.887741 ], [ -80.381023, 37.887723 ], [ -80.381101, 37.88771 ], [ -80.381104, 37.887683 ], [ -80.38112, 37.887669 ], [ -80.381157, 37.887657 ], [ -80.381209, 37.887652 ], [ -80.381253, 37.887632 ] ] } },
{ "type": "Feature", "properties": { "ID": 289, "elev": 697.992 }, "geometry": { "type": "LineString", "coordinates": [ [ -80.380731, 37.887626 ], [ -80.380726, 37.887631 ], [ -80.380731, 37.887635 ], [ -80.380739, 37.887627 ], [ -80.380731, 37.887626 ] ] } },
{ "type": "Feature", "properties": { "ID": 290, "elev": 687.324 }, "geometry": { "type": "LineString", "coordinates": [ [ -80.378912, 37.887608 ], [ -80.378912, 37.887614 ], [ -80.378917, 37.887613 ], [ -80.378917, 37.887607 ], [ -80.378912, 37.887608 ] ] } },
{ "type": "Feature", "properties": { "ID": 291, "elev": 687.324 }, "geometry": { "type": "LineString", "coordinates": [ [ -80.378872, 37.887608 ], [ -80.378872, 37.887613 ], [ -80.378882, 37.887612 ], [ -80.378878, 37.887611 ], [ -80.378872, 37.887608 ] ] } },
{ "type": "Feature", "properties": { "ID": 292, "elev": 684.276 }, "geometry": { "type": "LineString", "coordinates": [ [ -80.380953, 37.887606 ], [ -80.38093, 37.887626 ], [ -80.380926, 37.887632 ], [ -80.380955, 37.887628 ], [ -80.380961, 37.88761 ], [ -80.380953, 37.887606 ] ] } },
{ "type": "Feature", "properties": { "ID": 293, "elev": 682.752 }, "geometry": { "type": "LineString", "coordinates": [ [ -80.380132, 37.887583 ], [ -80.380142, 37.88761 ], [ -80.380163, 37.887628 ], [ -80.380163, 37.887635 ], [ -80.380134, 37.887614 ], [ -80.380132, 37.887583 ] ] } },
{ "type": "Feature", "properties": { "ID": 294, "elev": 687.324 }, "geometry": { "type": "LineString", "coordinates": [ [ -80.378889, 37.887563 ], [ -80.378877, 37.887572 ], [ -80.378904, 37.887576 ], [ -80.378901, 37.887595 ], [ -80.378923, 37.887595 ], [ -80.378921, 37.887581 ], [ -80.378907, 37.887576 ], [ -80.378901, 37.887562 ], [ -80.378889, 37.887563 ] ] } },
{ "type": "Feature", "properties": { "ID": 295, "elev": 688.848 }, "geometry": { "type": "LineString", "coordinates": [ [ -80.378474, 37.887556 ], [ -80.378474, 37.887556 ], [ -80.378475, 37.887556 ], [ -80.378474, 37.887556 ], [ -80.378474, 37.887556 ] ] } },
{ "type": "Feature", "properties": { "ID": 296, "elev": 693.42 }, "geometry": { "type": "LineString", "coordinates": [ [ -80.377647, 37.887549 ], [ -80.377712, 37.887556 ], [ -80.377792, 37.887583 ], [ -80.37782, 37.887579 ], [ -80.377905, 37.887601 ], [ -80.377973, 37.887608 ], [ -80.378013, 37.887619 ], [ -80.378059, 37.887648 ], [ -80.378121, 37.887666 ], [ -80.378157, 37.88769 ], [ -80.378158, 37.887703 ], [ -80.378173, 37.887726 ], [ -80.378131, 37.887793 ], [ -80.378183, 37.88778 ], [ -80.378228, 37.887799 ], [ -80.37825, 37.887758 ], [ -80.378284, 37.887731 ], [ -80.378279, 37.887704 ], [ -80.3783, 37.887695 ], [ -80.378308, 37.887684 ], [ -80.378336, 37.887686 ], [ -80.378354, 37.887704 ], [ -80.378372, 37.887704 ], [ -80.378386, 37.887736 ], [ -80.378376, 37.887752 ], [ -80.378393, 37.887751 ], [ -80.378408, 37.887768 ], [ -80.378409, 37.887777 ], [ -80.378399, 37.887786 ], [ -80.3784, 37.887804 ], [ -80.378375, 37.88784 ], [ -80.378367, 37.887835 ], [ -80.378371, 37.887812 ], [ -80.378359, 37.887807 ], [ -80.378342, 37.887808 ], [ -80.37833, 37.887827 ], [ -80.378313, 37.887832 ], [ -80.378304, 37.887866 ], [ -80.378276, 37.88788 ], [ -80.37827, 37.887902 ], [ -80.378269, 37.88792 ], [ -80.378281, 37.887938 ], [ -80.378275, 37.887947 ], [ -80.378283, 37.887955 ], [ -80.378304, 37.887947 ], [ -80.378306, 37.88794 ], [ -80.378323, 37.88794 ], [ -80.378313, 37.887929 ], [ -80.378318, 37.887922 ], [ -80.378335, 37.887919 ], [ -80.378375, 37.887927 ], [ -80.37842, 37.887901 ], [ -80.378466, 37.88791 ], [ -80.378489, 37.887891 ], [ -80.378517, 37.887906 ], [ -80.378557, 37.887912 ], [ -80.378602, 37.887899 ], [ -80.378653, 37.8879 ], [ -80.37871, 37.887923 ], [ -80.378852, 37.887959 ], [ -80.37888, 37.887976 ], [ -80.378892, 37.888 ], [ -80.378932, 37.888009 ], [ -80.37898, 37.888059 ], [ -80.37901, 37.888077 ], [ -80.379056, 37.888087 ], [ -80.379135, 37.888116 ], [ -80.379192, 37.888151 ], [ -80.379284, 37.888178 ], [ -80.379345, 37.888177 ], [ -80.379413, 37.888185 ], [ -80.379428, 37.888192 ], [ -80.379436, 37.888213 ], [ -80.379498, 37.888199 ], [ -80.379572, 37.888205 ], [ -80.379646, 37.888215 ], [ -80.379691, 37.888237 ], [ -80.379731, 37.888244 ], [ -80.379754, 37.888254 ], [ -80.379777, 37.88828 ], [ -80.379819, 37.888302 ], [ -80.379838, 37.888324 ], [ -80.379873, 37.888343 ], [ -80.379917, 37.888418 ], [ -80.379946, 37.888404 ], [ -80.379968, 37.888406 ], [ -80.380009, 37.888398 ], [ -80.379997, 37.888384 ], [ -80.38, 37.888375 ], [ -80.380014, 37.888376 ], [ -80.380049, 37.888337 ], [ -80.38009, 37.888308 ], [ -80.380094, 37.888277 ], [ -80.380089, 37.888258 ], [ -80.380116, 37.888254 ], [ -80.380129, 37.888281 ], [ -80.380157, 37.888293 ], [ -80.38018, 37.888294 ], [ -80.380243, 37.888265 ], [ -80.380261, 37.888264 ], [ -80.380259, 37.888255 ], [ -80.380271, 37.888246 ], [ -80.380272, 37.888219 ], [ -80.380253, 37.888187 ], [ -80.380266, 37.888175 ], [ -80.380289, 37.888169 ], [ -80.380346, 37.888183 ], [ -80.380346, 37.888189 ], [ -80.380318, 37.888197 ], [ -80.380315, 37.888246 ], [ -80.380364, 37.888242 ], [ -80.380375, 37.888278 ], [ -80.38039, 37.888276 ], [ -80.380402, 37.888267 ], [ -80.380416, 37.888301 ], [ -80.380321, 37.888309 ], [ -80.380315, 37.888318 ], [ -80.380316, 37.888338 ], [ -80.380322, 37.888343 ], [ -80.380333, 37.888331 ], [ -80.38035, 37.88833 ], [ -80.380366, 37.888359 ], [ -80.380391, 37.888382 ], [ -80.380389, 37.8884 ], [ -80.380365, 37.888418 ], [ -80.380315, 37.888425 ], [ -80.380309, 37.888453 ], [ -80.380291, 37.888458 ], [ -80.380281, 37.888485 ], [ -80.380203, 37.888534 ], [ -80.380172, 37.888539 ], [ -80.38016, 37.888586 ], [ -80.380143, 37.888577 ], [ -80.380098, 37.888601 ], [ -80.380099, 37.8887 ], [ -80.38009, 37.888723 ], [ -80.380102, 37.888732 ], [ -80.380131, 37.888732 ], [ -80.380129, 37.888777 ], [ -80.38014, 37.888786 ], [ -80.380141, 37.888795 ], [ -80.380095, 37.88884 ], [ -80.380061, 37.888849 ], [ -80.38005, 37.888858 ], [ -80.380039, 37.888855 ], [ -80.380021, 37.888869 ], [ -80.379936, 37.88886 ], [ -80.379879, 37.888865 ], [ -80.379862, 37.888897 ], [ -80.379838, 37.888902 ], [ -80.379828, 37.888918 ], [ -80.379793, 37.888939 ], [ -80.379788, 37.888949 ] ] } },
{ "type": "Feature", "properties": { "ID": 297, "elev": 682.752 }, "geometry": { "type": "LineString", "coordinates": [ [ -80.380159, 37.887556 ], [ -80.380182, 37.887556 ], [ -80.38018, 37.887579 ], [ -80.380159, 37.887574 ], [ -80.380159, 37.887556 ] ] } },
{ "type": "Feature", "properties": { "ID": 298, "elev": 687.324 }, "geometry": { "type": "LineString", "coordinates": [ [ -80.378907, 37.887548 ], [ -80.378899, 37.887554 ], [ -80.378907, 37.887561 ], [ -80.378922, 37.887554 ], [ -80.378918, 37.887548 ], [ -80.378907, 37.887548 ] ] } },
{ "type": "Feature", "properties": { "ID": 299, "elev": 699.516 }, "geometry": { "type": "LineString", "coordinates": [ [ -80.380658, 37.887552 ], [ -80.380657, 37.887559 ], [ -80.380658, 37.887567 ], [ -80.380671, 37.887554 ], [ -80.380658, 37.887552 ] ] } },
{ "type": "Feature", "properties": { "ID": 300, "elev": 682.752 }, "geometry": { "type": "LineString", "coordinates": [ [ -80.380182, 37.887547 ], [ -80.380192, 37.887547 ], [ -80.380195, 37.887552 ], [ -80.380186, 37.887555 ], [ -80.380182, 37.887547 ] ] } },
{ "type": "Feature", "properties": { "ID": 301, "elev": 682.752 }, "geometry": { "type": "LineString", "coordinates": [ [ -80.380181, 37.887534 ], [ -80.38019, 37.887534 ], [ -80.380186, 37.887541 ], [ -80.38018, 37.887541 ], [ -80.380181, 37.887534 ] ] } },
{ "type": "Feature", "properties": { "ID": 302, "elev": 699.516 }, "geometry": { "type": "LineString", "coordinates": [ [ -80.380627, 37.887513 ], [ -80.380636, 37.887511 ], [ -80.380658, 37.887539 ], [ -80.380681, 37.887525 ], [ -80.380701, 37.887532 ], [ -80.380715, 37.887548 ], [ -80.380723, 37.887545 ], [ -80.380715, 37.887608 ], [ -80.380689, 37.887626 ], [ -80.38068, 37.887644 ], [ -80.380663, 37.887651 ], [ -80.380644, 37.887649 ], [ -80.380648, 37.887635 ], [ -80.38064, 37.887628 ], [ -80.380592, 37.887626 ], [ -80.380581, 37.887603 ], [ -80.380578, 37.887572 ], [ -80.38059, 37.887556 ], [ -80.380612, 37.887573 ], [ -80.380632, 37.887572 ], [ -80.380634, 37.887522 ], [ -80.380627, 37.887513 ] ] } },
{ "type": "Feature", "properties": { "ID": 303, "elev": 682.752 }, "geometry": { "type": "LineString", "coordinates": [ [ -80.380027, 37.887506 ], [ -80.380027, 37.887505 ], [ -80.380039, 37.887506 ], [ -80.380033, 37.887507 ], [ -80.380027, 37.887506 ] ] } },
{ "type": "Feature", "properties": { "ID": 304, "elev": 691.896 }, "geometry": { "type": "LineString", "coordinates": [ [ -80.377636, 37.887495 ], [ -80.377719, 37.887483 ], [ -80.377776, 37.887489 ], [ -80.377815, 37.887506 ], [ -80.377868, 37.887508 ], [ -80.377923, 37.887536 ], [ -80.377974, 37.887531 ], [ -80.378076, 37.887546 ], [ -80.378173, 37.887589 ], [ -80.378218, 37.887601 ], [ -80.378276, 37.887636 ], [ -80.378301, 37.887672 ], [ -80.378326, 37.887673 ], [ -80.378392, 37.887704 ], [ -80.378406, 37.887745 ], [ -80.378433, 37.887791 ], [ -80.378432, 37.887804 ], [ -80.378414, 37.887822 ], [ -80.378411, 37.887835 ], [ -80.378444, 37.887837 ], [ -80.378455, 37.88785 ], [ -80.378483, 37.887847 ], [ -80.378489, 37.887852 ], [ -80.37854, 37.88783 ], [ -80.378552, 37.887834 ], [ -80.378557, 37.887848 ], [ -80.378586, 37.887852 ], [ -80.378648, 37.887829 ], [ -80.378671, 37.887827 ], [ -80.378723, 37.887841 ], [ -80.378745, 37.887864 ], [ -80.378762, 37.887871 ], [ -80.378784, 37.887875 ], [ -80.378841, 37.887865 ], [ -80.378898, 37.887883 ], [ -80.378921, 37.887878 ], [ -80.378978, 37.887877 ], [ -80.379007, 37.887892 ], [ -80.379047, 37.887929 ], [ -80.379068, 37.887979 ], [ -80.379121, 37.888028 ], [ -80.379277, 37.888113 ], [ -80.379345, 37.888125 ], [ -80.379521, 37.888135 ], [ -80.379545, 37.888143 ], [ -80.379555, 37.888166 ], [ -80.379624, 37.888145 ], [ -80.379641, 37.888145 ], [ -80.379738, 37.888176 ], [ -80.379817, 37.888209 ], [ -80.379845, 37.888244 ], [ -80.379877, 37.888267 ], [ -80.379895, 37.888289 ], [ -80.379952, 37.888319 ], [ -80.379974, 37.888363 ], [ -80.380009, 37.888343 ], [ -80.380032, 37.888337 ], [ -80.380066, 37.888304 ], [ -80.380082, 37.888241 ], [ -80.380111, 37.888191 ], [ -80.380108, 37.888182 ], [ -80.38013, 37.888164 ], [ -80.380169, 37.888163 ], [ -80.380181, 37.88817 ], [ -80.380181, 37.888196 ], [ -80.380175, 37.8882 ], [ -80.380184, 37.88821 ], [ -80.380146, 37.888219 ], [ -80.380139, 37.888236 ], [ -80.380152, 37.888245 ], [ -80.380174, 37.888288 ], [ -80.380208, 37.888273 ], [ -80.380204, 37.888255 ], [ -80.380226, 37.888237 ], [ -80.380223, 37.88821 ], [ -80.380232, 37.888201 ], [ -80.380236, 37.888174 ], [ -80.380272, 37.888156 ], [ -80.380289, 37.888162 ], [ -80.380334, 37.888155 ], [ -80.380374, 37.888161 ], [ -80.3804, 37.888184 ], [ -80.380374, 37.888188 ], [ -80.380374, 37.888198 ], [ -80.380391, 37.888208 ], [ -80.380459, 37.88823 ], [ -80.380476, 37.888261 ], [ -80.380485, 37.888256 ], [ -80.380487, 37.888235 ], [ -80.380511, 37.888234 ], [ -80.380513, 37.888265 ], [ -80.38051, 37.888275 ], [ -80.380498, 37.88828 ], [ -80.380493, 37.888306 ], [ -80.38041, 37.888314 ], [ -80.380406, 37.888359 ], [ -80.380423, 37.888373 ], [ -80.380412, 37.888382 ], [ -80.380406, 37.88842 ], [ -80.380346, 37.888427 ], [ -80.380321, 37.888437 ], [ -80.380303, 37.888474 ], [ -80.380292, 37.888481 ], [ -80.380291, 37.888512 ], [ -80.380272, 37.888534 ], [ -80.380206, 37.888537 ], [ -80.380172, 37.888545 ], [ -80.380167, 37.888611 ], [ -80.380136, 37.88866 ], [ -80.380136, 37.888719 ], [ -80.380147, 37.888732 ], [ -80.380146, 37.88875 ], [ -80.380155, 37.888755 ], [ -80.380144, 37.888777 ], [ -80.380153, 37.888795 ], [ -80.380139, 37.888804 ], [ -80.380135, 37.888827 ], [ -80.380054, 37.888862 ], [ -80.380044, 37.888898 ], [ -80.379981, 37.888899 ], [ -80.37997, 37.888887 ], [ -80.379925, 37.888871 ], [ -80.379908, 37.888872 ], [ -80.37989, 37.888885 ], [ -80.379879, 37.888874 ], [ -80.379875, 37.888893 ], [ -80.379836, 37.888929 ], [ -80.379831, 37.888944 ] ] } },
{ "type": "Feature", "properties": { "ID": 305, "elev": 697.992 }, "geometry": { "type": "LineString", "coordinates": [ [ -80.38064, 37.887491 ], [ -80.38071, 37.887509 ], [ -80.380726, 37.887536 ], [ -80.38074, 37.887546 ], [ -80.380726, 37.88757 ], [ -80.380726, 37.887584 ], [ -80.380731, 37.887607 ], [ -80.380748, 37.887616 ], [ -80.380749, 37.887636 ], [ -80.380745, 37.887645 ], [ -80.38072, 37.887652 ], [ -80.380697, 37.887672 ], [ -80.380685, 37.887673 ], [ -80.380663, 37.88766 ], [ -80.380628, 37.88768 ], [ -80.380623, 37.88768 ], [ -80.380623, 37.887667 ], [ -80.380612, 37.887652 ], [ -80.380544, 37.887621 ], [ -80.380541, 37.887576 ], [ -80.380563, 37.88754 ], [ -80.380583, 37.887531 ], [ -80.380583, 37.887513 ], [ -80.38059, 37.887505 ], [ -80.380624, 37.887501 ], [ -80.38064, 37.887491 ] ] } },
{ "type": "Feature", "properties": { "ID": 306, "elev": 696.468 }, "geometry": { "type": "LineString", "coordinates": [ [ -80.380641, 37.887477 ], [ -80.380659, 37.88748 ], [ -80.380693, 37.887498 ], [ -80.380721, 37.887504 ], [ -80.380726, 37.887528 ], [ -80.380752, 37.887546 ], [ -80.380752, 37.887586 ], [ -80.380767, 37.887618 ], [ -80.380758, 37.887654 ], [ -80.380748, 37.887664 ], [ -80.380734, 37.887658 ], [ -80.380714, 37.887677 ], [ -80.380691, 37.887685 ], [ -80.380663, 37.88767 ], [ -80.380628, 37.887686 ], [ -80.380589, 37.887674 ], [ -80.38056, 37.887649 ], [ -80.380538, 37.887645 ], [ -80.380523, 37.887612 ], [ -80.380508, 37.887603 ], [ -80.380514, 37.887585 ], [ -80.380504, 37.887576 ], [ -80.380513, 37.887567 ], [ -80.380517, 37.887535 ], [ -80.380552, 37.887526 ], [ -80.380538, 37.887517 ], [ -80.380551, 37.887508 ], [ -80.380607, 37.887498 ], [ -80.380641, 37.887477 ] ] } },
{ "type": "Feature", "properties": { "ID": 307, "elev": 694.944 }, "geometry": { "type": "LineString", "coordinates": [ [ -80.380637, 37.887468 ], [ -80.380647, 37.887465 ], [ -80.380681, 37.887472 ], [ -80.380715, 37.88749 ], [ -80.380726, 37.887514 ], [ -80.380762, 37.887546 ], [ -80.38076, 37.887578 ], [ -80.38078, 37.887627 ], [ -80.38077, 37.887654 ], [ -80.380751, 37.887676 ], [ -80.380747, 37.887699 ], [ -80.380755, 37.887721 ], [ -80.380725, 37.887736 ], [ -80.380736, 37.887705 ], [ -80.380718, 37.887708 ], [ -80.380721, 37.887721 ], [ -80.380702, 37.887726 ], [ -80.380689, 37.887716 ], [ -80.380706, 37.887699 ], [ -80.380696, 37.887701 ], [ -80.380668, 37.887693 ], [ -80.380657, 37.887678 ], [ -80.380645, 37.887688 ], [ -80.380583, 37.887686 ], [ -80.380543, 37.887706 ], [ -80.380532, 37.887698 ], [ -80.380503, 37.887722 ], [ -80.380485, 37.887711 ], [ -80.380475, 37.887691 ], [ -80.380443, 37.887684 ], [ -80.380442, 37.88767 ], [ -80.380432, 37.887661 ], [ -80.380444, 37.887652 ], [ -80.38044, 37.887639 ], [ -80.38045, 37.887634 ], [ -80.380455, 37.887612 ], [ -80.380486, 37.887594 ], [ -80.380482, 37.887549 ], [ -80.380499, 37.887532 ], [ -80.380515, 37.887526 ], [ -80.380499, 37.887518 ], [ -80.380502, 37.887513 ], [ -80.380529, 37.887504 ], [ -80.380584, 37.8875 ], [ -80.380637, 37.887468 ] ] } },
{ "type": "Feature", "properties": { "ID": 308, "elev": 693.42 }, "geometry": { "type": "LineString", "coordinates": [ [ -80.380641, 37.887455 ], [ -80.380681, 37.887456 ], [ -80.380715, 37.887474 ], [ -80.380727, 37.887503 ], [ -80.380744, 37.88751 ], [ -80.380776, 37.887546 ], [ -80.380774, 37.887559 ], [ -80.380798, 37.887618 ], [ -80.380782, 37.887636 ], [ -80.380781, 37.887658 ], [ -80.38077, 37.887685 ], [ -80.38077, 37.887699 ], [ -80.380786, 37.887712 ], [ -80.38077, 37.887733 ], [ -80.380753, 37.887743 ], [ -80.380719, 37.887743 ], [ -80.380679, 37.887734 ], [ -80.380661, 37.887721 ], [ -80.380651, 37.8877 ], [ -80.380617, 37.887691 ], [ -80.380592, 37.887707 ], [ -80.380598, 37.887725 ], [ -80.380588, 37.887738 ], [ -80.380566, 37.887726 ], [ -80.380548, 37.887728 ], [ -80.380528, 37.887738 ], [ -80.380514, 37.887755 ], [ -80.380501, 37.887738 ], [ -80.380491, 37.887738 ], [ -80.38048, 37.887724 ], [ -80.380467, 37.887693 ], [ -80.380446, 37.887694 ], [ -80.380412, 37.887679 ], [ -80.38039, 37.887682 ], [ -80.380382, 37.887674 ], [ -80.380384, 37.887665 ], [ -80.380396, 37.887654 ], [ -80.380423, 37.887652 ], [ -80.380419, 37.887634 ], [ -80.380441, 37.887622 ], [ -80.380441, 37.887599 ], [ -80.380457, 37.887585 ], [ -80.380476, 37.887577 ], [ -80.380468, 37.887544 ], [ -80.380484, 37.887531 ], [ -80.380467, 37.887517 ], [ -80.38047, 37.887504 ], [ -80.38051, 37.887505 ], [ -80.380579, 37.887496 ], [ -80.38059, 37.887477 ], [ -80.38063, 37.887464 ], [ -80.380641, 37.887455 ] ] } },
{ "type": "Feature", "properties": { "ID": 309, "elev": 690.372 }, "geometry": { "type": "LineString", "coordinates": [ [ -80.377759, 37.887416 ], [ -80.377757, 37.887417 ], [ -80.377762, 37.887417 ], [ -80.377759, 37.887416 ] ] } },
{ "type": "Feature", "properties": { "ID": 310, "elev": 690.372 }, "geometry": { "type": "LineString", "coordinates": [ [ -80.380633, 37.887428 ], [ -80.380676, 37.887424 ], [ -80.380689, 37.887428 ], [ -80.380692, 37.887446 ], [ -80.380726, 37.887473 ], [ -80.380732, 37.887489 ], [ -80.380783, 37.88751 ], [ -80.380792, 37.887537 ], [ -80.380821, 37.887568 ], [ -80.380832, 37.887659 ], [ -80.380802, 37.887713 ], [ -80.38081, 37.887728 ], [ -80.380792, 37.887735 ], [ -80.380772, 37.887757 ], [ -80.380776, 37.887766 ], [ -80.3808, 37.887767 ], [ -80.38077, 37.887771 ], [ -80.380779, 37.88778 ], [ -80.380773, 37.887785 ], [ -80.380761, 37.887784 ], [ -80.380758, 37.887773 ], [ -80.380741, 37.887769 ], [ -80.38069, 37.887779 ], [ -80.38069, 37.887785 ], [ -80.380673, 37.887791 ], [ -80.380628, 37.887788 ], [ -80.380605, 37.887765 ], [ -80.380571, 37.88777 ], [ -80.380562, 37.887779 ], [ -80.380566, 37.887788 ], [ -80.380559, 37.887805 ], [ -80.380525, 37.887814 ], [ -80.380513, 37.887828 ], [ -80.380482, 37.887842 ], [ -80.380509, 37.887864 ], [ -80.380519, 37.8879 ], [ -80.380496, 37.887945 ], [ -80.380461, 37.887944 ], [ -80.380421, 37.887955 ], [ -80.380416, 37.887951 ], [ -80.380404, 37.887967 ], [ -80.380393, 37.887952 ], [ -80.380376, 37.887966 ], [ -80.380296, 37.887951 ], [ -80.380292, 37.887944 ], [ -80.380296, 37.887936 ], [ -80.380325, 37.887938 ], [ -80.380341, 37.887922 ], [ -80.380345, 37.887908 ], [ -80.380338, 37.887895 ], [ -80.38035, 37.887886 ], [ -80.380348, 37.887868 ], [ -80.380366, 37.887859 ], [ -80.380361, 37.887845 ], [ -80.380394, 37.887823 ], [ -80.380386, 37.887801 ], [ -80.380394, 37.887769 ], [ -80.380382, 37.887746 ], [ -80.38039, 37.887724 ], [ -80.380363, 37.887679 ], [ -80.380397, 37.887652 ], [ -80.380413, 37.887625 ], [ -80.380425, 37.88762 ], [ -80.380428, 37.88758 ], [ -80.380454, 37.887539 ], [ -80.380447, 37.887517 ], [ -80.380459, 37.88749 ], [ -80.380477, 37.887473 ], [ -80.380499, 37.887471 ], [ -80.380522, 37.887451 ], [ -80.380602, 37.887455 ], [ -80.380625, 37.887441 ], [ -80.380633, 37.887428 ] ] } },
{ "type": "Feature", "properties": { "ID": 311, "elev": 691.896 }, "geometry": { "type": "LineString", "coordinates": [ [ -80.380645, 37.887428 ], [ -80.380676, 37.887426 ], [ -80.380687, 37.887432 ], [ -80.380688, 37.887446 ], [ -80.380723, 37.887473 ], [ -80.380727, 37.887498 ], [ -80.380763, 37.88751 ], [ -80.380794, 37.887562 ], [ -80.380817, 37.887582 ], [ -80.380818, 37.887614 ], [ -80.3808, 37.887636 ], [ -80.380805, 37.887659 ], [ -80.380791, 37.887681 ], [ -80.380791, 37.887726 ], [ -80.380749, 37.887762 ], [ -80.380719, 37.887766 ], [ -80.380713, 37.887755 ], [ -80.380702, 37.887753 ], [ -80.38065, 37.887781 ], [ -80.380633, 37.88778 ], [ -80.380621, 37.88777 ], [ -80.380622, 37.887757 ], [ -80.380611, 37.887745 ], [ -80.380588, 37.887758 ], [ -80.380552, 37.887752 ], [ -80.380546, 37.887761 ], [ -80.380549, 37.88777 ], [ -80.380519, 37.887788 ], [ -80.380474, 37.887777 ], [ -80.380477, 37.887783 ], [ -80.380456, 37.887796 ], [ -80.380445, 37.887855 ], [ -80.380429, 37.887846 ], [ -80.380423, 37.887813 ], [ -80.380411, 37.88781 ], [ -80.380421, 37.887787 ], [ -80.380398, 37.887737 ], [ -80.380401, 37.887731 ], [ -80.380429, 37.887734 ], [ -80.380452, 37.887745 ], [ -80.380457, 37.887743 ], [ -80.380463, 37.887702 ], [ -80.380458, 37.887697 ], [ -80.380406, 37.88771 ], [ -80.380401, 37.887694 ], [ -80.380378, 37.887689 ], [ -80.38037, 37.887674 ], [ -80.3804, 37.887652 ], [ -80.380413, 37.887629 ], [ -80.380432, 37.887621 ], [ -80.380436, 37.887585 ], [ -80.380462, 37.887558 ], [ -80.380462, 37.887535 ], [ -80.380453, 37.887517 ], [ -80.380465, 37.887495 ], [ -80.380476, 37.887491 ], [ -80.380516, 37.887497 ], [ -80.380522, 37.887495 ], [ -80.380522, 37.887478 ], [ -80.380539, 37.887483 ], [ -80.380585, 37.887472 ], [ -80.38063, 37.887452 ], [ -80.380645, 37.887428 ] ] } },
{ "type": "Feature", "properties": { "ID": 312, "elev": 675.132 }, "geometry": { "type": "LineString", "coordinates": [ [ -80.381128, 37.887437 ], [ -80.38111, 37.887435 ], [ -80.381113, 37.887419 ] ] } },
{ "type": "Feature", "properties": { "ID": 313, "elev": 685.8 }, "geometry": { "type": "LineString", "coordinates": [ [ -80.380562, 37.887413 ], [ -80.38055, 37.887418 ], [ -80.380579, 37.887419 ], [ -80.38059, 37.887414 ], [ -80.380562, 37.887413 ] ] } },
{ "type": "Feature", "properties": { "ID": 314, "elev": 690.372 }, "geometry": { "type": "LineString", "coordinates": [ [ -80.377631, 37.887398 ], [ -80.377648, 37.887399 ], [ -80.377657, 37.887412 ], [ -80.377685, 37.887406 ], [ -80.377731, 37.887423 ], [ -80.377746, 37.887417 ], [ -80.377754, 37.887405 ], [ -80.377765, 37.887417 ], [ -80.377793, 37.887405 ], [ -80.377822, 37.887415 ], [ -80.377839, 37.887408 ], [ -80.37785, 37.887415 ], [ -80.377856, 37.887406 ], [ -80.377867, 37.887427 ], [ -80.377907, 37.887428 ], [ -80.377918, 37.887442 ], [ -80.377969, 37.887441 ], [ -80.377979, 37.887445 ], [ -80.377982, 37.887459 ], [ -80.377992, 37.887462 ], [ -80.378026, 37.887461 ], [ -80.378038, 37.887477 ], [ -80.378032, 37.887476 ], [ -80.378031, 37.887483 ], [ -80.378043, 37.887483 ], [ -80.378049, 37.887472 ], [ -80.378088, 37.887468 ], [ -80.3781, 37.88748 ], [ -80.378127, 37.887482 ], [ -80.378213, 37.887544 ], [ -80.378249, 37.887555 ], [ -80.378327, 37.887591 ], [ -80.378351, 37.88761 ], [ -80.378369, 37.887628 ], [ -80.37839, 37.887673 ], [ -80.378389, 37.887686 ], [ -80.378411, 37.887706 ], [ -80.378424, 37.887709 ], [ -80.378416, 37.887732 ], [ -80.378422, 37.887745 ], [ -80.378432, 37.887745 ], [ -80.378433, 37.887762 ], [ -80.378444, 37.887748 ], [ -80.378467, 37.887738 ], [ -80.378478, 37.887745 ], [ -80.378484, 37.887771 ], [ -80.378513, 37.887755 ], [ -80.378592, 37.887772 ], [ -80.378598, 37.887785 ], [ -80.378649, 37.887767 ], [ -80.378683, 37.887761 ], [ -80.3787, 37.887764 ], [ -80.378712, 37.887759 ], [ -80.378717, 37.887765 ], [ -80.378751, 37.887771 ], [ -80.37878, 37.887767 ], [ -80.378791, 37.887783 ], [ -80.378819, 37.887784 ], [ -80.378844, 37.887806 ], [ -80.378865, 37.887809 ], [ -80.378899, 37.887805 ], [ -80.37895, 37.887786 ], [ -80.378967, 37.887788 ], [ -80.378998, 37.887811 ], [ -80.37899, 37.88783 ], [ -80.379017, 37.887843 ], [ -80.379046, 37.887839 ], [ -80.379042, 37.887829 ], [ -80.379049, 37.887825 ], [ -80.379064, 37.887826 ], [ -80.379086, 37.887817 ], [ -80.379098, 37.887828 ], [ -80.379108, 37.887861 ], [ -80.379137, 37.887872 ], [ -80.379158, 37.887857 ], [ -80.379182, 37.887884 ], [ -80.379185, 37.887902 ], [ -80.379177, 37.887912 ], [ -80.379164, 37.887911 ], [ -80.379159, 37.88792 ], [ -80.379169, 37.887934 ], [ -80.379183, 37.887938 ], [ -80.379204, 37.887976 ], [ -80.379267, 37.888023 ], [ -80.379295, 37.888031 ], [ -80.37934, 37.888066 ], [ -80.37938, 37.888081 ], [ -80.379459, 37.888086 ], [ -80.379567, 37.88808 ], [ -80.379619, 37.888067 ], [ -80.379631, 37.888071 ], [ -80.379633, 37.88808 ], [ -80.379664, 37.888105 ], [ -80.379709, 37.888102 ], [ -80.379743, 37.888117 ], [ -80.379834, 37.888141 ], [ -80.379913, 37.888187 ], [ -80.379924, 37.888217 ], [ -80.379936, 37.888226 ], [ -80.379981, 37.88824 ], [ -80.380043, 37.888276 ], [ -80.380066, 37.888256 ], [ -80.380086, 37.888209 ], [ -80.380078, 37.888187 ], [ -80.380061, 37.888191 ], [ -80.380053, 37.888186 ], [ -80.380063, 37.888164 ], [ -80.380084, 37.888145 ], [ -80.380096, 37.888161 ], [ -80.38013, 37.888144 ], [ -80.380147, 37.888144 ], [ -80.38016, 37.888137 ], [ -80.380164, 37.888123 ], [ -80.380181, 37.888144 ], [ -80.380209, 37.888139 ], [ -80.380218, 37.888156 ], [ -80.380226, 37.888159 ], [ -80.380266, 37.888139 ], [ -80.380289, 37.888147 ], [ -80.380301, 37.888138 ], [ -80.380295, 37.888129 ], [ -80.380301, 37.888125 ], [ -80.380323, 37.888126 ], [ -80.380358, 37.888118 ], [ -80.380376, 37.88812 ], [ -80.38042, 37.888154 ], [ -80.380459, 37.888161 ], [ -80.380471, 37.888156 ], [ -80.380477, 37.888163 ], [ -80.380488, 37.888155 ], [ -80.380511, 37.888157 ], [ -80.38052, 37.88818 ], [ -80.380516, 37.888193 ], [ -80.380445, 37.888193 ], [ -80.380465, 37.888208 ], [ -80.380516, 37.888194 ], [ -80.380523, 37.888229 ], [ -80.380533, 37.888233 ], [ -80.380578, 37.888225 ], [ -80.38059, 37.888203 ], [ -80.380641, 37.888173 ], [ -80.380635, 37.888158 ], [ -80.380642, 37.888152 ], [ -80.380681, 37.888167 ], [ -80.380693, 37.888158 ], [ -80.380761, 37.888162 ], [ -80.380777, 37.888145 ], [ -80.380815, 37.888136 ], [ -80.380829, 37.888122 ], [ -80.380886, 37.888143 ], [ -80.380932, 37.888122 ], [ -80.380994, 37.888134 ], [ -80.381003, 37.88811 ], [ -80.381006, 37.88807 ], [ -80.380995, 37.888038 ], [ -80.380944, 37.888005 ], [ -80.380904, 37.887999 ], [ -80.380893, 37.887978 ], [ -80.380867, 37.887979 ], [ -80.380842, 37.887988 ], [ -80.380802, 37.887956 ], [ -80.380798, 37.887933 ], [ -80.380778, 37.887915 ], [ -80.38085, 37.887853 ], [ -80.380883, 37.887845 ], [ -80.380894, 37.887833 ], [ -80.380908, 37.887848 ], [ -80.380934, 37.887853 ], [ -80.380962, 37.887844 ], [ -80.380963, 37.887822 ], [ -80.380997, 37.887773 ], [ -80.381034, 37.887759 ], [ -80.381031, 37.88775 ], [ -80.381001, 37.887727 ], [ -80.381083, 37.887685 ], [ -80.381118, 37.88766 ], [ -80.381088, 37.887655 ], [ -80.381082, 37.887642 ], [ -80.381117, 37.887638 ], [ -80.381157, 37.887654 ], [ -80.381192, 37.887625 ], [ -80.38124, 37.887606 ] ] } },
{ "type": "Feature", "properties": { "ID": 315, "elev": 687.324 }, "geometry": { "type": "LineString", "coordinates": [ [ -80.380527, 37.887405 ], [ -80.380528, 37.887405 ], [ -80.380529, 37.887405 ], [ -80.380528, 37.887405 ], [ -80.380527, 37.887405 ] ] } },
{ "type": "Feature", "properties": { "ID": 316, "elev": 688.848 }, "geometry": { "type": "LineString", "coordinates": [ [ -80.378134, 37.887392 ], [ -80.37814, 37.88739 ], [ -80.378143, 37.887392 ], [ -80.37814, 37.887397 ], [ -80.378134, 37.887392 ] ] } },
{ "type": "Feature", "properties": { "ID": 317, "elev": 690.372 }, "geometry": { "type": "LineString", "coordinates": [ [ -80.377719, 37.887385 ], [ -80.377725, 37.88739 ], [ -80.377719, 37.887401 ], [ -80.377711, 37.887399 ], [ -80.377719, 37.887385 ] ] } },
{ "type": "Feature", "properties": { "ID": 318, "elev": 679.704 }, "geometry": { "type": "LineString", "coordinates": [ [ -80.380462, 37.887364 ], [ -80.380468, 37.887364 ], [ -80.380467, 37.887368 ], [ -80.38046, 37.887369 ], [ -80.380462, 37.887364 ] ] } },
{ "type": "Feature", "properties": { "ID": 319, "elev": 669.036 }, "geometry": { "type": "LineString", "coordinates": [ [ -80.380978, 37.887357 ], [ -80.380969, 37.88743 ], [ -80.380961, 37.887439 ], [ -80.380977, 37.887448 ], [ -80.380995, 37.887439 ], [ -80.380985, 37.887416 ], [ -80.380978, 37.887357 ] ] } },
{ "type": "Feature", "properties": { "ID": 320, "elev": 685.8 }, "geometry": { "type": "LineString", "coordinates": [ [ -80.380641, 37.887333 ], [ -80.380654, 37.887333 ], [ -80.380654, 37.887343 ], [ -80.380643, 37.887335 ], [ -80.380641, 37.887333 ] ] } },
{ "type": "Feature", "properties": { "ID": 321, "elev": 670.56 }, "geometry": { "type": "LineString", "coordinates": [ [ -80.381007, 37.887312 ], [ -80.381005, 37.887313 ], [ -80.381007, 37.887313 ], [ -80.381007, 37.887312 ] ] } },
{ "type": "Feature", "properties": { "ID": 322, "elev": 688.848 }, "geometry": { "type": "Point", "coordinates": [ -80.377726, 37.887264 ] } },
{ "type": "Feature", "properties": { "ID": 323, "elev": 679.704 }, "geometry": { "type": "LineString", "coordinates": [ [ -80.380302, 37.887268 ], [ -80.380301, 37.887273 ], [ -80.380302, 37.887275 ], [ -80.380304, 37.887273 ], [ -80.380302, 37.887268 ] ] } },
{ "type": "Feature", "properties": { "ID": 324, "elev": 679.704 }, "geometry": { "type": "LineString", "coordinates": [ [ -80.380811, 37.887266 ], [ -80.380814, 37.887263 ], [ -80.380816, 37.887271 ], [ -80.380813, 37.887271 ], [ -80.380811, 37.887266 ] ] } },
{ "type": "Feature", "properties": { "ID": 325, "elev": 670.56 }, "geometry": { "type": "LineString", "coordinates": [ [ -80.380979, 37.887254 ], [ -80.380967, 37.887407 ], [ -80.380948, 37.887443 ], [ -80.380977, 37.887466 ], [ -80.380996, 37.887448 ], [ -80.381022, 37.887443 ], [ -80.381009, 37.887434 ], [ -80.381013, 37.887421 ], [ -80.380989, 37.8874 ], [ -80.380984, 37.88733 ], [ -80.380997, 37.887317 ], [ -80.380979, 37.887254 ] ] } },
{ "type": "Feature", "properties": { "ID": 326, "elev": 688.848 }, "geometry": { "type": "LineString", "coordinates": [ [ -80.377627, 37.887248 ], [ -80.377658, 37.887233 ], [ -80.37767, 37.887233 ], [ -80.377688, 37.887241 ], [ -80.377687, 37.887247 ], [ -80.377672, 37.887245 ], [ -80.37768, 37.887263 ], [ -80.377694, 37.887264 ], [ -80.377689, 37.887255 ], [ -80.377698, 37.887253 ], [ -80.377717, 37.887264 ], [ -80.377704, 37.887267 ], [ -80.377706, 37.887273 ], [ -80.377726, 37.887269 ], [ -80.377738, 37.887274 ], [ -80.377738, 37.887266 ], [ -80.377749, 37.887264 ], [ -80.377751, 37.887282 ], [ -80.377766, 37.887294 ], [ -80.377777, 37.88729 ], [ -80.377794, 37.887301 ], [ -80.377806, 37.887296 ], [ -80.377828, 37.887304 ], [ -80.377874, 37.887305 ], [ -80.377885, 37.887317 ], [ -80.377896, 37.887319 ], [ -80.377902, 37.887328 ], [ -80.377936, 37.887326 ], [ -80.377939, 37.887337 ], [ -80.377953, 37.887344 ], [ -80.377964, 37.887343 ], [ -80.377968, 37.887337 ], [ -80.377962, 37.887333 ], [ -80.37797, 37.88733 ], [ -80.37798, 37.887337 ], [ -80.377981, 37.887351 ], [ -80.378033, 37.88736 ], [ -80.378061, 37.887388 ], [ -80.378112, 37.887395 ], [ -80.378129, 37.887405 ], [ -80.378169, 37.887408 ], [ -80.37818, 37.887417 ], [ -80.378203, 37.887415 ], [ -80.378225, 37.887421 ], [ -80.378252, 37.887433 ], [ -80.378265, 37.887447 ], [ -80.378305, 37.887447 ], [ -80.378322, 37.887465 ], [ -80.37835, 37.887465 ], [ -80.378356, 37.887475 ], [ -80.37839, 37.887487 ], [ -80.378395, 37.887499 ], [ -80.378412, 37.887501 ], [ -80.378435, 37.887526 ], [ -80.378446, 37.887521 ], [ -80.378452, 37.887524 ], [ -80.378452, 37.887535 ], [ -80.378435, 37.887534 ], [ -80.378431, 37.887538 ], [ -80.378431, 37.887551 ], [ -80.378457, 37.887558 ], [ -80.37848, 37.887581 ], [ -80.378504, 37.887592 ], [ -80.378508, 37.887603 ], [ -80.378548, 37.887603 ], [ -80.378561, 37.887597 ], [ -80.378562, 37.887575 ], [ -80.378574, 37.88757 ], [ -80.378571, 37.887552 ], [ -80.378582, 37.887552 ], [ -80.378591, 37.887561 ], [ -80.378578, 37.887575 ], [ -80.37858, 37.887593 ], [ -80.378599, 37.887602 ], [ -80.378603, 37.887615 ], [ -80.378622, 37.887625 ], [ -80.37865, 37.887671 ], [ -80.378781, 37.887656 ], [ -80.378765, 37.887679 ], [ -80.378775, 37.887688 ], [ -80.378781, 37.887715 ], [ -80.378803, 37.887721 ], [ -80.378835, 37.887711 ], [ -80.378831, 37.887698 ], [ -80.378854, 37.887678 ], [ -80.378871, 37.887677 ], [ -80.378905, 37.887691 ], [ -80.378909, 37.887698 ], [ -80.378897, 37.887721 ], [ -80.378878, 37.887734 ], [ -80.378875, 37.887761 ], [ -80.378882, 37.887771 ], [ -80.378899, 37.887771 ], [ -80.378936, 37.887752 ], [ -80.378934, 37.887743 ], [ -80.378945, 37.887732 ], [ -80.378951, 37.887738 ], [ -80.378968, 37.887735 ], [ -80.378985, 37.887745 ], [ -80.378996, 37.887743 ], [ -80.379013, 37.88775 ], [ -80.379053, 37.887744 ], [ -80.379087, 37.887761 ], [ -80.379104, 37.887755 ], [ -80.379155, 37.887754 ], [ -80.379189, 37.887774 ], [ -80.379206, 37.887768 ], [ -80.379223, 37.887773 ], [ -80.379259, 37.887799 ], [ -80.379243, 37.887804 ], [ -80.379255, 37.887817 ], [ -80.379257, 37.887843 ], [ -80.379285, 37.887839 ], [ -80.379289, 37.887844 ], [ -80.379292, 37.887862 ], [ -80.37931, 37.88788 ], [ -80.379301, 37.887889 ], [ -80.379314, 37.887908 ], [ -80.379309, 37.887917 ], [ -80.379324, 37.887919 ], [ -80.379336, 37.887908 ], [ -80.379348, 37.887953 ], [ -80.379337, 37.887975 ], [ -80.379346, 37.887992 ], [ -80.379386, 37.888026 ], [ -80.379414, 37.888035 ], [ -80.379437, 37.888027 ], [ -80.37946, 37.888007 ], [ -80.379494, 37.888014 ], [ -80.37954, 37.888005 ], [ -80.379585, 37.888009 ], [ -80.379642, 37.88799 ], [ -80.379665, 37.887994 ], [ -80.379691, 37.888018 ], [ -80.379727, 37.888032 ], [ -80.379824, 37.888019 ], [ -80.37983, 37.888054 ], [ -80.379846, 37.888072 ], [ -80.379886, 37.888086 ], [ -80.379926, 37.888089 ], [ -80.37998, 37.888123 ], [ -80.379993, 37.888162 ], [ -80.380005, 37.888165 ], [ -80.380016, 37.888181 ], [ -80.380079, 37.888132 ], [ -80.380124, 37.888134 ], [ -80.380146, 37.888124 ], [ -80.380143, 37.888106 ], [ -80.380153, 37.888096 ], [ -80.380171, 37.888092 ], [ -80.380171, 37.888065 ], [ -80.380187, 37.888054 ], [ -80.380211, 37.88807 ], [ -80.380222, 37.88807 ], [ -80.380223, 37.888106 ], [ -80.380249, 37.888123 ], [ -80.380278, 37.888122 ], [ -80.380295, 37.888116 ], [ -80.380307, 37.888093 ], [ -80.380292, 37.888084 ], [ -80.380312, 37.88807 ], [ -80.380323, 37.88808 ], [ -80.380321, 37.888098 ], [ -80.380331, 37.888093 ], [ -80.380335, 37.888078 ], [ -80.380369, 37.888082 ], [ -80.38038, 37.888091 ], [ -80.380403, 37.888092 ], [ -80.38042, 37.888112 ], [ -80.38043, 37.888098 ], [ -80.380466, 37.888084 ], [ -80.380475, 37.888085 ], [ -80.380494, 37.888113 ], [ -80.380558, 37.888112 ], [ -80.380579, 37.888096 ], [ -80.380583, 37.888018 ], [ -80.380603, 37.888004 ], [ -80.380603, 37.887981 ], [ -80.38058, 37.887988 ], [ -80.380563, 37.887984 ], [ -80.380552, 37.887994 ], [ -80.380512, 37.887975 ], [ -80.380495, 37.887982 ], [ -80.380478, 37.88798 ], [ -80.380457, 37.887999 ], [ -80.380459, 37.888013 ], [ -80.380449, 37.888018 ], [ -80.380444, 37.888034 ], [ -80.380415, 37.888037 ], [ -80.380409, 37.88803 ], [ -80.380381, 37.888023 ], [ -80.380375, 37.888015 ], [ -80.380341, 37.888013 ], [ -80.380313, 37.887999 ], [ -80.380305, 37.887989 ], [ -80.38031, 37.887976 ], [ -80.380301, 37.887971 ], [ -80.380308, 37.887962 ], [ -80.380302, 37.887957 ], [ -80.380285, 37.88796 ], [ -80.380273, 37.887953 ], [ -80.380285, 37.887931 ], [ -80.380331, 37.887916 ], [ -80.38033, 37.887895 ], [ -80.380342, 37.887881 ], [ -80.380332, 37.887859 ], [ -80.380334, 37.887845 ], [ -80.380378, 37.887805 ], [ -80.380371, 37.887787 ], [ -80.380374, 37.887769 ], [ -80.380363, 37.887746 ], [ -80.380383, 37.887733 ], [ -80.380383, 37.887724 ], [ -80.38036, 37.887679 ], [ -80.380396, 37.88765 ], [ -80.380425, 37.887598 ], [ -80.380403, 37.887562 ], [ -80.380403, 37.887553 ], [ -80.380436, 37.887548 ], [ -80.380445, 37.887512 ], [ -80.380436, 37.887499 ], [ -80.380448, 37.887496 ], [ -80.38046, 37.887476 ], [ -80.380494, 37.887451 ], [ -80.38054, 37.887431 ], [ -80.380602, 37.887439 ], [ -80.380648, 37.887414 ], [ -80.380665, 37.887418 ], [ -80.380676, 37.887412 ], [ -80.380678, 37.887419 ], [ -80.380693, 37.887427 ], [ -80.380748, 37.887419 ], [ -80.380735, 37.887433 ], [ -80.380696, 37.887442 ], [ -80.380716, 37.887465 ], [ -80.38076, 37.887478 ], [ -80.380774, 37.887496 ], [ -80.380808, 37.88751 ], [ -80.380802, 37.887532 ], [ -80.380823, 37.887556 ], [ -80.380833, 37.887609 ], [ -80.380845, 37.887627 ], [ -80.380833, 37.887695 ], [ -80.380816, 37.887702 ], [ -80.38081, 37.887713 ], [ -80.380824, 37.887726 ], [ -80.380818, 37.887758 ], [ -80.380832, 37.887763 ], [ -80.380863, 37.887758 ], [ -80.380864, 37.887799 ], [ -80.380889, 37.887804 ], [ -80.380906, 37.887801 ], [ -80.380906, 37.887815 ], [ -80.380924, 37.887821 ], [ -80.380924, 37.88783 ], [ -80.380945, 37.887842 ], [ -80.380976, 37.887781 ], [ -80.380992, 37.887768 ], [ -80.381003, 37.887736 ], [ -80.380995, 37.887727 ], [ -80.381102, 37.887669 ], [ -80.381007, 37.887655 ], [ -80.380997, 37.887637 ], [ -80.381033, 37.887633 ], [ -80.381112, 37.887635 ], [ -80.381157, 37.88765 ], [ -80.381225, 37.887586 ] ] } },
{ "type": "Feature", "properties": { "ID": 327, "elev": 682.752 }, "geometry": { "type": "LineString", "coordinates": [ [ -80.380626, 37.887238 ], [ -80.380644, 37.887239 ], [ -80.380648, 37.887266 ], [ -80.380643, 37.887272 ], [ -80.380606, 37.887265 ], [ -80.380633, 37.887248 ], [ -80.380626, 37.887238 ] ] } },
{ "type": "Feature", "properties": { "ID": 328, "elev": 685.8 }, "geometry": { "type": "LineString", "coordinates": [ [ -80.378647, 37.88721 ], [ -80.378648, 37.887209 ], [ -80.378668, 37.887215 ], [ -80.378648, 37.887217 ], [ -80.378647, 37.88721 ] ] } },
{ "type": "Feature", "properties": { "ID": 329, "elev": 672.084 }, "geometry": { "type": "LineString", "coordinates": [ [ -80.380976, 37.887208 ], [ -80.380966, 37.887387 ], [ -80.380933, 37.887443 ], [ -80.380966, 37.88746 ], [ -80.380977, 37.887487 ], [ -80.380988, 37.887466 ], [ -80.381014, 37.887448 ], [ -80.381056, 37.887444 ], [ -80.381028, 37.887434 ], [ -80.381043, 37.887421 ], [ -80.381039, 37.887412 ], [ -80.381018, 37.88739 ], [ -80.380995, 37.887383 ], [ -80.380989, 37.887366 ], [ -80.38099, 37.887327 ], [ -80.381044, 37.887305 ] ] } },
{ "type": "Feature", "properties": { "ID": 330, "elev": 673.608 }, "geometry": { "type": "LineString", "coordinates": [ [ -80.380976, 37.887205 ], [ -80.38097, 37.887209 ], [ -80.380961, 37.887372 ], [ -80.380938, 37.887389 ], [ -80.380927, 37.887416 ], [ -80.380928, 37.887434 ], [ -80.380918, 37.887443 ], [ -80.380937, 37.887447 ], [ -80.380966, 37.887469 ], [ -80.380977, 37.887509 ], [ -80.380994, 37.887477 ], [ -80.381034, 37.887448 ], [ -80.381099, 37.887444 ], [ -80.381075, 37.887435 ], [ -80.381072, 37.887403 ], [ -80.381052, 37.887372 ], [ -80.381022, 37.887353 ], [ -80.380995, 37.887346 ], [ -80.380995, 37.887327 ], [ -80.381044, 37.887307 ] ] } },
{ "type": "Feature", "properties": { "ID": 331, "elev": 675.132 }, "geometry": { "type": "LineString", "coordinates": [ [ -80.380971, 37.887197 ], [ -80.380965, 37.887204 ], [ -80.380961, 37.887296 ], [ -80.38092, 37.887344 ], [ -80.380919, 37.887371 ], [ -80.380908, 37.887407 ], [ -80.380914, 37.887434 ], [ -80.380902, 37.887443 ], [ -80.380925, 37.887447 ], [ -80.380938, 37.887465 ], [ -80.380963, 37.887475 ], [ -80.380977, 37.887531 ], [ -80.380994, 37.887494 ], [ -80.381028, 37.887479 ], [ -80.381059, 37.887448 ], [ -80.381134, 37.88744 ] ] } },
{ "type": "Feature", "properties": { "ID": 332, "elev": 678.18 }, "geometry": { "type": "LineString", "coordinates": [ [ -80.380529, 37.887184 ], [ -80.380541, 37.887184 ], [ -80.380536, 37.887192 ], [ -80.38053, 37.887191 ], [ -80.380529, 37.887184 ] ] } },
{ "type": "Feature", "properties": { "ID": 333, "elev": 679.704 }, "geometry": { "type": "LineString", "coordinates": [ [ -80.380375, 37.887183 ], [ -80.380377, 37.88718 ], [ -80.380377, 37.887186 ], [ -80.380375, 37.887183 ] ] } },
{ "type": "Feature", "properties": { "ID": 334, "elev": 678.18 }, "geometry": { "type": "LineString", "coordinates": [ [ -80.38054, 37.887179 ], [ -80.380542, 37.887176 ], [ -80.380542, 37.887183 ], [ -80.38054, 37.887179 ] ] } },
{ "type": "Feature", "properties": { "ID": 335, "elev": 678.18 }, "geometry": { "type": "LineString", "coordinates": [ [ -80.380547, 37.88717 ], [ -80.380549, 37.887175 ], [ -80.380547, 37.887177 ], [ -80.380543, 37.887175 ], [ -80.380547, 37.88717 ] ] } },
{ "type": "Feature", "properties": { "ID": 336, "elev": 679.704 }, "geometry": { "type": "LineString", "coordinates": [ [ -80.380626, 37.887171 ], [ -80.380633, 37.887168 ], [ -80.380639, 37.887175 ], [ -80.380633, 37.887193 ], [ -80.380626, 37.887171 ] ] } },
{ "type": "Feature", "properties": { "ID": 337, "elev": 678.18 }, "geometry": { "type": "LineString", "coordinates": [ [ -80.380292, 37.887165 ], [ -80.380286, 37.88717 ], [ -80.380297, 37.887182 ], [ -80.380309, 37.887176 ], [ -80.380326, 37.887182 ], [ -80.380325, 37.887209 ], [ -80.380337, 37.887212 ], [ -80.380359, 37.887206 ], [ -80.380371, 37.887215 ], [ -80.380376, 37.88721 ], [ -80.380356, 37.887196 ], [ -80.380341, 37.887196 ], [ -80.380337, 37.887176 ], [ -80.380292, 37.887165 ] ] } },
{ "type": "Feature", "properties": { "ID": 338, "elev": 681.228 }, "geometry": { "type": "LineString", "coordinates": [ [ -80.379449, 37.887138 ], [ -80.37945, 37.887137 ], [ -80.379454, 37.887138 ], [ -80.37945, 37.887139 ], [ -80.379449, 37.887138 ] ] } },
{ "type": "Feature", "properties": { "ID": 339, "elev": 675.132 }, "geometry": { "type": "LineString", "coordinates": [ [ -80.380932, 37.887137 ], [ -80.380872, 37.88714 ], [ -80.380862, 37.887145 ], [ -80.38086, 37.887153 ], [ -80.380843, 37.88714 ], [ -80.380838, 37.887144 ], [ -80.380835, 37.887185 ], [ -80.380848, 37.887216 ], [ -80.38086, 37.887225 ], [ -80.380871, 37.887223 ], [ -80.38096, 37.887184 ] ] } },
{ "type": "Feature", "properties": { "ID": 340, "elev": 687.324 }, "geometry": { "type": "LineString", "coordinates": [ [ -80.377954, 37.887121 ], [ -80.377955, 37.88712 ], [ -80.377961, 37.887121 ], [ -80.377955, 37.887122 ], [ -80.377954, 37.887121 ] ] } },
{ "type": "Feature", "properties": { "ID": 341, "elev": 687.324 }, "geometry": { "type": "LineString", "coordinates": [ [ -80.377888, 37.887102 ], [ -80.377896, 37.887102 ], [ -80.377892, 37.88711 ], [ -80.377887, 37.887107 ], [ -80.377888, 37.887102 ] ] } },
{ "type": "Feature", "properties": { "ID": 342, "elev": 679.704 }, "geometry": { "type": "LineString", "coordinates": [ [ -80.380173, 37.887095 ], [ -80.380173, 37.887097 ], [ -80.380178, 37.887096 ], [ -80.380173, 37.887095 ] ] } },
{ "type": "Feature", "properties": { "ID": 343, "elev": 679.704 }, "geometry": { "type": "LineString", "coordinates": [ [ -80.380161, 37.887087 ], [ -80.38016, 37.887087 ], [ -80.380161, 37.887091 ], [ -80.380162, 37.887087 ], [ -80.380161, 37.887087 ] ] } },
{ "type": "Feature", "properties": { "ID": 344, "elev": 679.704 }, "geometry": { "type": "LineString", "coordinates": [ [ -80.380622, 37.887081 ], [ -80.380628, 37.887077 ], [ -80.380681, 37.887081 ], [ -80.380679, 37.887092 ], [ -80.380665, 37.887103 ], [ -80.380672, 37.887113 ], [ -80.380627, 37.887117 ], [ -80.380616, 37.887112 ], [ -80.380622, 37.887081 ] ] } },
{ "type": "Feature", "properties": { "ID": 345, "elev": 682.752 }, "geometry": { "type": "LineString", "coordinates": [ [ -80.380215, 37.887079 ], [ -80.380219, 37.887079 ], [ -80.380218, 37.887084 ], [ -80.380212, 37.887083 ], [ -80.380215, 37.887079 ] ] } },
{ "type": "Feature", "properties": { "ID": 346, "elev": 679.704 }, "geometry": { "type": "LineString", "coordinates": [ [ -80.380359, 37.88707 ], [ -80.380361, 37.88707 ], [ -80.380364, 37.88707 ], [ -80.380361, 37.887071 ], [ -80.380359, 37.88707 ] ] } },
{ "type": "Feature", "properties": { "ID": 347, "elev": 684.276 }, "geometry": { "type": "LineString", "coordinates": [ [ -80.378865, 37.887061 ], [ -80.378871, 37.887069 ], [ -80.378875, 37.887067 ], [ -80.378874, 37.887063 ], [ -80.378865, 37.887061 ] ] } },
{ "type": "Feature", "properties": { "ID": 348, "elev": 679.704 }, "geometry": { "type": "LineString", "coordinates": [ [ -80.380332, 37.887066 ], [ -80.380333, 37.887084 ], [ -80.380366, 37.887118 ], [ -80.380371, 37.887156 ], [ -80.380328, 37.88712 ], [ -80.380332, 37.887066 ] ] } },
{ "type": "Feature", "properties": { "ID": 349, "elev": 679.704 }, "geometry": { "type": "LineString", "coordinates": [ [ -80.380542, 37.887067 ], [ -80.380543, 37.887065 ], [ -80.380543, 37.887067 ], [ -80.380542, 37.887067 ] ] } },
{ "type": "Feature", "properties": { "ID": 350, "elev": 675.132 }, "geometry": { "type": "LineString", "coordinates": [ [ -80.380753, 37.88706 ], [ -80.380752, 37.887063 ], [ -80.380753, 37.887065 ], [ -80.380755, 37.887063 ], [ -80.380753, 37.88706 ] ] } },
{ "type": "Feature", "properties": { "ID": 351, "elev": 679.704 }, "geometry": { "type": "LineString", "coordinates": [ [ -80.380455, 37.887053 ], [ -80.380462, 37.887053 ], [ -80.380457, 37.887059 ], [ -80.380454, 37.887057 ], [ -80.380455, 37.887053 ] ] } },
{ "type": "Feature", "properties": { "ID": 352, "elev": 678.18 }, "geometry": { "type": "LineString", "coordinates": [ [ -80.380486, 37.887047 ], [ -80.380463, 37.887068 ], [ -80.380443, 37.887066 ], [ -80.380437, 37.887071 ], [ -80.380441, 37.887129 ], [ -80.380413, 37.887152 ], [ -80.380419, 37.887179 ], [ -80.380411, 37.887196 ], [ -80.380405, 37.887203 ], [ -80.380377, 37.88721 ], [ -80.380399, 37.887215 ], [ -80.380416, 37.887228 ], [ -80.380456, 37.887228 ], [ -80.380496, 37.887243 ], [ -80.380507, 37.887239 ], [ -80.380533, 37.887211 ], [ -80.380559, 37.887204 ], [ -80.380564, 37.887197 ], [ -80.380594, 37.887193 ], [ -80.380556, 37.887175 ], [ -80.380576, 37.887154 ], [ -80.38062, 37.887139 ], [ -80.380617, 37.887121 ], [ -80.380599, 37.887107 ], [ -80.380576, 37.887119 ], [ -80.380499, 37.887094 ], [ -80.380484, 37.887071 ], [ -80.380486, 37.887047 ] ] } },
{ "type": "Feature", "properties": { "ID": 353, "elev": 675.132 }, "geometry": { "type": "LineString", "coordinates": [ [ -80.38087, 37.887044 ], [ -80.380844, 37.887065 ], [ -80.380811, 37.887073 ], [ -80.380801, 37.887082 ], [ -80.380803, 37.887091 ], [ -80.380815, 37.887095 ], [ -80.380832, 37.887092 ], [ -80.380838, 37.887095 ], [ -80.380833, 37.887109 ], [ -80.380844, 37.887119 ], [ -80.380851, 37.887104 ], [ -80.380836, 37.887091 ], [ -80.380843, 37.887082 ], [ -80.380855, 37.887079 ], [ -80.380881, 37.8871 ], [ -80.380875, 37.887105 ], [ -80.380915, 37.88711 ] ] } },
{ "type": "Feature", "properties": { "ID": 354, "elev": 682.752 }, "geometry": { "type": "LineString", "coordinates": [ [ -80.378797, 37.887032 ], [ -80.378793, 37.887035 ], [ -80.378797, 37.887041 ], [ -80.378803, 37.887035 ], [ -80.378797, 37.887032 ] ] } },
{ "type": "Feature", "properties": { "ID": 355, "elev": 682.752 }, "geometry": { "type": "LineString", "coordinates": [ [ -80.378803, 37.88703 ], [ -80.3788, 37.887031 ], [ -80.378803, 37.887035 ], [ -80.378804, 37.887031 ], [ -80.378803, 37.88703 ] ] } },
{ "type": "Feature", "properties": { "ID": 356, "elev": 684.276 }, "geometry": { "type": "LineString", "coordinates": [ [ -80.378875, 37.887026 ], [ -80.3789, 37.887029 ], [ -80.378898, 37.887049 ], [ -80.378912, 37.887058 ], [ -80.378904, 37.887063 ], [ -80.3789, 37.887081 ], [ -80.378885, 37.88709 ], [ -80.378898, 37.887108 ], [ -80.378893, 37.88711 ], [ -80.378859, 37.88709 ], [ -80.378839, 37.887094 ], [ -80.378852, 37.887062 ], [ -80.378847, 37.887053 ], [ -80.378853, 37.88704 ], [ -80.378875, 37.887026 ] ] } },
{ "type": "Feature", "properties": { "ID": 357, "elev": 679.704 }, "geometry": { "type": "LineString", "coordinates": [ [ -80.380427, 37.88703 ], [ -80.380429, 37.887029 ], [ -80.380429, 37.887032 ], [ -80.380427, 37.88703 ] ] } },
{ "type": "Feature", "properties": { "ID": 358, "elev": 676.656 }, "geometry": { "type": "LineString", "coordinates": [ [ -80.38086, 37.887026 ], [ -80.380839, 37.88705 ], [ -80.380804, 37.887065 ], [ -80.380787, 37.887066 ], [ -80.380759, 37.887042 ], [ -80.380736, 37.887056 ], [ -80.380713, 37.88705 ], [ -80.380703, 37.887081 ], [ -80.380707, 37.887091 ], [ -80.38073, 37.887096 ], [ -80.380736, 37.887084 ], [ -80.380747, 37.887081 ], [ -80.380747, 37.887104 ], [ -80.380753, 37.887106 ], [ -80.380763, 37.887095 ], [ -80.380787, 37.887088 ], [ -80.380807, 37.887113 ], [ -80.380811, 37.887131 ], [ -80.380801, 37.887145 ], [ -80.380802, 37.887158 ], [ -80.380827, 37.887226 ], [ -80.380825, 37.887244 ], [ -80.380842, 37.88726 ], [ -80.380845, 37.887244 ], [ -80.380855, 37.887244 ], [ -80.380863, 37.887348 ], [ -80.380876, 37.887388 ], [ -80.380898, 37.887416 ], [ -80.380899, 37.887434 ], [ -80.380884, 37.887443 ], [ -80.380911, 37.887447 ], [ -80.380922, 37.887465 ], [ -80.38096, 37.887482 ], [ -80.380976, 37.887544 ], [ -80.380994, 37.887512 ], [ -80.381067, 37.887471 ], [ -80.381088, 37.887448 ], [ -80.381134, 37.887444 ] ] } },
{ "type": "Feature", "properties": { "ID": 359, "elev": 684.276 }, "geometry": { "type": "LineString", "coordinates": [ [ -80.378857, 37.887017 ], [ -80.37886, 37.887015 ], [ -80.378863, 37.887017 ], [ -80.37886, 37.887021 ], [ -80.378857, 37.887017 ] ] } },
{ "type": "Feature", "properties": { "ID": 360, "elev": 678.18 }, "geometry": { "type": "LineString", "coordinates": [ [ -80.380848, 37.887017 ], [ -80.380831, 37.887041 ], [ -80.380804, 37.887057 ], [ -80.380787, 37.887054 ], [ -80.380765, 37.887036 ], [ -80.380725, 37.887028 ], [ -80.380707, 37.887032 ], [ -80.380691, 37.887045 ], [ -80.380698, 37.887063 ], [ -80.380696, 37.88709 ], [ -80.380706, 37.887104 ], [ -80.38069, 37.887131 ], [ -80.380707, 37.88715 ], [ -80.380713, 37.887145 ], [ -80.380724, 37.887148 ], [ -80.38073, 37.887135 ], [ -80.380743, 37.887135 ], [ -80.380724, 37.887127 ], [ -80.380735, 37.88712 ], [ -80.380747, 37.887129 ], [ -80.380778, 37.887136 ], [ -80.380792, 37.887153 ], [ -80.380797, 37.887199 ], [ -80.38081, 37.887203 ], [ -80.380821, 37.887226 ], [ -80.380826, 37.887366 ], [ -80.38083, 37.88738 ], [ -80.380857, 37.887393 ], [ -80.38087, 37.887406 ], [ -80.380879, 37.887434 ], [ -80.380867, 37.887443 ], [ -80.380896, 37.887447 ], [ -80.380905, 37.887465 ], [ -80.38096, 37.887497 ], [ -80.380976, 37.88756 ], [ -80.380999, 37.887519 ], [ -80.381062, 37.887494 ], [ -80.381114, 37.88745 ], [ -80.381134, 37.887447 ] ] } },
{ "type": "Feature", "properties": { "ID": 361, "elev": 679.704 }, "geometry": { "type": "LineString", "coordinates": [ [ -80.380514, 37.887017 ], [ -80.38052, 37.887013 ], [ -80.380529, 37.887017 ], [ -80.38052, 37.887022 ], [ -80.380514, 37.887017 ] ] } },
{ "type": "Feature", "properties": { "ID": 362, "elev": 682.752 }, "geometry": { "type": "LineString", "coordinates": [ [ -80.37882, 37.887002 ], [ -80.378816, 37.887008 ], [ -80.37882, 37.887018 ], [ -80.378833, 37.887004 ], [ -80.37882, 37.887002 ] ] } },
{ "type": "Feature", "properties": { "ID": 363, "elev": 678.18 }, "geometry": { "type": "Point", "coordinates": [ -80.380492, 37.887008 ] } },
{ "type": "Feature", "properties": { "ID": 364, "elev": 679.704 }, "geometry": { "type": "LineString", "coordinates": [ [ -80.380543, 37.887008 ], [ -80.380538, 37.887008 ], [ -80.380543, 37.887009 ], [ -80.380543, 37.887008 ] ] } },
{ "type": "Feature", "properties": { "ID": 365, "elev": 687.324 }, "geometry": { "type": "LineString", "coordinates": [ [ -80.377673, 37.886991 ], [ -80.377677, 37.887006 ], [ -80.377683, 37.887005 ], [ -80.377696, 37.887016 ], [ -80.377684, 37.887025 ], [ -80.377694, 37.887026 ], [ -80.3777, 37.887021 ], [ -80.377732, 37.887038 ], [ -80.377718, 37.887052 ], [ -80.377722, 37.88706 ], [ -80.377744, 37.887048 ], [ -80.377747, 37.887034 ], [ -80.377762, 37.887036 ], [ -80.377771, 37.887043 ], [ -80.377771, 37.887052 ], [ -80.377754, 37.887061 ], [ -80.377755, 37.887066 ], [ -80.377779, 37.887078 ], [ -80.377796, 37.887075 ], [ -80.377802, 37.887088 ], [ -80.377796, 37.887101 ], [ -80.377815, 37.887111 ], [ -80.377836, 37.88711 ], [ -80.377858, 37.887122 ], [ -80.377861, 37.887116 ], [ -80.377853, 37.887111 ], [ -80.377881, 37.887118 ], [ -80.377904, 37.887111 ], [ -80.377915, 37.887127 ], [ -80.377932, 37.887127 ], [ -80.377955, 37.887139 ], [ -80.377991, 37.88717 ], [ -80.378006, 37.887173 ], [ -80.378011, 37.88718 ], [ -80.378034, 37.88718 ], [ -80.378045, 37.887173 ], [ -80.378059, 37.887175 ], [ -80.378091, 37.887207 ], [ -80.378111, 37.887212 ], [ -80.378105, 37.887225 ], [ -80.378149, 37.887243 ], [ -80.37817, 37.887262 ], [ -80.378181, 37.887263 ], [ -80.378209, 37.887298 ], [ -80.378232, 37.8873 ], [ -80.378243, 37.887292 ], [ -80.378272, 37.887296 ], [ -80.378281, 37.887303 ], [ -80.378269, 37.887316 ], [ -80.378277, 37.887319 ], [ -80.378295, 37.887308 ], [ -80.378297, 37.88733 ], [ -80.378306, 37.887333 ], [ -80.378328, 37.887316 ], [ -80.378312, 37.887312 ], [ -80.378327, 37.887312 ], [ -80.378358, 37.887339 ], [ -80.378413, 37.887353 ], [ -80.378425, 37.887371 ], [ -80.37847, 37.887371 ], [ -80.378504, 37.887378 ], [ -80.378533, 37.887393 ], [ -80.378549, 37.88739 ], [ -80.378572, 37.887425 ], [ -80.378584, 37.887426 ], [ -80.378595, 37.887389 ], [ -80.378686, 37.887402 ], [ -80.37868, 37.887416 ], [ -80.378667, 37.887422 ], [ -80.378682, 37.887431 ], [ -80.37867, 37.887444 ], [ -80.378682, 37.887458 ], [ -80.378665, 37.88748 ], [ -80.378713, 37.887537 ], [ -80.378748, 37.887534 ], [ -80.378816, 37.887549 ], [ -80.378861, 37.887526 ], [ -80.378898, 37.887527 ], [ -80.378934, 37.887541 ], [ -80.378946, 37.887552 ], [ -80.378968, 37.887554 ], [ -80.379009, 37.88757 ], [ -80.37902, 37.887582 ], [ -80.37902, 37.887595 ], [ -80.379003, 37.887604 ], [ -80.378991, 37.887638 ], [ -80.378985, 37.887641 ], [ -80.378957, 37.88763 ], [ -80.378963, 37.887644 ], [ -80.378985, 37.88765 ], [ -80.379003, 37.887639 ], [ -80.379025, 37.887654 ], [ -80.379042, 37.887652 ], [ -80.379076, 37.887663 ], [ -80.379073, 37.887649 ], [ -80.379099, 37.887645 ], [ -80.379105, 37.887633 ], [ -80.379156, 37.887642 ], [ -80.379167, 37.887653 ], [ -80.379201, 37.887663 ], [ -80.379207, 37.887679 ], [ -80.379196, 37.88767 ], [ -80.37917, 37.887672 ], [ -80.379193, 37.887686 ], [ -80.379195, 37.887708 ], [ -80.379199, 37.887695 ], [ -80.379218, 37.88768 ], [ -80.379235, 37.887684 ], [ -80.379286, 37.887712 ], [ -80.379351, 37.887773 ], [ -80.37935, 37.887782 ], [ -80.379327, 37.88779 ], [ -80.379359, 37.88779 ], [ -80.379373, 37.887804 ], [ -80.379371, 37.887808 ], [ -80.379359, 37.887803 ], [ -80.379354, 37.887809 ], [ -80.379371, 37.887809 ], [ -80.379388, 37.887827 ], [ -80.379399, 37.887827 ], [ -80.379393, 37.887837 ], [ -80.379367, 37.88784 ], [ -80.379368, 37.887863 ], [ -80.379382, 37.887861 ], [ -80.379399, 37.887848 ], [ -80.379416, 37.887854 ], [ -80.379433, 37.88785 ], [ -80.379434, 37.88789 ], [ -80.379417, 37.887922 ], [ -80.379399, 37.887935 ], [ -80.379404, 37.887953 ], [ -80.37943, 37.887953 ], [ -80.379424, 37.887944 ], [ -80.379432, 37.887937 ], [ -80.37945, 37.88794 ], [ -80.37946, 37.887951 ], [ -80.379466, 37.887941 ], [ -80.379481, 37.887935 ], [ -80.379503, 37.887904 ], [ -80.379524, 37.887894 ], [ -80.379542, 37.8879 ], [ -80.379536, 37.887918 ], [ -80.379546, 37.887936 ], [ -80.379557, 37.887921 ], [ -80.379575, 37.88791 ], [ -80.379588, 37.887909 ], [ -80.379578, 37.887895 ], [ -80.379603, 37.887894 ], [ -80.379631, 37.887901 ], [ -80.379654, 37.887897 ], [ -80.379745, 37.88791 ], [ -80.379791, 37.88792 ], [ -80.379811, 37.887933 ], [ -80.379813, 37.887948 ], [ -80.379853, 37.887922 ], [ -80.379904, 37.887942 ], [ -80.379892, 37.887974 ], [ -80.379927, 37.887958 ], [ -80.379938, 37.887958 ], [ -80.379961, 37.887991 ], [ -80.379986, 37.887988 ], [ -80.379983, 37.888019 ], [ -80.380085, 37.888072 ], [ -80.380113, 37.888093 ], [ -80.380143, 37.888079 ], [ -80.380147, 37.888029 ], [ -80.380175, 37.888007 ], [ -80.380182, 37.887983 ], [ -80.380207, 37.887962 ], [ -80.380223, 37.88793 ], [ -80.380251, 37.887926 ], [ -80.380256, 37.887908 ], [ -80.380268, 37.887902 ], [ -80.38027, 37.887922 ], [ -80.380285, 37.887923 ], [ -80.380313, 37.887908 ], [ -80.380334, 37.887886 ], [ -80.380315, 37.88785 ], [ -80.38035, 37.887809 ], [ -80.380348, 37.8878 ], [ -80.380358, 37.887796 ], [ -80.380364, 37.887778 ], [ -80.380352, 37.887751 ], [ -80.380377, 37.887719 ], [ -80.380357, 37.887679 ], [ -80.380377, 37.887656 ], [ -80.380396, 37.887647 ], [ -80.380415, 37.887607 ], [ -80.380386, 37.887589 ], [ -80.38039, 37.887562 ], [ -80.380403, 37.887548 ], [ -80.380422, 37.887544 ], [ -80.38042, 37.887526 ], [ -80.380442, 37.887517 ], [ -80.380433, 37.887499 ], [ -80.380454, 37.887472 ], [ -80.380505, 37.887443 ], [ -80.380523, 37.887426 ], [ -80.380602, 37.887427 ], [ -80.38061, 37.887419 ], [ -80.380607, 37.887401 ], [ -80.380642, 37.88738 ], [ -80.380659, 37.887385 ], [ -80.380693, 37.887425 ], [ -80.38071, 37.887424 ], [ -80.380784, 37.887397 ], [ -80.380807, 37.8874 ], [ -80.380812, 37.88742 ], [ -80.380803, 37.887433 ], [ -80.380729, 37.887442 ], [ -80.380729, 37.887446 ], [ -80.380746, 37.887464 ], [ -80.380789, 37.887477 ], [ -80.380812, 37.887496 ], [ -80.380812, 37.887537 ], [ -80.380827, 37.887555 ], [ -80.380839, 37.887612 ], [ -80.380882, 37.887632 ], [ -80.380879, 37.887637 ], [ -80.380861, 37.887636 ], [ -80.380853, 37.887654 ], [ -80.380867, 37.887659 ], [ -80.380844, 37.887681 ], [ -80.380842, 37.887695 ], [ -80.380827, 37.887704 ], [ -80.380822, 37.887717 ], [ -80.380844, 37.88774 ], [ -80.380878, 37.887758 ], [ -80.380872, 37.887785 ], [ -80.380878, 37.887793 ], [ -80.380895, 37.887791 ], [ -80.380918, 37.887769 ], [ -80.380957, 37.88779 ], [ -80.380994, 37.887723 ], [ -80.381015, 37.887715 ], [ -80.381047, 37.887691 ], [ -80.381055, 37.887673 ], [ -80.380981, 37.887665 ], [ -80.38097, 37.88767 ], [ -80.380951, 37.887659 ], [ -80.380981, 37.88764 ], [ -80.380992, 37.887587 ], [ -80.381044, 37.887633 ], [ -80.381112, 37.887632 ], [ -80.381146, 37.887643 ], [ -80.381223, 37.887585 ] ] } },
{ "type": "Feature", "properties": { "ID": 366, "elev": 685.8 }, "geometry": { "type": "LineString", "coordinates": [ [ -80.380769, 37.886991 ], [ -80.380776, 37.88699 ], [ -80.380777, 37.886996 ], [ -80.380766, 37.886996 ], [ -80.380769, 37.886991 ] ] } },
{ "type": "Feature", "properties": { "ID": 367, "elev": 678.18 }, "geometry": { "type": "LineString", "coordinates": [ [ -80.380481, 37.886973 ], [ -80.380474, 37.886985 ], [ -80.380481, 37.886987 ], [ -80.380486, 37.886981 ], [ -80.380481, 37.886973 ] ] } },
{ "type": "Feature", "properties": { "ID": 368, "elev": 682.752 }, "geometry": { "type": "LineString", "coordinates": [ [ -80.378548, 37.886966 ], [ -80.378548, 37.886973 ], [ -80.378553, 37.886977 ], [ -80.378553, 37.886966 ], [ -80.378548, 37.886966 ] ] } },
{ "type": "Feature", "properties": { "ID": 369, "elev": 684.276 }, "geometry": { "type": "LineString", "coordinates": [ [ -80.378229, 37.886964 ], [ -80.378225, 37.886964 ], [ -80.378238, 37.886965 ], [ -80.378235, 37.886964 ], [ -80.378229, 37.886964 ] ] } },
{ "type": "Feature", "properties": { "ID": 370, "elev": 682.752 }, "geometry": { "type": "LineString", "coordinates": [ [ -80.378616, 37.886956 ], [ -80.378582, 37.886966 ], [ -80.37858, 37.886975 ], [ -80.378621, 37.886998 ], [ -80.378633, 37.886998 ], [ -80.378638, 37.887011 ], [ -80.378652, 37.886994 ], [ -80.378672, 37.886994 ], [ -80.378678, 37.886989 ], [ -80.378673, 37.886978 ], [ -80.378639, 37.886973 ], [ -80.378616, 37.886956 ] ] } },
{ "type": "Feature", "properties": { "ID": 371, "elev": 684.276 }, "geometry": { "type": "LineString", "coordinates": [ [ -80.378849, 37.886959 ], [ -80.378857, 37.886963 ], [ -80.378855, 37.886976 ], [ -80.378831, 37.886968 ], [ -80.378849, 37.886959 ] ] } },
{ "type": "Feature", "properties": { "ID": 372, "elev": 684.276 }, "geometry": { "type": "LineString", "coordinates": [ [ -80.378212, 37.886955 ], [ -80.378212, 37.886961 ], [ -80.378222, 37.88696 ], [ -80.378216, 37.886955 ], [ -80.378212, 37.886955 ] ] } },
{ "type": "Feature", "properties": { "ID": 373, "elev": 691.896 }, "geometry": { "type": "LineString", "coordinates": [ [ -80.378403, 37.886956 ], [ -80.378406, 37.886954 ], [ -80.378406, 37.886956 ], [ -80.378403, 37.886956 ] ] } },
{ "type": "Feature", "properties": { "ID": 374, "elev": 685.8 }, "geometry": { "type": "LineString", "coordinates": [ [ -80.377703, 37.886944 ], [ -80.377735, 37.886957 ], [ -80.377768, 37.886981 ], [ -80.377882, 37.88698 ], [ -80.377914, 37.886985 ], [ -80.377956, 37.887009 ], [ -80.378002, 37.887022 ], [ -80.378013, 37.887032 ], [ -80.378098, 37.887058 ], [ -80.37816, 37.887094 ], [ -80.378226, 37.887104 ], [ -80.378338, 37.887141 ], [ -80.378409, 37.887174 ], [ -80.378529, 37.887201 ], [ -80.378534, 37.887213 ], [ -80.378574, 37.887233 ], [ -80.378582, 37.88725 ], [ -80.378608, 37.887264 ], [ -80.378625, 37.887249 ], [ -80.378644, 37.887251 ], [ -80.378629, 37.887241 ], [ -80.378636, 37.887227 ], [ -80.378659, 37.887238 ], [ -80.378693, 37.887237 ], [ -80.3787, 37.887246 ], [ -80.378685, 37.887255 ], [ -80.378717, 37.887264 ], [ -80.378705, 37.887314 ], [ -80.378747, 37.887341 ], [ -80.378756, 37.887355 ], [ -80.378789, 37.887373 ], [ -80.378791, 37.887382 ], [ -80.378805, 37.887391 ], [ -80.378834, 37.887387 ], [ -80.378846, 37.887378 ], [ -80.378857, 37.887384 ], [ -80.37888, 37.887377 ], [ -80.378908, 37.887382 ], [ -80.378925, 37.887376 ], [ -80.378976, 37.887385 ], [ -80.379011, 37.887401 ], [ -80.37907, 37.887406 ], [ -80.379078, 37.88742 ], [ -80.379118, 37.887437 ], [ -80.379135, 37.887429 ], [ -80.379146, 37.887432 ], [ -80.379175, 37.887452 ], [ -80.379197, 37.887456 ], [ -80.37922, 37.887467 ], [ -80.379234, 37.887493 ], [ -80.379254, 37.887511 ], [ -80.379277, 37.887509 ], [ -80.379299, 37.887522 ], [ -80.37933, 37.887579 ], [ -80.379365, 37.887624 ], [ -80.379385, 37.887638 ], [ -80.379406, 37.887678 ], [ -80.379457, 37.887694 ], [ -80.379485, 37.887723 ], [ -80.379508, 37.88773 ], [ -80.379503, 37.887782 ], [ -80.379508, 37.8878 ], [ -80.37953, 37.887798 ], [ -80.379564, 37.887777 ], [ -80.379587, 37.887773 ], [ -80.379604, 37.887777 ], [ -80.37961, 37.887785 ], [ -80.379627, 37.887782 ], [ -80.379684, 37.887791 ], [ -80.379701, 37.8878 ], [ -80.379752, 37.887809 ], [ -80.379762, 37.887815 ], [ -80.379774, 37.887811 ], [ -80.379843, 37.887819 ], [ -80.37986, 37.887834 ], [ -80.379882, 37.887837 ], [ -80.379899, 37.88785 ], [ -80.379945, 37.887859 ], [ -80.379979, 37.887879 ], [ -80.380001, 37.887879 ], [ -80.380024, 37.887893 ], [ -80.380078, 37.887975 ], [ -80.380137, 37.888016 ], [ -80.380154, 37.888008 ], [ -80.38019, 37.887966 ], [ -80.380213, 37.887917 ], [ -80.380234, 37.887908 ], [ -80.380271, 37.887863 ], [ -80.38032, 37.887824 ], [ -80.380323, 37.8878 ], [ -80.380342, 37.887773 ], [ -80.380328, 37.887737 ], [ -80.380332, 37.88773 ], [ -80.380344, 37.887737 ], [ -80.380362, 37.887724 ], [ -80.380361, 37.887716 ], [ -80.380345, 37.88771 ], [ -80.380342, 37.887701 ], [ -80.380355, 37.88769 ], [ -80.380356, 37.887674 ], [ -80.380373, 37.887655 ], [ -80.380396, 37.887643 ], [ -80.380402, 37.887625 ], [ -80.380378, 37.887598 ], [ -80.380386, 37.887566 ], [ -80.380405, 37.887544 ], [ -80.380396, 37.887535 ], [ -80.380408, 37.887533 ], [ -80.380407, 37.887521 ], [ -80.380428, 37.887503 ], [ -80.38044, 37.887476 ], [ -80.380496, 37.887441 ], [ -80.380507, 37.887423 ], [ -80.380507, 37.887405 ], [ -80.380517, 37.887397 ], [ -80.380597, 37.887396 ], [ -80.380608, 37.88735 ], [ -80.380654, 37.887353 ], [ -80.380663, 37.887378 ], [ -80.380693, 37.887421 ], [ -80.38071, 37.88742 ], [ -80.380813, 37.887385 ], [ -80.380814, 37.887438 ], [ -80.380782, 37.887442 ], [ -80.380792, 37.887465 ], [ -80.380818, 37.887478 ], [ -80.380819, 37.887537 ], [ -80.380834, 37.887546 ], [ -80.38084, 37.887588 ], [ -80.380879, 37.887604 ], [ -80.380916, 37.887628 ], [ -80.38089, 37.887634 ], [ -80.380879, 37.88765 ], [ -80.380884, 37.887666 ], [ -80.380858, 37.887695 ], [ -80.380841, 37.887704 ], [ -80.380833, 37.887722 ], [ -80.380838, 37.887732 ], [ -80.380879, 37.887749 ], [ -80.380889, 37.887764 ], [ -80.380946, 37.887769 ], [ -80.380963, 37.887754 ], [ -80.380971, 37.887731 ], [ -80.380983, 37.887727 ], [ -80.380981, 37.887685 ], [ -80.380975, 37.887683 ], [ -80.380969, 37.887704 ], [ -80.380958, 37.887685 ], [ -80.380916, 37.887659 ], [ -80.380939, 37.887655 ], [ -80.38097, 37.88762 ], [ -80.380976, 37.887624 ], [ -80.380987, 37.887583 ], [ -80.381044, 37.887629 ], [ -80.381084, 37.887629 ], [ -80.381212, 37.887567 ] ] } },
{ "type": "Feature", "properties": { "ID": 375, "elev": 679.704 }, "geometry": { "type": "LineString", "coordinates": [ [ -80.380842, 37.887008 ], [ -80.380839, 37.887021 ], [ -80.380816, 37.887032 ], [ -80.38081, 37.887048 ], [ -80.380787, 37.887043 ], [ -80.380765, 37.88703 ], [ -80.380748, 37.887029 ], [ -80.380719, 37.887009 ], [ -80.380708, 37.887024 ], [ -80.380669, 37.887031 ], [ -80.380674, 37.887045 ], [ -80.380577, 37.887044 ], [ -80.380532, 37.887013 ], [ -80.380544, 37.886986 ], [ -80.380538, 37.886978 ], [ -80.380521, 37.886974 ], [ -80.380487, 37.886955 ], [ -80.38047, 37.886962 ], [ -80.380447, 37.886954 ], [ -80.380433, 37.886972 ], [ -80.380422, 37.887017 ], [ -80.380401, 37.887031 ], [ -80.380378, 37.887025 ], [ -80.380367, 37.886988 ], [ -80.38035, 37.886983 ], [ -80.380339, 37.886986 ], [ -80.38031, 37.886969 ], [ -80.380288, 37.886964 ], [ -80.380258, 37.886984 ], [ -80.380247, 37.887061 ], [ -80.380231, 37.887088 ], [ -80.380184, 37.887096 ], [ -80.380177, 37.88711 ], [ -80.380156, 37.887118 ], [ -80.380133, 37.887114 ], [ -80.380122, 37.887095 ], [ -80.380088, 37.887088 ], [ -80.380066, 37.887118 ], [ -80.380063, 37.887163 ], [ -80.380086, 37.887186 ], [ -80.380087, 37.8872 ], [ -80.380105, 37.887218 ], [ -80.380116, 37.887254 ], [ -80.38013, 37.887263 ], [ -80.380137, 37.887286 ], [ -80.380143, 37.887288 ], [ -80.380166, 37.887275 ], [ -80.380183, 37.887257 ], [ -80.380194, 37.887259 ], [ -80.380197, 37.887268 ], [ -80.380207, 37.887268 ], [ -80.3802, 37.887259 ], [ -80.380206, 37.887241 ], [ -80.38023, 37.887218 ], [ -80.380268, 37.887218 ], [ -80.380297, 37.887237 ], [ -80.380308, 37.88726 ], [ -80.380337, 37.887282 ], [ -80.380347, 37.887312 ], [ -80.380359, 37.887303 ], [ -80.380364, 37.887305 ], [ -80.380388, 37.887323 ], [ -80.380404, 37.887327 ], [ -80.380426, 37.88735 ], [ -80.380455, 37.88734 ], [ -80.380455, 37.887355 ], [ -80.380432, 37.887363 ], [ -80.380423, 37.887373 ], [ -80.380426, 37.887378 ], [ -80.380438, 37.887377 ], [ -80.380443, 37.887368 ], [ -80.380455, 37.887376 ], [ -80.380455, 37.887389 ], [ -80.380488, 37.887377 ], [ -80.380486, 37.887355 ], [ -80.380506, 37.887318 ], [ -80.380518, 37.887321 ], [ -80.380535, 37.887315 ], [ -80.380542, 37.887297 ], [ -80.380537, 37.887265 ], [ -80.380522, 37.887242 ], [ -80.380558, 37.887216 ], [ -80.380615, 37.887213 ], [ -80.380633, 37.887194 ], [ -80.380644, 37.887198 ], [ -80.380646, 37.887212 ], [ -80.380661, 37.887224 ], [ -80.380701, 37.887218 ], [ -80.380785, 37.887226 ], [ -80.380795, 37.887266 ], [ -80.38079, 37.887284 ], [ -80.380819, 37.887276 ], [ -80.380824, 37.887389 ], [ -80.38083, 37.887404 ], [ -80.380858, 37.887433 ], [ -80.380848, 37.887442 ], [ -80.380879, 37.887447 ], [ -80.380886, 37.887465 ], [ -80.380903, 37.887474 ], [ -80.380915, 37.887492 ], [ -80.38096, 37.887517 ], [ -80.380969, 37.887556 ], [ -80.380982, 37.887567 ], [ -80.380999, 37.887534 ], [ -80.381082, 37.887507 ], [ -80.381108, 37.887489 ], [ -80.381139, 37.887455 ] ] } },
{ "type": "Feature", "properties": { "ID": 376, "elev": 681.228 }, "geometry": { "type": "LineString", "coordinates": [ [ -80.380418, 37.886958 ], [ -80.380426, 37.886958 ], [ -80.380425, 37.886972 ], [ -80.380413, 37.886982 ], [ -80.3804, 37.886976 ], [ -80.380407, 37.886976 ], [ -80.380418, 37.886958 ] ] } },
{ "type": "Feature", "properties": { "ID": 377, "elev": 684.276 }, "geometry": { "type": "LineString", "coordinates": [ [ -80.378767, 37.886949 ], [ -80.378798, 37.88695 ], [ -80.378804, 37.886958 ], [ -80.378798, 37.886963 ], [ -80.378767, 37.886949 ] ] } },
{ "type": "Feature", "properties": { "ID": 378, "elev": 684.276 }, "geometry": { "type": "LineString", "coordinates": [ [ -80.378497, 37.886948 ], [ -80.378508, 37.886947 ], [ -80.378538, 37.886953 ], [ -80.378508, 37.886959 ], [ -80.378475, 37.886952 ], [ -80.378497, 37.886948 ] ] } },
{ "type": "Feature", "properties": { "ID": 379, "elev": 696.468 }, "geometry": { "type": "LineString", "coordinates": [ [ -80.378371, 37.886947 ], [ -80.378372, 37.886946 ], [ -80.378375, 37.886947 ], [ -80.378371, 37.886948 ], [ -80.378371, 37.886947 ] ] } },
{ "type": "Feature", "properties": { "ID": 380, "elev": 696.468 }, "geometry": { "type": "LineString", "coordinates": [ [ -80.378377, 37.886943 ], [ -80.378377, 37.886941 ], [ -80.378377, 37.886944 ], [ -80.378377, 37.886943 ] ] } },
{ "type": "Feature", "properties": { "ID": 381, "elev": 679.704 }, "geometry": { "type": "LineString", "coordinates": [ [ -80.3797, 37.886941 ], [ -80.379702, 37.88694 ], [ -80.379708, 37.886941 ], [ -80.379702, 37.886945 ], [ -80.379694, 37.886945 ], [ -80.3797, 37.886941 ] ] } },
{ "type": "Feature", "properties": { "ID": 382, "elev": 679.704 }, "geometry": { "type": "LineString", "coordinates": [ [ -80.379846, 37.886937 ], [ -80.379854, 37.886937 ], [ -80.379854, 37.886941 ], [ -80.379846, 37.886941 ], [ -80.379846, 37.886937 ] ] } },
{ "type": "Feature", "properties": { "ID": 383, "elev": 681.228 }, "geometry": { "type": "LineString", "coordinates": [ [ -80.380181, 37.886934 ], [ -80.380197, 37.886936 ], [ -80.38022, 37.886966 ], [ -80.380227, 37.887074 ], [ -80.380218, 37.887089 ], [ -80.380203, 37.887088 ], [ -80.380173, 37.887058 ], [ -80.380162, 37.887059 ], [ -80.38015, 37.887073 ], [ -80.380139, 37.887075 ], [ -80.380116, 37.887063 ], [ -80.380099, 37.887066 ], [ -80.380065, 37.88705 ], [ -80.380062, 37.887033 ], [ -80.38005, 37.887024 ], [ -80.380063, 37.887001 ], [ -80.38009, 37.886988 ], [ -80.380084, 37.88697 ], [ -80.380094, 37.886961 ], [ -80.380123, 37.886952 ], [ -80.380157, 37.88695 ], [ -80.380162, 37.886939 ], [ -80.380181, 37.886934 ] ] } },
{ "type": "Feature", "properties": { "ID": 384, "elev": 681.228 }, "geometry": { "type": "LineString", "coordinates": [ [ -80.38023, 37.88693 ], [ -80.380237, 37.886928 ], [ -80.380236, 37.886952 ], [ -80.380228, 37.886948 ], [ -80.38023, 37.88693 ] ] } },
{ "type": "Feature", "properties": { "ID": 385, "elev": 681.228 }, "geometry": { "type": "LineString", "coordinates": [ [ -80.380458, 37.886924 ], [ -80.380455, 37.886927 ], [ -80.380458, 37.886932 ], [ -80.380464, 37.886927 ], [ -80.380458, 37.886924 ] ] } },
{ "type": "Feature", "properties": { "ID": 386, "elev": 685.8 }, "geometry": { "type": "LineString", "coordinates": [ [ -80.380764, 37.886935 ], [ -80.380755, 37.886955 ], [ -80.380759, 37.886969 ], [ -80.380754, 37.886972 ], [ -80.380722, 37.886951 ], [ -80.380728, 37.886933 ], [ -80.380746, 37.886925 ] ] } },
{ "type": "Feature", "properties": { "ID": 387, "elev": 679.704 }, "geometry": { "type": "LineString", "coordinates": [ [ -80.379072, 37.886915 ], [ -80.379077, 37.886913 ], [ -80.379082, 37.886915 ], [ -80.379077, 37.886918 ], [ -80.379072, 37.886915 ] ] } },
{ "type": "Feature", "properties": { "ID": 388, "elev": 694.944 }, "geometry": { "type": "LineString", "coordinates": [ [ -80.378377, 37.886911 ], [ -80.378383, 37.886938 ], [ -80.378371, 37.886951 ], [ -80.378367, 37.886947 ], [ -80.378377, 37.886911 ] ] } },
{ "type": "Feature", "properties": { "ID": 389, "elev": 679.704 }, "geometry": { "type": "LineString", "coordinates": [ [ -80.380299, 37.886916 ], [ -80.380299, 37.886917 ], [ -80.380299, 37.886918 ], [ -80.3803, 37.886917 ], [ -80.380299, 37.886916 ] ] } },
{ "type": "Feature", "properties": { "ID": 390, "elev": 681.228 }, "geometry": { "type": "LineString", "coordinates": [ [ -80.380229, 37.886916 ], [ -80.380231, 37.886913 ], [ -80.380234, 37.886916 ], [ -80.380231, 37.886919 ], [ -80.380229, 37.886916 ] ] } },
{ "type": "Feature", "properties": { "ID": 391, "elev": 679.704 }, "geometry": { "type": "LineString", "coordinates": [ [ -80.380373, 37.886905 ], [ -80.380368, 37.886908 ], [ -80.380367, 37.886913 ], [ -80.380374, 37.886913 ], [ -80.380373, 37.886905 ] ] } },
{ "type": "Feature", "properties": { "ID": 392, "elev": 679.704 }, "geometry": { "type": "LineString", "coordinates": [ [ -80.380112, 37.886902 ], [ -80.380104, 37.886907 ], [ -80.380112, 37.88691 ], [ -80.380115, 37.886907 ], [ -80.380112, 37.886902 ] ] } },
{ "type": "Feature", "properties": { "ID": 393, "elev": 681.228 }, "geometry": { "type": "LineString", "coordinates": [ [ -80.380476, 37.886889 ], [ -80.380471, 37.886927 ], [ -80.380487, 37.886938 ], [ -80.380489, 37.886927 ], [ -80.380522, 37.886909 ], [ -80.38052, 37.8869 ], [ -80.380508, 37.886891 ], [ -80.380476, 37.886889 ] ] } },
{ "type": "Feature", "properties": { "ID": 394, "elev": 684.276 }, "geometry": { "type": "LineString", "coordinates": [ [ -80.378298, 37.886879 ], [ -80.378287, 37.886903 ], [ -80.37828, 37.886902 ], [ -80.378282, 37.886942 ], [ -80.378298, 37.88695 ], [ -80.378337, 37.886944 ], [ -80.37831, 37.886888 ], [ -80.378298, 37.886879 ] ] } },
{ "type": "Feature", "properties": { "ID": 395, "elev": 685.8 }, "geometry": { "type": "LineString", "coordinates": [ [ -80.380722, 37.886912 ], [ -80.380718, 37.886933 ], [ -80.380691, 37.88697 ], [ -80.380668, 37.886973 ], [ -80.380651, 37.886968 ], [ -80.380642, 37.88695 ], [ -80.380682, 37.886941 ], [ -80.380651, 37.886932 ], [ -80.380661, 37.886905 ], [ -80.380678, 37.886889 ] ] } },
{ "type": "Feature", "properties": { "ID": 396, "elev": 679.704 }, "geometry": { "type": "LineString", "coordinates": [ [ -80.380396, 37.886882 ], [ -80.380383, 37.886895 ], [ -80.38039, 37.886899 ], [ -80.380403, 37.88689 ], [ -80.380396, 37.886882 ] ] } },
{ "type": "Feature", "properties": { "ID": 397, "elev": 679.704 }, "geometry": { "type": "LineString", "coordinates": [ [ -80.380141, 37.886867 ], [ -80.38014, 37.886884 ], [ -80.380123, 37.886891 ], [ -80.380129, 37.886897 ], [ -80.38016, 37.886885 ], [ -80.380158, 37.886867 ], [ -80.380141, 37.886867 ] ] } },
{ "type": "Feature", "properties": { "ID": 398, "elev": 684.276 }, "geometry": { "type": "LineString", "coordinates": [ [ -80.380814, 37.886971 ], [ -80.380813, 37.886992 ], [ -80.380776, 37.887002 ], [ -80.38072, 37.88698 ], [ -80.380708, 37.88699 ], [ -80.380646, 37.886974 ], [ -80.380595, 37.88697 ], [ -80.380601, 37.886905 ], [ -80.380612, 37.886891 ], [ -80.380617, 37.886858 ] ] } },
{ "type": "Feature", "properties": { "ID": 399, "elev": 679.704 }, "geometry": { "type": "LineString", "coordinates": [ [ -80.380158, 37.886842 ], [ -80.380151, 37.886853 ], [ -80.380163, 37.886858 ], [ -80.380168, 37.886853 ], [ -80.380158, 37.886842 ] ] } },
{ "type": "Feature", "properties": { "ID": 400, "elev": 681.228 }, "geometry": { "type": "LineString", "coordinates": [ [ -80.38026, 37.886844 ], [ -80.380283, 37.886848 ], [ -80.380297, 37.886858 ], [ -80.380266, 37.886874 ], [ -80.380257, 37.886862 ], [ -80.38026, 37.886844 ] ] } },
{ "type": "Feature", "properties": { "ID": 401, "elev": 681.228 }, "geometry": { "type": "LineString", "coordinates": [ [ -80.380214, 37.88684 ], [ -80.380221, 37.886844 ], [ -80.380215, 37.886848 ], [ -80.380208, 37.886844 ], [ -80.380214, 37.88684 ] ] } },
{ "type": "Feature", "properties": { "ID": 402, "elev": 681.228 }, "geometry": { "type": "LineString", "coordinates": [ [ -80.380236, 37.88684 ], [ -80.380237, 37.886839 ], [ -80.380238, 37.88684 ], [ -80.380236, 37.88684 ] ] } },
{ "type": "Feature", "properties": { "ID": 403, "elev": 684.276 }, "geometry": { "type": "LineString", "coordinates": [ [ -80.380407, 37.886841 ], [ -80.380408, 37.886839 ], [ -80.380444, 37.886845 ], [ -80.380414, 37.88685 ], [ -80.380407, 37.886841 ] ] } },
{ "type": "Feature", "properties": { "ID": 404, "elev": 684.276 }, "geometry": { "type": "LineString", "coordinates": [ [ -80.377766, 37.88687 ], [ -80.377815, 37.886887 ], [ -80.377832, 37.886883 ], [ -80.377928, 37.886905 ], [ -80.37794, 37.886912 ], [ -80.377968, 37.886913 ], [ -80.377985, 37.886922 ], [ -80.378133, 37.886943 ], [ -80.37815, 37.886937 ], [ -80.378164, 37.886924 ], [ -80.378159, 37.88691 ], [ -80.37815, 37.886905 ], [ -80.378129, 37.886808 ] ] } },
{ "type": "Feature", "properties": { "ID": 405, "elev": 684.276 }, "geometry": { "type": "LineString", "coordinates": [ [ -80.380425, 37.886809 ], [ -80.380425, 37.886807 ], [ -80.380429, 37.886809 ], [ -80.380425, 37.886812 ], [ -80.380425, 37.886809 ] ] } },
{ "type": "Feature", "properties": { "ID": 406, "elev": 690.372 }, "geometry": { "type": "LineString", "coordinates": [ [ -80.378641, 37.8868 ], [ -80.378663, 37.886804 ], [ -80.378658, 37.886818 ], [ -80.378623, 37.886813 ], [ -80.378641, 37.8868 ] ] } },
{ "type": "Feature", "properties": { "ID": 407, "elev": 690.372 }, "geometry": { "type": "LineString", "coordinates": [ [ -80.378441, 37.886794 ], [ -80.378475, 37.886796 ], [ -80.378476, 37.886813 ], [ -80.378458, 37.886811 ], [ -80.378441, 37.886794 ] ] } },
{ "type": "Feature", "properties": { "ID": 408, "elev": 693.42 }, "geometry": { "type": "LineString", "coordinates": [ [ -80.378381, 37.886787 ], [ -80.378401, 37.886808 ], [ -80.378401, 37.886826 ], [ -80.378381, 37.886835 ], [ -80.378384, 37.886867 ], [ -80.378395, 37.886877 ], [ -80.378396, 37.886907 ], [ -80.378387, 37.886943 ], [ -80.378377, 37.886953 ], [ -80.378364, 37.886947 ], [ -80.378373, 37.886902 ], [ -80.378377, 37.886787 ] ] } },
{ "type": "Feature", "properties": { "ID": 409, "elev": 688.848 }, "geometry": { "type": "LineString", "coordinates": [ [ -80.37841, 37.886783 ], [ -80.378413, 37.886952 ], [ -80.3784, 37.886962 ], [ -80.378359, 37.886952 ], [ -80.378338, 37.886929 ], [ -80.378308, 37.886866 ], [ -80.378308, 37.88683 ], [ -80.378298, 37.886791 ] ] } },
{ "type": "Feature", "properties": { "ID": 410, "elev": 690.372 }, "geometry": { "type": "LineString", "coordinates": [ [ -80.378407, 37.886783 ], [ -80.378409, 37.886956 ], [ -80.3784, 37.886962 ], [ -80.378362, 37.886952 ], [ -80.378349, 37.88694 ], [ -80.378337, 37.886915 ], [ -80.378335, 37.886884 ], [ -80.378343, 37.886857 ], [ -80.37835, 37.886843 ], [ -80.378367, 37.886843 ], [ -80.378369, 37.886787 ] ] } },
{ "type": "Feature", "properties": { "ID": 411, "elev": 691.896 }, "geometry": { "type": "LineString", "coordinates": [ [ -80.378403, 37.886783 ], [ -80.378401, 37.886947 ], [ -80.378395, 37.886947 ], [ -80.378394, 37.886933 ], [ -80.378393, 37.886947 ], [ -80.378383, 37.886957 ], [ -80.378365, 37.886952 ], [ -80.378357, 37.886943 ], [ -80.378368, 37.886916 ], [ -80.378373, 37.886787 ] ] } },
{ "type": "Feature", "properties": { "ID": 412, "elev": 667.512 }, "geometry": { "type": "LineString", "coordinates": [ [ -80.379748, 37.886783 ], [ -80.379752, 37.886788 ], [ -80.379749, 37.886792 ], [ -80.37974, 37.886788 ], [ -80.379748, 37.886783 ] ] } },
{ "type": "Feature", "properties": { "ID": 413, "elev": 688.848 }, "geometry": { "type": "LineString", "coordinates": [ [ -80.378641, 37.886777 ], [ -80.378652, 37.886776 ], [ -80.378669, 37.886785 ], [ -80.378691, 37.886812 ], [ -80.378697, 37.886804 ], [ -80.378712, 37.886809 ], [ -80.378708, 37.886817 ], [ -80.37868, 37.886818 ], [ -80.378651, 37.886854 ], [ -80.378634, 37.886834 ], [ -80.378611, 37.886822 ], [ -80.378511, 37.886813 ], [ -80.378641, 37.886777 ] ] } },
{ "type": "Feature", "properties": { "ID": 414, "elev": 688.848 }, "geometry": { "type": "LineString", "coordinates": [ [ -80.378487, 37.886774 ], [ -80.378484, 37.886813 ], [ -80.378469, 37.88682 ], [ -80.378448, 37.886812 ], [ -80.378416, 37.886782 ] ] } },
{ "type": "Feature", "properties": { "ID": 415, "elev": 678.18 }, "geometry": { "type": "LineString", "coordinates": [ [ -80.379919, 37.88678 ], [ -80.379936, 37.886791 ], [ -80.379931, 37.886818 ], [ -80.379923, 37.886816 ], [ -80.379906, 37.886789 ], [ -80.379919, 37.88678 ] ] } },
{ "type": "Feature", "properties": { "ID": 416, "elev": 681.228 }, "geometry": { "type": "LineString", "coordinates": [ [ -80.380836, 37.886998 ], [ -80.380804, 37.887029 ], [ -80.38077, 37.887018 ], [ -80.380751, 37.887023 ], [ -80.380721, 37.887 ], [ -80.380685, 37.886994 ], [ -80.380676, 37.887009 ], [ -80.380679, 37.887018 ], [ -80.380657, 37.887029 ], [ -80.380566, 37.887025 ], [ -80.380554, 37.887008 ], [ -80.380563, 37.886986 ], [ -80.380549, 37.886939 ], [ -80.380481, 37.886941 ], [ -80.380464, 37.886946 ], [ -80.380436, 37.886936 ], [ -80.380432, 37.886917 ], [ -80.380459, 37.8869 ], [ -80.380463, 37.886891 ], [ -80.380408, 37.886881 ], [ -80.38039, 37.886868 ], [ -80.380403, 37.886823 ], [ -80.380378, 37.886791 ], [ -80.380375, 37.886775 ] ] } },
{ "type": "Feature", "properties": { "ID": 417, "elev": 682.752 }, "geometry": { "type": "LineString", "coordinates": [ [ -80.38083, 37.886993 ], [ -80.380782, 37.88701 ], [ -80.380663, 37.886983 ], [ -80.380612, 37.886978 ], [ -80.380605, 37.886981 ], [ -80.380617, 37.887004 ], [ -80.380605, 37.887009 ], [ -80.380642, 37.887018 ], [ -80.380571, 37.88702 ], [ -80.380561, 37.887008 ], [ -80.380566, 37.886994 ], [ -80.380581, 37.886981 ], [ -80.380572, 37.886977 ], [ -80.380591, 37.886918 ], [ -80.380572, 37.886926 ], [ -80.380568, 37.886923 ], [ -80.38057, 37.886891 ], [ -80.380554, 37.886855 ], [ -80.380499, 37.886854 ], [ -80.380493, 37.886855 ], [ -80.380496, 37.886864 ], [ -80.380436, 37.886862 ], [ -80.380428, 37.886868 ], [ -80.380437, 37.886877 ], [ -80.380425, 37.88687 ], [ -80.380408, 37.886875 ], [ -80.380401, 37.886845 ], [ -80.380408, 37.886834 ], [ -80.380423, 37.886827 ], [ -80.380391, 37.886796 ], [ -80.380384, 37.886775 ] ] } },
{ "type": "Feature", "properties": { "ID": 418, "elev": 679.704 }, "geometry": { "type": "LineString", "coordinates": [ [ -80.380146, 37.886772 ], [ -80.380153, 37.886772 ], [ -80.380154, 37.886781 ], [ -80.380147, 37.886795 ], [ -80.380141, 37.886781 ], [ -80.380146, 37.886772 ] ] } },
{ "type": "Feature", "properties": { "ID": 419, "elev": 687.324 }, "geometry": { "type": "LineString", "coordinates": [ [ -80.378492, 37.886774 ], [ -80.378498, 37.88678 ], [ -80.378561, 37.886777 ], [ -80.378598, 37.886773 ], [ -80.378621, 37.886761 ] ] } },
{ "type": "Feature", "properties": { "ID": 420, "elev": 681.228 }, "geometry": { "type": "LineString", "coordinates": [ [ -80.379698, 37.886765 ], [ -80.379698, 37.886765 ], [ -80.379698, 37.886769 ], [ -80.379697, 37.886769 ], [ -80.379698, 37.886765 ] ] } },
{ "type": "Feature", "properties": { "ID": 421, "elev": 687.324 }, "geometry": { "type": "LineString", "coordinates": [ [ -80.378675, 37.886757 ], [ -80.378686, 37.88677 ], [ -80.378703, 37.886773 ], [ -80.378725, 37.886791 ], [ -80.378734, 37.886809 ], [ -80.378708, 37.886838 ], [ -80.378691, 37.88684 ], [ -80.378656, 37.886887 ], [ -80.378645, 37.886886 ], [ -80.378634, 37.886858 ], [ -80.378594, 37.886847 ], [ -80.378569, 37.886822 ], [ -80.378481, 37.886817 ], [ -80.378417, 37.886952 ], [ -80.3784, 37.886963 ], [ -80.378355, 37.886952 ], [ -80.378335, 37.886929 ], [ -80.378305, 37.886866 ], [ -80.378305, 37.88683 ], [ -80.378295, 37.886791 ] ] } },
{ "type": "Feature", "properties": { "ID": 422, "elev": 687.324 }, "geometry": { "type": "LineString", "coordinates": [ [ -80.378629, 37.886762 ], [ -80.378635, 37.886765 ], [ -80.378636, 37.886757 ] ] } },
{ "type": "Feature", "properties": { "ID": 423, "elev": 679.704 }, "geometry": { "type": "LineString", "coordinates": [ [ -80.379697, 37.88676 ], [ -80.379702, 37.886769 ], [ -80.379686, 37.886777 ], [ -80.379681, 37.886774 ], [ -80.379697, 37.88676 ] ] } },
{ "type": "Feature", "properties": { "ID": 424, "elev": 685.8 }, "geometry": { "type": "LineString", "coordinates": [ [ -80.378714, 37.886753 ], [ -80.378737, 37.886769 ], [ -80.378771, 37.886775 ], [ -80.378783, 37.886783 ], [ -80.378784, 37.886792 ], [ -80.378771, 37.886811 ], [ -80.378741, 37.886823 ], [ -80.378711, 37.886886 ], [ -80.378679, 37.886927 ], [ -80.378667, 37.886911 ], [ -80.37865, 37.886923 ], [ -80.378645, 37.886919 ], [ -80.378628, 37.886884 ], [ -80.378605, 37.886883 ], [ -80.378594, 37.886874 ], [ -80.378571, 37.886872 ], [ -80.37856, 37.886865 ], [ -80.378543, 37.886868 ], [ -80.378509, 37.886847 ], [ -80.378492, 37.886848 ], [ -80.37848, 37.886838 ], [ -80.378469, 37.886849 ], [ -80.378421, 37.886952 ], [ -80.3784, 37.886964 ], [ -80.378334, 37.886951 ], [ -80.378343, 37.886949 ], [ -80.378343, 37.886943 ], [ -80.378302, 37.886866 ], [ -80.378291, 37.886791 ] ] } },
{ "type": "Feature", "properties": { "ID": 425, "elev": 681.228 }, "geometry": { "type": "LineString", "coordinates": [ [ -80.37877, 37.886749 ], [ -80.378791, 37.886774 ], [ -80.378797, 37.886792 ], [ -80.37879, 37.886814 ], [ -80.378762, 37.886855 ], [ -80.378768, 37.886882 ], [ -80.378793, 37.886891 ], [ -80.3788, 37.886918 ], [ -80.37881, 37.886924 ], [ -80.378861, 37.886929 ], [ -80.378878, 37.886937 ], [ -80.378894, 37.886971 ], [ -80.378917, 37.886968 ], [ -80.378985, 37.886992 ], [ -80.379036, 37.886983 ], [ -80.379116, 37.887016 ], [ -80.379144, 37.887014 ], [ -80.379146, 37.887023 ], [ -80.379135, 37.887032 ], [ -80.379172, 37.887068 ], [ -80.379206, 37.887062 ], [ -80.37924, 37.887083 ], [ -80.379263, 37.887083 ], [ -80.379325, 37.887103 ], [ -80.379348, 37.887101 ], [ -80.379359, 37.887114 ], [ -80.379378, 37.887115 ], [ -80.379393, 37.887135 ], [ -80.379447, 37.887147 ], [ -80.37945, 37.88716 ], [ -80.379485, 37.887183 ], [ -80.379495, 37.887186 ], [ -80.379512, 37.887178 ], [ -80.379563, 37.887213 ], [ -80.379665, 37.887252 ], [ -80.379722, 37.887253 ], [ -80.379739, 37.887234 ], [ -80.379762, 37.887242 ], [ -80.379802, 37.887243 ], [ -80.379864, 37.887261 ], [ -80.379898, 37.887254 ], [ -80.379927, 37.887261 ], [ -80.379932, 37.887273 ], [ -80.379961, 37.88728 ], [ -80.379978, 37.887321 ], [ -80.379999, 37.887339 ], [ -80.380046, 37.887351 ], [ -80.38008, 37.887321 ], [ -80.380103, 37.887327 ], [ -80.380103, 37.887362 ], [ -80.380074, 37.887363 ], [ -80.380068, 37.887375 ], [ -80.380074, 37.887383 ], [ -80.380113, 37.887399 ], [ -80.38013, 37.887392 ], [ -80.380187, 37.887407 ], [ -80.38021, 37.887404 ], [ -80.380284, 37.887431 ], [ -80.380324, 37.887426 ], [ -80.380331, 37.887444 ], [ -80.380344, 37.887453 ], [ -80.380346, 37.887471 ], [ -80.380373, 37.887471 ], [ -80.380387, 37.88744 ], [ -80.380428, 37.887431 ], [ -80.380439, 37.887422 ], [ -80.380443, 37.887409 ], [ -80.380483, 37.887396 ], [ -80.380495, 37.887382 ], [ -80.380495, 37.88735 ], [ -80.3805, 37.887342 ], [ -80.38052, 37.887342 ], [ -80.380529, 37.887333 ], [ -80.380552, 37.887327 ], [ -80.380597, 37.887321 ], [ -80.380594, 37.887274 ], [ -80.380564, 37.887265 ], [ -80.380558, 37.887271 ], [ -80.380535, 37.887244 ], [ -80.380553, 37.887226 ], [ -80.380592, 37.887229 ], [ -80.380627, 37.887221 ], [ -80.380645, 37.887225 ], [ -80.380655, 37.88724 ], [ -80.380689, 37.887248 ], [ -80.380716, 37.887266 ], [ -80.380711, 37.887271 ], [ -80.380655, 37.887273 ], [ -80.380666, 37.887307 ], [ -80.380683, 37.887307 ], [ -80.380723, 37.887295 ], [ -80.380774, 37.887292 ], [ -80.380814, 37.887302 ], [ -80.380831, 37.887442 ], [ -80.380858, 37.887447 ], [ -80.380908, 37.887519 ], [ -80.380927, 37.887533 ], [ -80.380959, 37.887539 ], [ -80.380968, 37.88756 ], [ -80.380982, 37.887573 ], [ -80.380993, 37.887557 ], [ -80.381096, 37.887526 ], [ -80.381156, 37.887486 ] ] } },
{ "type": "Feature", "properties": { "ID": 426, "elev": 682.752 }, "geometry": { "type": "LineString", "coordinates": [ [ -80.378762, 37.886749 ], [ -80.378762, 37.886755 ], [ -80.378788, 37.886776 ], [ -80.378793, 37.886796 ], [ -80.378774, 37.886828 ], [ -80.378736, 37.886863 ], [ -80.378729, 37.886881 ], [ -80.378744, 37.886891 ], [ -80.378727, 37.886913 ], [ -80.378798, 37.886926 ], [ -80.378809, 37.886945 ], [ -80.378861, 37.886938 ], [ -80.37887, 37.886945 ], [ -80.378866, 37.886968 ], [ -80.378872, 37.88699 ], [ -80.3789, 37.886984 ], [ -80.378911, 37.886989 ], [ -80.378928, 37.886982 ], [ -80.378946, 37.886986 ], [ -80.378957, 37.887008 ], [ -80.378985, 37.887008 ], [ -80.379002, 37.887021 ], [ -80.379036, 37.887016 ], [ -80.379076, 37.88703 ], [ -80.379096, 37.887046 ], [ -80.379133, 37.887046 ], [ -80.379144, 37.887071 ], [ -80.379167, 37.887091 ], [ -80.37917, 37.887105 ], [ -80.379155, 37.88711 ], [ -80.379115, 37.887104 ], [ -80.379098, 37.887095 ], [ -80.379041, 37.887095 ], [ -80.378996, 37.887107 ], [ -80.378978, 37.887129 ], [ -80.378927, 37.88713 ], [ -80.378937, 37.887139 ], [ -80.379001, 37.887167 ], [ -80.379052, 37.887178 ], [ -80.379086, 37.887199 ], [ -80.379089, 37.887176 ], [ -80.379097, 37.887177 ], [ -80.379109, 37.887185 ], [ -80.379114, 37.887207 ], [ -80.379143, 37.887203 ], [ -80.37916, 37.887191 ], [ -80.379211, 37.887197 ], [ -80.379222, 37.887211 ], [ -80.379307, 37.887243 ], [ -80.379364, 37.887244 ], [ -80.379483, 37.88729 ], [ -80.379523, 37.887288 ], [ -80.379534, 37.887282 ], [ -80.379563, 37.8873 ], [ -80.379676, 37.887332 ], [ -80.379704, 37.887355 ], [ -80.379738, 37.887364 ], [ -80.379795, 37.887389 ], [ -80.379807, 37.887401 ], [ -80.3798, 37.887412 ], [ -80.379812, 37.887409 ], [ -80.379835, 37.887417 ], [ -80.379866, 37.887446 ], [ -80.37988, 37.887447 ], [ -80.379908, 37.887463 ], [ -80.379954, 37.887465 ], [ -80.379969, 37.887496 ], [ -80.379956, 37.887519 ], [ -80.379981, 37.887549 ], [ -80.380038, 37.887543 ], [ -80.380056, 37.887546 ], [ -80.380059, 37.887564 ], [ -80.38005, 37.887591 ], [ -80.38006, 37.887609 ], [ -80.380083, 37.887621 ], [ -80.380106, 37.887619 ], [ -80.38014, 37.887647 ], [ -80.380168, 37.887646 ], [ -80.380191, 37.887654 ], [ -80.380202, 37.88767 ], [ -80.38023, 37.887674 ], [ -80.380243, 37.887692 ], [ -80.38027, 37.88771 ], [ -80.380287, 37.887712 ], [ -80.38031, 37.887689 ], [ -80.380316, 37.887697 ], [ -80.380325, 37.887697 ], [ -80.380379, 37.887628 ], [ -80.380381, 37.88762 ], [ -80.380365, 37.887602 ], [ -80.380388, 37.887553 ], [ -80.380376, 37.887526 ], [ -80.38039, 37.887485 ], [ -80.380416, 37.887467 ], [ -80.380435, 37.88744 ], [ -80.38046, 37.887435 ], [ -80.380466, 37.887429 ], [ -80.380507, 37.887382 ], [ -80.3805, 37.887362 ], [ -80.380517, 37.887361 ], [ -80.380546, 37.88735 ], [ -80.380591, 37.887347 ], [ -80.380614, 37.887311 ], [ -80.380643, 37.887294 ], [ -80.380671, 37.887315 ], [ -80.380746, 37.887302 ], [ -80.380785, 37.887332 ], [ -80.380813, 37.887358 ], [ -80.380826, 37.887424 ], [ -80.380824, 37.887442 ], [ -80.380836, 37.887447 ], [ -80.380858, 37.887474 ], [ -80.380852, 37.887479 ], [ -80.380854, 37.887497 ], [ -80.380876, 37.887533 ], [ -80.380959, 37.887557 ], [ -80.380982, 37.887577 ], [ -80.381027, 37.887577 ], [ -80.381039, 37.887569 ], [ -80.381079, 37.887561 ], [ -80.381176, 37.887509 ] ] } },
{ "type": "Feature", "properties": { "ID": 427, "elev": 684.276 }, "geometry": { "type": "LineString", "coordinates": [ [ -80.378754, 37.886749 ], [ -80.378755, 37.886755 ], [ -80.378788, 37.886782 ], [ -80.378788, 37.886799 ], [ -80.378771, 37.886824 ], [ -80.378726, 37.886863 ], [ -80.378698, 37.886922 ], [ -80.378656, 37.88696 ], [ -80.37865, 37.886962 ], [ -80.378639, 37.886949 ], [ -80.378628, 37.886924 ], [ -80.378605, 37.88691 ], [ -80.378571, 37.886918 ], [ -80.378559, 37.886911 ], [ -80.378542, 37.886923 ], [ -80.378508, 37.886918 ], [ -80.378491, 37.886924 ], [ -80.378457, 37.886904 ], [ -80.378428, 37.886938 ], [ -80.378428, 37.886949 ], [ -80.378441, 37.886952 ], [ -80.378423, 37.886954 ], [ -80.378405, 37.886965 ], [ -80.378326, 37.88696 ], [ -80.378298, 37.886952 ], [ -80.37828, 37.886964 ], [ -80.378246, 37.886966 ], [ -80.378246, 37.886978 ], [ -80.378365, 37.88703 ], [ -80.378416, 37.887044 ], [ -80.37849, 37.887085 ], [ -80.378558, 37.887096 ], [ -80.378598, 37.88711 ], [ -80.378603, 37.887117 ], [ -80.37862, 37.887117 ], [ -80.378637, 37.887126 ], [ -80.378648, 37.887146 ], [ -80.378671, 37.887134 ], [ -80.3787, 37.887152 ], [ -80.378745, 37.887158 ], [ -80.378752, 37.887166 ], [ -80.378751, 37.887184 ], [ -80.378738, 37.887197 ], [ -80.378746, 37.887224 ], [ -80.378761, 37.887233 ], [ -80.378836, 37.887252 ], [ -80.378855, 37.887265 ], [ -80.379028, 37.887269 ], [ -80.379102, 37.887294 ], [ -80.379119, 37.887286 ], [ -80.379136, 37.887302 ], [ -80.379148, 37.887303 ], [ -80.379199, 37.887283 ], [ -80.379216, 37.887286 ], [ -80.379227, 37.887294 ], [ -80.379225, 37.887312 ], [ -80.379238, 37.887319 ], [ -80.379361, 37.887362 ], [ -80.379414, 37.88739 ], [ -80.379448, 37.887402 ], [ -80.379488, 37.887407 ], [ -80.379482, 37.887411 ], [ -80.379448, 37.887412 ], [ -80.379446, 37.887417 ], [ -80.379493, 37.887431 ], [ -80.379522, 37.887447 ], [ -80.379545, 37.887463 ], [ -80.379559, 37.88749 ], [ -80.379629, 37.887529 ], [ -80.379632, 37.887549 ], [ -80.379653, 37.887553 ], [ -80.379665, 37.887576 ], [ -80.37967, 37.887589 ], [ -80.379664, 37.887598 ], [ -80.379691, 37.887599 ], [ -80.379713, 37.887616 ], [ -80.379753, 37.887626 ], [ -80.379788, 37.887658 ], [ -80.379838, 37.887668 ], [ -80.379854, 37.887685 ], [ -80.379889, 37.887662 ], [ -80.379956, 37.887713 ], [ -80.379974, 37.88774 ], [ -80.379973, 37.887753 ], [ -80.379991, 37.88777 ], [ -80.380042, 37.887777 ], [ -80.380076, 37.887801 ], [ -80.380104, 37.887808 ], [ -80.380119, 37.887822 ], [ -80.380127, 37.887845 ], [ -80.380149, 37.887862 ], [ -80.38015, 37.887885 ], [ -80.380166, 37.887903 ], [ -80.380183, 37.887908 ], [ -80.380188, 37.887931 ], [ -80.380206, 37.887911 ], [ -80.380234, 37.887899 ], [ -80.380247, 37.887872 ], [ -80.380286, 37.887845 ], [ -80.38029, 37.887832 ], [ -80.380307, 37.887818 ], [ -80.380306, 37.8878 ], [ -80.380322, 37.887778 ], [ -80.380318, 37.887746 ], [ -80.380326, 37.887724 ], [ -80.380344, 37.887684 ], [ -80.380389, 37.887625 ], [ -80.380372, 37.887602 ], [ -80.380379, 37.887571 ], [ -80.380395, 37.887548 ], [ -80.380387, 37.887526 ], [ -80.380425, 37.8875 ], [ -80.380431, 37.887476 ], [ -80.380448, 37.887457 ], [ -80.380477, 37.887431 ], [ -80.380497, 37.887423 ], [ -80.3805, 37.887416 ], [ -80.380493, 37.887409 ], [ -80.3805, 37.8874 ], [ -80.380529, 37.887385 ], [ -80.380568, 37.887385 ], [ -80.380591, 37.887377 ], [ -80.380603, 37.887345 ], [ -80.380649, 37.887316 ], [ -80.380662, 37.88732 ], [ -80.380663, 37.887356 ], [ -80.380676, 37.887384 ], [ -80.380767, 37.887389 ], [ -80.380813, 37.88738 ], [ -80.380822, 37.887433 ], [ -80.380816, 37.887447 ], [ -80.380834, 37.887474 ], [ -80.380829, 37.887507 ], [ -80.380837, 37.887533 ], [ -80.380885, 37.887566 ], [ -80.380976, 37.887594 ], [ -80.380988, 37.88758 ], [ -80.381016, 37.887601 ], [ -80.38105, 37.887604 ], [ -80.381061, 37.887593 ], [ -80.381107, 37.887582 ], [ -80.381195, 37.887539 ] ] } },
{ "type": "Feature", "properties": { "ID": 428, "elev": 679.704 }, "geometry": { "type": "LineString", "coordinates": [ [ -80.378789, 37.886744 ], [ -80.378801, 37.886792 ], [ -80.378794, 37.886855 ], [ -80.378807, 37.886882 ], [ -80.378838, 37.886897 ], [ -80.378867, 37.886897 ], [ -80.378878, 37.886916 ], [ -80.378895, 37.886914 ], [ -80.378918, 37.886927 ], [ -80.378929, 37.886926 ], [ -80.378946, 37.886912 ], [ -80.378969, 37.88691 ], [ -80.378987, 37.886928 ], [ -80.378991, 37.886944 ], [ -80.379003, 37.886948 ], [ -80.37902, 37.886942 ], [ -80.379088, 37.886945 ], [ -80.379116, 37.886981 ], [ -80.379224, 37.887024 ], [ -80.379292, 37.887041 ], [ -80.379457, 37.887068 ], [ -80.379485, 37.887084 ], [ -80.37953, 37.887088 ], [ -80.379581, 37.887104 ], [ -80.379644, 37.887107 ], [ -80.379661, 37.887125 ], [ -80.379684, 37.887122 ], [ -80.379752, 37.887141 ], [ -80.379831, 37.887172 ], [ -80.3799, 37.887158 ], [ -80.379912, 37.887131 ], [ -80.379929, 37.887122 ], [ -80.379933, 37.887104 ], [ -80.379958, 37.887082 ], [ -80.379961, 37.887068 ], [ -80.379987, 37.887041 ], [ -80.380008, 37.886992 ], [ -80.380026, 37.886977 ], [ -80.380025, 37.886947 ], [ -80.380038, 37.886934 ], [ -80.380058, 37.886929 ], [ -80.380087, 37.88688 ], [ -80.380112, 37.886856 ], [ -80.380118, 37.886853 ], [ -80.380129, 37.886862 ], [ -80.380143, 37.886853 ], [ -80.380141, 37.886848 ], [ -80.380119, 37.886853 ], [ -80.38013, 37.886816 ], [ -80.380135, 37.886809 ], [ -80.380152, 37.886817 ], [ -80.38016, 37.886785 ], [ -80.380204, 37.886772 ], [ -80.380201, 37.886752 ] ] } },
{ "type": "Feature", "properties": { "ID": 429, "elev": 679.704 }, "geometry": { "type": "LineString", "coordinates": [ [ -80.380148, 37.886747 ], [ -80.380152, 37.886763 ], [ -80.380147, 37.886764 ], [ -80.380135, 37.886747 ] ] } },
{ "type": "Feature", "properties": { "ID": 430, "elev": 679.704 }, "geometry": { "type": "LineString", "coordinates": [ [ -80.379513, 37.886735 ], [ -80.379525, 37.886746 ], [ -80.379505, 37.886769 ], [ -80.379448, 37.886755 ], [ -80.379362, 37.886758 ], [ -80.37935, 37.886745 ], [ -80.379359, 37.886734 ] ] } },
{ "type": "Feature", "properties": { "ID": 431, "elev": 667.512 }, "geometry": { "type": "LineString", "coordinates": [ [ -80.379969, 37.886733 ], [ -80.379963, 37.886762 ], [ -80.37997, 37.886789 ], [ -80.379999, 37.886801 ], [ -80.38001, 37.8868 ], [ -80.380017, 37.886794 ], [ -80.380006, 37.886771 ], [ -80.380009, 37.886737 ] ] } },
{ "type": "Feature", "properties": { "ID": 432, "elev": 667.512 }, "geometry": { "type": "LineString", "coordinates": [ [ -80.379907, 37.886732 ], [ -80.379926, 37.88674 ], [ -80.379939, 37.886732 ] ] } },
{ "type": "Feature", "properties": { "ID": 433, "elev": 667.512 }, "geometry": { "type": "LineString", "coordinates": [ [ -80.379811, 37.886732 ], [ -80.379779, 37.886747 ], [ -80.379766, 37.886761 ], [ -80.379738, 37.886765 ], [ -80.379735, 37.886788 ], [ -80.379714, 37.886819 ], [ -80.379722, 37.886828 ], [ -80.37976, 37.886834 ], [ -80.379787, 37.886824 ], [ -80.37983, 37.886779 ], [ -80.379831, 37.88677 ], [ -80.37988, 37.886749 ], [ -80.379899, 37.886732 ] ] } },
{ "type": "Feature", "properties": { "ID": 434, "elev": 669.036 }, "geometry": { "type": "LineString", "coordinates": [ [ -80.379737, 37.886731 ], [ -80.37973, 37.886761 ], [ -80.379721, 37.886773 ], [ -80.379703, 37.88678 ], [ -80.379703, 37.886792 ], [ -80.37971, 37.886801 ], [ -80.379713, 37.886824 ], [ -80.379748, 37.886848 ], [ -80.379811, 37.886841 ], [ -80.37984, 37.886811 ], [ -80.379845, 37.886788 ], [ -80.379891, 37.886751 ], [ -80.379914, 37.886742 ], [ -80.379943, 37.886744 ], [ -80.379965, 37.886789 ], [ -80.379999, 37.886805 ], [ -80.380016, 37.886804 ], [ -80.380026, 37.886789 ], [ -80.380014, 37.886771 ], [ -80.380016, 37.886753 ], [ -80.380036, 37.886741 ] ] } },
{ "type": "Feature", "properties": { "ID": 435, "elev": 670.56 }, "geometry": { "type": "LineString", "coordinates": [ [ -80.379733, 37.886731 ], [ -80.379727, 37.886761 ], [ -80.379702, 37.886778 ], [ -80.379699, 37.886796 ], [ -80.379708, 37.886806 ], [ -80.379711, 37.886824 ], [ -80.379748, 37.886855 ], [ -80.379805, 37.88685 ], [ -80.37982, 37.886842 ], [ -80.379832, 37.886833 ], [ -80.37986, 37.886788 ], [ -80.379878, 37.886779 ], [ -80.379891, 37.886761 ], [ -80.37992, 37.886746 ], [ -80.379929, 37.886748 ], [ -80.37996, 37.886789 ], [ -80.379999, 37.886808 ], [ -80.380029, 37.886812 ], [ -80.380036, 37.886807 ], [ -80.380032, 37.886789 ], [ -80.380017, 37.886762 ], [ -80.380038, 37.886742 ] ] } },
{ "type": "Feature", "properties": { "ID": 436, "elev": 672.084 }, "geometry": { "type": "LineString", "coordinates": [ [ -80.379727, 37.886731 ], [ -80.379722, 37.886765 ], [ -80.3797, 37.886778 ], [ -80.379696, 37.886796 ], [ -80.379705, 37.886806 ], [ -80.379708, 37.886824 ], [ -80.379743, 37.886855 ], [ -80.379748, 37.886872 ], [ -80.379805, 37.886862 ], [ -80.379817, 37.886848 ], [ -80.379851, 37.886838 ], [ -80.379865, 37.886788 ], [ -80.379888, 37.886779 ], [ -80.37992, 37.88675 ], [ -80.379954, 37.886789 ], [ -80.380005, 37.886814 ], [ -80.380027, 37.886817 ], [ -80.38004, 37.886807 ], [ -80.38002, 37.886762 ], [ -80.380044, 37.886742 ] ] } },
{ "type": "Feature", "properties": { "ID": 437, "elev": 673.608 }, "geometry": { "type": "LineString", "coordinates": [ [ -80.379715, 37.886731 ], [ -80.37972, 37.886765 ], [ -80.379699, 37.886778 ], [ -80.379693, 37.886796 ], [ -80.379703, 37.886805 ], [ -80.379706, 37.886824 ], [ -80.379737, 37.886855 ], [ -80.379747, 37.886882 ], [ -80.379754, 37.886884 ], [ -80.379805, 37.886875 ], [ -80.379819, 37.886851 ], [ -80.37988, 37.886833 ], [ -80.379868, 37.886788 ], [ -80.379896, 37.886779 ], [ -80.37992, 37.886755 ], [ -80.379954, 37.886792 ], [ -80.380027, 37.886824 ], [ -80.380046, 37.886803 ], [ -80.380025, 37.886762 ], [ -80.380048, 37.886742 ] ] } },
{ "type": "Feature", "properties": { "ID": 438, "elev": 675.132 }, "geometry": { "type": "LineString", "coordinates": [ [ -80.379712, 37.886731 ], [ -80.379717, 37.886765 ], [ -80.379697, 37.886778 ], [ -80.379691, 37.886796 ], [ -80.379727, 37.886851 ], [ -80.379731, 37.886869 ], [ -80.379745, 37.886887 ], [ -80.379759, 37.886894 ], [ -80.379805, 37.886889 ], [ -80.379822, 37.886864 ], [ -80.379865, 37.886842 ], [ -80.379908, 37.886834 ], [ -80.379882, 37.886793 ], [ -80.37992, 37.886767 ], [ -80.379931, 37.88677 ], [ -80.379954, 37.886796 ], [ -80.379982, 37.886804 ], [ -80.380004, 37.886822 ], [ -80.380032, 37.886825 ], [ -80.380052, 37.886803 ], [ -80.380031, 37.886762 ], [ -80.380055, 37.886742 ] ] } },
{ "type": "Feature", "properties": { "ID": 439, "elev": 676.656 }, "geometry": { "type": "LineString", "coordinates": [ [ -80.379707, 37.886731 ], [ -80.379715, 37.886765 ], [ -80.379695, 37.886778 ], [ -80.379689, 37.886796 ], [ -80.3797, 37.886805 ], [ -80.379701, 37.886824 ], [ -80.379721, 37.886851 ], [ -80.37972, 37.886889 ], [ -80.379765, 37.886905 ], [ -80.379805, 37.886902 ], [ -80.379822, 37.886884 ], [ -80.379869, 37.886883 ], [ -80.379884, 37.886874 ], [ -80.379903, 37.886843 ], [ -80.379916, 37.886834 ], [ -80.379913, 37.886816 ], [ -80.379897, 37.886798 ], [ -80.379897, 37.886788 ], [ -80.37992, 37.886774 ], [ -80.379941, 37.886789 ], [ -80.379943, 37.886802 ], [ -80.379971, 37.886801 ], [ -80.379984, 37.886807 ], [ -80.379995, 37.886821 ], [ -80.379994, 37.886834 ], [ -80.380033, 37.886829 ], [ -80.380056, 37.886803 ], [ -80.38004, 37.886758 ], [ -80.380063, 37.886742 ] ] } },
{ "type": "Feature", "properties": { "ID": 440, "elev": 678.18 }, "geometry": { "type": "LineString", "coordinates": [ [ -80.37958, 37.88673 ], [ -80.379613, 37.886755 ], [ -80.379664, 37.886758 ], [ -80.379681, 37.886752 ], [ -80.379687, 37.886744 ], [ -80.379709, 37.886754 ], [ -80.379711, 37.886765 ], [ -80.379688, 37.886783 ], [ -80.379685, 37.886792 ], [ -80.379687, 37.886801 ], [ -80.379698, 37.886805 ], [ -80.3797, 37.886828 ], [ -80.37971, 37.886837 ], [ -80.379715, 37.886909 ], [ -80.379725, 37.886918 ], [ -80.379793, 37.886918 ], [ -80.379822, 37.886907 ], [ -80.379907, 37.886916 ], [ -80.379917, 37.886843 ], [ -80.379928, 37.886825 ], [ -80.379941, 37.886811 ], [ -80.37997, 37.886805 ], [ -80.379986, 37.886816 ], [ -80.379991, 37.886843 ], [ -80.380027, 37.886834 ], [ -80.380033, 37.886842 ], [ -80.380038, 37.886839 ], [ -80.380061, 37.886812 ], [ -80.380061, 37.886789 ], [ -80.380044, 37.886758 ], [ -80.380062, 37.886751 ], [ -80.380067, 37.886742 ] ] } }
]
}
