{
"type": "FeatureCollection",
"name": "contour",
"crs": { "type": "name", "properties": { "name": "urn:ogc:def:crs:OGC:1.3:CRS84" } },
"features": [
{ "type": "Feature", "properties": { "ID": 0, "elev": 686.0 }, "geometry": { "type": "LineString", "coordinates": [ [ -80.378625, 37.888997 ], [ -80.378622, 37.888987 ], [ -80.37861, 37.888997 ] ] } },
{ "type": "Feature", "properties": { "ID": 1, "elev": 688.0 }, "geometry": { "type": "LineString", "coordinates": [ [ -80.378226, 37.888979 ], [ -80.378235, 37.888977 ], [ -80.378235, 37.888991 ], [ -80.378229, 37.888992 ], [ -80.378226, 37.888979 ] ] } },
{ "type": "Feature", "properties": { "ID": 2, "elev": 682.0 }, "geometry": { "type": "LineString", "coordinates": [ [ -80.378337, 37.888995 ], [ -80.378341, 37.888979 ], [ -80.378332, 37.888971 ], [ -80.378322, 37.888979 ], [ -80.37833, 37.888995 ] ] } },
{ "type": "Feature", "properties": { "ID": 3, "elev": 696.0 }, "geometry": { "type": "LineString", "coordinates": [ [ -80.378865, 37.888989 ], [ -80.378855, 37.888975 ], [ -80.378843, 37.888974 ], [ -80.378825, 37.888982 ], [ -80.378817, 37.888993 ] ] } },
{ "type": "Feature", "properties": { "ID": 4, "elev": 688.0 }, "geometry": { "type": "LineString", "coordinates": [ [ -80.378641, 37.888997 ], [ -80.378616, 37.888971 ], [ -80.37853, 37.888996 ] ] } },
{ "type": "Feature", "properties": { "ID": 5, "elev": 698.0 }, "geometry": { "type": "LineString", "coordinates": [ [ -80.378807, 37.888968 ], [ -80.378826, 37.888966 ], [ -80.37883, 37.888969 ], [ -80.378815, 37.88898 ], [ -80.3788, 37.888973 ], [ -80.378807, 37.888968 ] ] } },
{ "type": "Feature", "properties": { "ID": 6, "elev": 696.0 }, "geometry": { "type": "LineString", "coordinates": [ [ -80.378849, 37.888963 ], [ -80.378848, 37.888969 ], [ -80.378849, 37.888971 ], [ -80.378858, 37.888964 ], [ -80.378849, 37.888963 ] ] } },
{ "type": "Feature", "properties": { "ID": 7, "elev": 684.0 }, "geometry": { "type": "LineString", "coordinates": [ [ -80.37837, 37.888995 ], [ -80.378366, 37.88898 ], [ -80.378347, 37.888961 ], [ -80.378332, 37.888956 ], [ -80.378303, 37.888961 ], [ -80.378293, 37.888975 ], [ -80.378252, 37.888985 ], [ -80.378246, 37.888995 ] ] } },
{ "type": "Feature", "properties": { "ID": 8, "elev": 684.0 }, "geometry": { "type": "LineString", "coordinates": [ [ -80.379069, 37.888981 ], [ -80.379071, 37.888959 ], [ -80.379062, 37.888981 ] ] } },
{ "type": "Feature", "properties": { "ID": 9, "elev": 686.0 }, "geometry": { "type": "LineString", "coordinates": [ [ -80.378423, 37.888996 ], [ -80.378413, 37.888984 ], [ -80.378384, 37.888975 ], [ -80.378376, 37.888962 ], [ -80.378338, 37.888948 ], [ -80.37827, 37.888961 ], [ -80.378261, 37.888975 ], [ -80.378243, 37.888979 ], [ -80.378241, 37.888995 ] ] } },
{ "type": "Feature", "properties": { "ID": 10, "elev": 690.0 }, "geometry": { "type": "LineString", "coordinates": [ [ -80.378664, 37.888997 ], [ -80.378655, 37.888981 ], [ -80.378627, 37.888966 ], [ -80.378616, 37.888949 ], [ -80.378605, 37.888947 ], [ -80.378582, 37.888963 ], [ -80.378565, 37.888952 ], [ -80.378558, 37.888954 ], [ -80.378536, 37.888975 ], [ -80.378519, 37.88898 ], [ -80.378509, 37.888996 ] ] } },
{ "type": "Feature", "properties": { "ID": 11, "elev": 702.0 }, "geometry": { "type": "LineString", "coordinates": [ [ -80.379224, 37.888982 ], [ -80.379207, 37.888961 ], [ -80.37923, 37.888947 ], [ -80.379256, 37.888948 ], [ -80.379252, 37.888977 ] ] } },
{ "type": "Feature", "properties": { "ID": 12, "elev": 688.0 }, "geometry": { "type": "LineString", "coordinates": [ [ -80.37843, 37.888996 ], [ -80.378423, 37.888969 ], [ -80.378343, 37.888945 ], [ -80.378332, 37.888932 ], [ -80.378326, 37.88894 ], [ -80.378292, 37.888952 ], [ -80.378258, 37.888956 ], [ -80.37824, 37.888952 ], [ -80.378218, 37.888968 ], [ -80.378209, 37.888995 ] ] } },
{ "type": "Feature", "properties": { "ID": 13, "elev": 700.0 }, "geometry": { "type": "LineString", "coordinates": [ [ -80.378982, 37.888938 ], [ -80.378986, 37.888937 ], [ -80.378987, 37.888938 ], [ -80.378986, 37.888938 ], [ -80.378982, 37.888938 ] ] } },
{ "type": "Feature", "properties": { "ID": 14, "elev": 692.0 }, "geometry": { "type": "LineString", "coordinates": [ [ -80.379817, 37.888949 ], [ -80.37981, 37.888936 ], [ -80.379795, 37.888942 ], [ -80.379792, 37.888949 ] ] } },
{ "type": "Feature", "properties": { "ID": 15, "elev": 700.0 }, "geometry": { "type": "LineString", "coordinates": [ [ -80.379327, 37.888935 ], [ -80.379291, 37.888944 ], [ -80.379327, 37.888957 ], [ -80.379338, 37.888968 ], [ -80.37935, 37.888944 ], [ -80.379339, 37.888935 ], [ -80.379327, 37.888935 ] ] } },
{ "type": "Feature", "properties": { "ID": 16, "elev": 680.0 }, "geometry": { "type": "LineString", "coordinates": [ [ -80.379066, 37.888923 ], [ -80.379066, 37.88893 ], [ -80.379077, 37.888929 ], [ -80.379073, 37.888925 ], [ -80.379066, 37.888923 ] ] } },
{ "type": "Feature", "properties": { "ID": 17, "elev": 690.0 }, "geometry": { "type": "LineString", "coordinates": [ [ -80.378489, 37.888996 ], [ -80.378485, 37.888988 ], [ -80.378445, 37.888988 ], [ -80.378445, 37.888977 ], [ -80.378466, 37.888976 ], [ -80.378445, 37.888973 ], [ -80.378432, 37.888957 ], [ -80.378349, 37.888934 ], [ -80.378332, 37.88892 ], [ -80.378309, 37.888924 ], [ -80.378275, 37.888952 ], [ -80.378235, 37.888944 ], [ -80.378195, 37.888974 ], [ -80.378152, 37.888994 ] ] } },
{ "type": "Feature", "properties": { "ID": 18, "elev": 692.0 }, "geometry": { "type": "LineString", "coordinates": [ [ -80.380024, 37.888932 ], [ -80.380027, 37.888927 ], [ -80.380029, 37.888932 ] ] } },
{ "type": "Feature", "properties": { "ID": 19, "elev": 682.0 }, "geometry": { "type": "LineString", "coordinates": [ [ -80.37906, 37.888919 ], [ -80.379057, 37.888929 ], [ -80.379071, 37.88894 ], [ -80.379079, 37.888925 ], [ -80.379066, 37.888917 ], [ -80.37906, 37.888919 ] ] } },
{ "type": "Feature", "properties": { "ID": 20, "elev": 692.0 }, "geometry": { "type": "LineString", "coordinates": [ [ -80.378699, 37.888997 ], [ -80.378674, 37.888972 ], [ -80.378628, 37.888945 ], [ -80.378616, 37.888923 ], [ -80.378603, 37.888922 ], [ -80.378588, 37.888947 ], [ -80.378576, 37.888948 ], [ -80.378565, 37.888935 ], [ -80.378527, 37.888949 ], [ -80.378502, 37.888967 ], [ -80.37848, 37.88895 ], [ -80.378446, 37.888944 ], [ -80.378434, 37.888937 ], [ -80.378419, 37.888939 ], [ -80.378401, 37.888926 ], [ -80.378332, 37.888914 ], [ -80.378275, 37.88893 ], [ -80.378247, 37.888932 ], [ -80.378207, 37.888955 ], [ -80.378172, 37.888961 ], [ -80.378136, 37.888994 ] ] } },
{ "type": "Feature", "properties": { "ID": 21, "elev": 684.0 }, "geometry": { "type": "LineString", "coordinates": [ [ -80.37906, 37.888916 ], [ -80.379049, 37.888929 ], [ -80.379071, 37.88895 ], [ -80.379084, 37.888929 ], [ -80.37906, 37.888916 ] ] } },
{ "type": "Feature", "properties": { "ID": 22, "elev": 686.0 }, "geometry": { "type": "LineString", "coordinates": [ [ -80.379073, 37.888981 ], [ -80.379078, 37.888947 ], [ -80.379089, 37.888929 ], [ -80.379066, 37.888913 ], [ -80.379039, 37.888925 ], [ -80.379062, 37.888947 ], [ -80.379057, 37.888981 ] ] } },
{ "type": "Feature", "properties": { "ID": 23, "elev": 686.0 }, "geometry": { "type": "LineString", "coordinates": [ [ -80.379918, 37.88894 ], [ -80.379918, 37.888934 ], [ -80.379907, 37.888932 ], [ -80.37989, 37.888912 ], [ -80.379877, 37.888929 ], [ -80.379883, 37.88894 ] ] } },
{ "type": "Feature", "properties": { "ID": 24, "elev": 688.0 }, "geometry": { "type": "LineString", "coordinates": [ [ -80.379075, 37.888981 ], [ -80.379082, 37.888943 ], [ -80.379094, 37.888929 ], [ -80.379066, 37.888911 ], [ -80.379028, 37.888929 ], [ -80.379054, 37.888941 ], [ -80.37906, 37.888956 ], [ -80.379054, 37.888969 ], [ -80.379035, 37.888974 ], [ -80.379036, 37.888981 ] ] } },
{ "type": "Feature", "properties": { "ID": 25, "elev": 690.0 }, "geometry": { "type": "LineString", "coordinates": [ [ -80.379092, 37.888981 ], [ -80.379083, 37.888952 ], [ -80.379097, 37.888929 ], [ -80.379066, 37.888909 ], [ -80.37902, 37.888929 ], [ -80.379054, 37.888961 ], [ -80.379043, 37.88896 ], [ -80.379031, 37.888948 ], [ -80.379029, 37.888965 ], [ -80.379007, 37.888974 ], [ -80.379008, 37.888985 ] ] } },
{ "type": "Feature", "properties": { "ID": 26, "elev": 692.0 }, "geometry": { "type": "LineString", "coordinates": [ [ -80.379119, 37.888981 ], [ -80.379099, 37.888956 ], [ -80.3791, 37.888929 ], [ -80.379066, 37.888908 ], [ -80.379009, 37.888929 ], [ -80.379018, 37.888938 ], [ -80.379001, 37.888951 ], [ -80.379002, 37.888965 ], [ -80.378986, 37.888972 ], [ -80.378977, 37.888985 ] ] } },
{ "type": "Feature", "properties": { "ID": 27, "elev": 694.0 }, "geometry": { "type": "LineString", "coordinates": [ [ -80.378709, 37.888997 ], [ -80.378701, 37.888964 ], [ -80.378638, 37.888922 ], [ -80.378605, 37.888916 ], [ -80.378588, 37.888924 ], [ -80.378577, 37.888909 ], [ -80.37856, 37.888906 ], [ -80.378518, 37.888917 ], [ -80.378505, 37.888944 ], [ -80.378497, 37.888945 ], [ -80.378435, 37.88891 ], [ -80.3784, 37.888911 ], [ -80.378349, 37.888904 ], [ -80.378344, 37.888908 ], [ -80.378332, 37.888901 ], [ -80.378247, 37.888919 ], [ -80.378218, 37.888934 ], [ -80.378208, 37.888952 ], [ -80.378167, 37.888959 ], [ -80.378132, 37.888994 ] ] } },
{ "type": "Feature", "properties": { "ID": 28, "elev": 694.0 }, "geometry": { "type": "LineString", "coordinates": [ [ -80.37913, 37.888981 ], [ -80.379103, 37.888929 ], [ -80.379066, 37.888906 ], [ -80.379006, 37.888929 ], [ -80.379006, 37.888938 ], [ -80.378968, 37.888969 ], [ -80.378966, 37.888985 ] ] } },
{ "type": "Feature", "properties": { "ID": 29, "elev": 696.0 }, "geometry": { "type": "LineString", "coordinates": [ [ -80.379133, 37.888981 ], [ -80.379131, 37.888961 ], [ -80.379107, 37.888929 ], [ -80.379077, 37.888908 ], [ -80.37906, 37.888904 ], [ -80.379009, 37.888925 ], [ -80.379001, 37.888938 ], [ -80.37898, 37.88895 ], [ -80.378957, 37.888948 ], [ -80.378946, 37.888954 ], [ -80.378934, 37.888965 ], [ -80.378945, 37.888985 ] ] } },
{ "type": "Feature", "properties": { "ID": 30, "elev": 682.0 }, "geometry": { "type": "LineString", "coordinates": [ [ -80.380298, 37.888911 ], [ -80.380283, 37.888907 ], [ -80.380275, 37.888915 ] ] } },
{ "type": "Feature", "properties": { "ID": 31, "elev": 686.0 }, "geometry": { "type": "LineString", "coordinates": [ [ -80.379885, 37.888901 ], [ -80.379883, 37.888902 ], [ -80.379885, 37.888905 ], [ -80.379886, 37.888902 ], [ -80.379885, 37.888901 ] ] } },
{ "type": "Feature", "properties": { "ID": 32, "elev": 702.0 }, "geometry": { "type": "LineString", "coordinates": [ [ -80.379612, 37.8889 ], [ -80.379614, 37.888905 ], [ -80.379624, 37.888905 ], [ -80.379625, 37.888901 ], [ -80.379612, 37.8889 ] ] } },
{ "type": "Feature", "properties": { "ID": 33, "elev": 704.0 }, "geometry": { "type": "LineString", "coordinates": [ [ -80.37923, 37.888899 ], [ -80.379231, 37.888898 ], [ -80.379232, 37.888899 ], [ -80.379231, 37.8889 ], [ -80.37923, 37.888899 ] ] } },
{ "type": "Feature", "properties": { "ID": 34, "elev": 688.0 }, "geometry": { "type": "LineString", "coordinates": [ [ -80.379937, 37.888936 ], [ -80.379907, 37.888907 ], [ -80.379885, 37.888897 ], [ -80.379857, 37.888945 ] ] } },
{ "type": "Feature", "properties": { "ID": 35, "elev": 704.0 }, "geometry": { "type": "LineString", "coordinates": [ [ -80.379247, 37.888894 ], [ -80.379248, 37.888894 ], [ -80.37925, 37.888894 ], [ -80.379248, 37.888894 ], [ -80.379247, 37.888894 ] ] } },
{ "type": "Feature", "properties": { "ID": 36, "elev": 704.0 }, "geometry": { "type": "LineString", "coordinates": [ [ -80.379509, 37.888891 ], [ -80.379511, 37.888895 ], [ -80.379504, 37.8889 ], [ -80.379498, 37.888895 ], [ -80.379509, 37.888891 ] ] } },
{ "type": "Feature", "properties": { "ID": 37, "elev": 704.0 }, "geometry": { "type": "LineString", "coordinates": [ [ -80.379252, 37.88889 ], [ -80.379255, 37.88889 ], [ -80.379254, 37.888893 ], [ -80.379252, 37.88889 ] ] } },
{ "type": "Feature", "properties": { "ID": 38, "elev": 704.0 }, "geometry": { "type": "LineString", "coordinates": [ [ -80.379469, 37.888886 ], [ -80.379475, 37.888887 ], [ -80.379475, 37.888893 ], [ -80.379464, 37.888891 ], [ -80.379469, 37.888886 ] ] } },
{ "type": "Feature", "properties": { "ID": 39, "elev": 690.0 }, "geometry": { "type": "LineString", "coordinates": [ [ -80.379983, 37.888932 ], [ -80.379987, 37.888925 ], [ -80.380004, 37.888926 ], [ -80.380007, 37.888921 ], [ -80.379991, 37.888907 ], [ -80.379913, 37.888898 ], [ -80.379902, 37.888882 ], [ -80.379879, 37.888895 ], [ -80.379862, 37.888923 ], [ -80.379842, 37.888933 ], [ -80.379838, 37.888945 ] ] } },
{ "type": "Feature", "properties": { "ID": 40, "elev": 704.0 }, "geometry": { "type": "LineString", "coordinates": [ [ -80.379281, 37.888881 ], [ -80.379283, 37.888881 ], [ -80.379282, 37.888883 ], [ -80.379281, 37.888881 ] ] } },
{ "type": "Feature", "properties": { "ID": 41, "elev": 682.0 }, "geometry": { "type": "LineString", "coordinates": [ [ -80.380576, 37.888886 ], [ -80.380576, 37.888881 ] ] } },
{ "type": "Feature", "properties": { "ID": 42, "elev": 696.0 }, "geometry": { "type": "LineString", "coordinates": [ [ -80.378726, 37.888993 ], [ -80.378702, 37.888946 ], [ -80.378651, 37.888921 ], [ -80.378599, 37.888913 ], [ -80.378571, 37.888897 ], [ -80.378469, 37.888917 ], [ -80.378452, 37.88891 ], [ -80.378429, 37.888884 ], [ -80.378406, 37.888871 ], [ -80.37835, 37.888885 ], [ -80.378338, 37.888894 ], [ -80.37831, 37.888889 ], [ -80.378247, 37.888903 ], [ -80.378218, 37.888923 ], [ -80.378196, 37.888952 ], [ -80.378167, 37.888957 ], [ -80.378128, 37.888994 ] ] } },
{ "type": "Feature", "properties": { "ID": 43, "elev": 682.0 }, "geometry": { "type": "LineString", "coordinates": [ [ -80.380576, 37.888881 ], [ -80.380593, 37.888874 ] ] } },
{ "type": "Feature", "properties": { "ID": 44, "elev": 704.0 }, "geometry": { "type": "LineString", "coordinates": [ [ -80.379072, 37.888865 ], [ -80.379077, 37.88887 ], [ -80.379084, 37.888866 ], [ -80.379078, 37.888862 ], [ -80.379072, 37.888865 ] ] } },
{ "type": "Feature", "properties": { "ID": 45, "elev": 698.0 }, "geometry": { "type": "LineString", "coordinates": [ [ -80.379146, 37.888981 ], [ -80.379153, 37.888961 ], [ -80.379134, 37.888945 ], [ -80.379114, 37.888938 ], [ -80.379111, 37.888934 ], [ -80.379122, 37.888929 ], [ -80.379066, 37.888903 ], [ -80.379032, 37.888906 ], [ -80.378992, 37.888922 ], [ -80.378988, 37.888929 ], [ -80.378997, 37.88893 ], [ -80.378998, 37.888938 ], [ -80.37898, 37.888946 ], [ -80.378958, 37.888935 ], [ -80.378929, 37.888945 ], [ -80.378872, 37.888946 ], [ -80.378849, 37.888957 ], [ -80.378793, 37.888948 ], [ -80.378775, 37.888956 ], [ -80.378713, 37.888945 ], [ -80.378651, 37.888917 ], [ -80.3786, 37.88891 ], [ -80.378586, 37.888895 ], [ -80.378554, 37.888884 ], [ -80.378469, 37.888901 ], [ -80.37844, 37.88889 ], [ -80.378395, 37.888856 ], [ -80.37835, 37.888868 ], [ -80.378332, 37.888885 ], [ -80.37831, 37.888881 ], [ -80.378287, 37.888885 ], [ -80.378224, 37.888907 ], [ -80.378184, 37.888949 ], [ -80.378167, 37.888954 ], [ -80.378133, 37.888979 ], [ -80.378093, 37.888994 ] ] } },
{ "type": "Feature", "properties": { "ID": 46, "elev": 700.0 }, "geometry": { "type": "LineString", "coordinates": [ [ -80.379189, 37.888982 ], [ -80.37919, 37.888972 ], [ -80.379202, 37.888966 ], [ -80.379192, 37.888957 ], [ -80.379163, 37.888952 ], [ -80.379123, 37.888918 ], [ -80.379066, 37.8889 ], [ -80.37898, 37.888911 ], [ -80.378918, 37.888942 ], [ -80.378838, 37.888942 ], [ -80.378798, 37.888922 ], [ -80.378707, 37.888922 ], [ -80.3786, 37.888899 ], [ -80.378566, 37.888879 ], [ -80.37852, 37.888873 ], [ -80.378503, 37.888884 ], [ -80.37847, 37.88889 ], [ -80.378476, 37.888877 ], [ -80.378469, 37.888856 ], [ -80.378441, 37.888854 ], [ -80.378435, 37.888859 ], [ -80.378424, 37.888853 ], [ -80.378412, 37.888856 ], [ -80.378395, 37.888852 ], [ -80.378355, 37.888861 ], [ -80.378327, 37.888876 ], [ -80.378287, 37.888881 ], [ -80.378261, 37.888893 ], [ -80.378219, 37.888902 ], [ -80.378207, 37.888916 ], [ -80.378138, 37.888959 ], [ -80.378042, 37.88898 ], [ -80.37803, 37.888976 ], [ -80.378019, 37.88898 ] ] } },
{ "type": "Feature", "properties": { "ID": 47, "elev": 704.0 }, "geometry": { "type": "LineString", "coordinates": [ [ -80.379636, 37.888856 ], [ -80.379641, 37.888854 ], [ -80.379643, 37.888856 ], [ -80.379641, 37.888859 ], [ -80.379636, 37.888856 ] ] } },
{ "type": "Feature", "properties": { "ID": 48, "elev": 704.0 }, "geometry": { "type": "LineString", "coordinates": [ [ -80.378371, 37.888826 ], [ -80.378387, 37.888826 ], [ -80.378394, 37.888831 ], [ -80.37839, 37.888835 ], [ -80.378371, 37.888826 ] ] } },
{ "type": "Feature", "properties": { "ID": 49, "elev": 702.0 }, "geometry": { "type": "LineString", "coordinates": [ [ -80.379365, 37.888974 ], [ -80.379385, 37.888949 ], [ -80.379339, 37.888918 ], [ -80.379282, 37.888917 ], [ -80.379253, 37.888932 ], [ -80.379236, 37.888934 ], [ -80.37914, 37.888921 ], [ -80.379123, 37.888911 ], [ -80.3791, 37.88891 ], [ -80.379066, 37.888898 ], [ -80.378978, 37.888902 ], [ -80.378946, 37.88892 ], [ -80.378804, 37.88892 ], [ -80.37877, 37.888904 ], [ -80.378676, 37.888882 ], [ -80.378617, 37.888881 ], [ -80.3786, 37.888886 ], [ -80.378571, 37.888875 ], [ -80.378543, 37.888875 ], [ -80.378495, 37.888854 ], [ -80.378469, 37.888822 ], [ -80.378441, 37.888825 ], [ -80.378429, 37.888845 ], [ -80.378412, 37.888851 ], [ -80.378384, 37.888849 ], [ -80.378355, 37.888855 ], [ -80.378321, 37.888873 ], [ -80.378299, 37.888865 ], [ -80.378281, 37.888869 ], [ -80.378139, 37.888937 ], [ -80.378089, 37.888951 ], [ -80.378036, 37.888958 ], [ -80.377999, 37.888955 ] ] } },
{ "type": "Feature", "properties": { "ID": 50, "elev": 704.0 }, "geometry": { "type": "LineString", "coordinates": [ [ -80.379567, 37.888824 ], [ -80.379576, 37.888828 ], [ -80.379567, 37.888835 ], [ -80.379564, 37.888833 ], [ -80.379567, 37.888824 ] ] } },
{ "type": "Feature", "properties": { "ID": 51, "elev": 676.0 }, "geometry": { "type": "LineString", "coordinates": [ [ -80.380522, 37.888815 ], [ -80.380501, 37.888842 ], [ -80.380528, 37.888848 ], [ -80.380537, 37.888842 ], [ -80.380522, 37.888815 ] ] } },
{ "type": "Feature", "properties": { "ID": 52, "elev": 704.0 }, "geometry": { "type": "LineString", "coordinates": [ [ -80.379555, 37.88881 ], [ -80.379567, 37.888813 ], [ -80.379568, 37.888815 ], [ -80.379561, 37.888818 ], [ -80.379555, 37.88881 ] ] } },
{ "type": "Feature", "properties": { "ID": 53, "elev": 708.0 }, "geometry": { "type": "LineString", "coordinates": [ [ -80.377927, 37.888797 ], [ -80.37794, 37.888811 ], [ -80.377932, 37.888819 ] ] } },
{ "type": "Feature", "properties": { "ID": 54, "elev": 708.0 }, "geometry": { "type": "LineString", "coordinates": [ [ -80.37796, 37.888793 ], [ -80.377969, 37.888793 ], [ -80.377964, 37.8888 ], [ -80.377957, 37.888797 ], [ -80.37796, 37.888793 ] ] } },
{ "type": "Feature", "properties": { "ID": 55, "elev": 708.0 }, "geometry": { "type": "LineString", "coordinates": [ [ -80.377985, 37.888793 ], [ -80.377986, 37.888792 ], [ -80.377988, 37.888793 ], [ -80.377986, 37.888794 ], [ -80.377985, 37.888793 ] ] } },
{ "type": "Feature", "properties": { "ID": 56, "elev": 700.0 }, "geometry": { "type": "LineString", "coordinates": [ [ -80.380024, 37.888795 ], [ -80.380028, 37.888792 ], [ -80.380031, 37.888795 ], [ -80.380028, 37.888798 ], [ -80.380024, 37.888795 ] ] } },
{ "type": "Feature", "properties": { "ID": 57, "elev": 708.0 }, "geometry": { "type": "LineString", "coordinates": [ [ -80.378012, 37.888779 ], [ -80.378021, 37.888777 ], [ -80.378023, 37.888779 ], [ -80.378021, 37.888781 ], [ -80.378012, 37.888779 ] ] } },
{ "type": "Feature", "properties": { "ID": 58, "elev": 680.0 }, "geometry": { "type": "LineString", "coordinates": [ [ -80.380533, 37.888894 ], [ -80.380574, 37.888852 ], [ -80.380596, 37.888846 ], [ -80.3806, 37.888834 ], [ -80.380659, 37.888787 ], [ -80.380667, 37.888786 ] ] } },
{ "type": "Feature", "properties": { "ID": 59, "elev": 700.0 }, "geometry": { "type": "LineString", "coordinates": [ [ -80.379965, 37.888781 ], [ -80.379971, 37.88878 ], [ -80.379974, 37.888785 ], [ -80.379965, 37.888786 ], [ -80.379965, 37.888781 ] ] } },
{ "type": "Feature", "properties": { "ID": 60, "elev": 678.0 }, "geometry": { "type": "LineString", "coordinates": [ [ -80.380602, 37.888778 ], [ -80.380597, 37.888798 ], [ -80.380602, 37.888829 ], [ -80.38066, 37.88878 ], [ -80.380602, 37.888778 ] ] } },
{ "type": "Feature", "properties": { "ID": 61, "elev": 680.0 }, "geometry": { "type": "LineString", "coordinates": [ [ -80.38059, 37.88877 ], [ -80.380591, 37.888768 ], [ -80.380591, 37.88877 ], [ -80.38059, 37.88877 ] ] } },
{ "type": "Feature", "properties": { "ID": 62, "elev": 678.0 }, "geometry": { "type": "LineString", "coordinates": [ [ -80.380511, 37.888759 ], [ -80.380485, 37.888783 ], [ -80.380489, 37.888792 ], [ -80.380483, 37.888796 ], [ -80.380477, 37.888779 ], [ -80.380465, 37.888783 ], [ -80.380466, 37.888792 ], [ -80.38048, 37.888797 ], [ -80.380439, 37.888842 ], [ -80.380499, 37.888851 ], [ -80.380522, 37.888879 ], [ -80.380553, 37.888847 ], [ -80.380577, 37.888843 ], [ -80.380564, 37.888829 ], [ -80.380568, 37.888806 ], [ -80.380534, 37.888798 ], [ -80.380528, 37.888765 ], [ -80.380523, 37.888758 ], [ -80.380511, 37.888759 ] ] } },
{ "type": "Feature", "properties": { "ID": 63, "elev": 678.0 }, "geometry": { "type": "LineString", "coordinates": [ [ -80.380529, 37.88874 ], [ -80.380525, 37.888743 ], [ -80.380529, 37.888747 ], [ -80.380533, 37.888743 ], [ -80.380529, 37.88874 ] ] } },
{ "type": "Feature", "properties": { "ID": 64, "elev": 706.0 }, "geometry": { "type": "LineString", "coordinates": [ [ -80.378482, 37.888732 ], [ -80.378516, 37.888738 ], [ -80.378561, 37.888737 ], [ -80.378566, 37.888742 ], [ -80.378557, 37.88876 ], [ -80.378578, 37.888775 ], [ -80.378572, 37.888779 ], [ -80.378549, 37.888772 ], [ -80.378532, 37.888776 ], [ -80.378515, 37.888767 ], [ -80.378498, 37.888767 ], [ -80.378482, 37.888732 ] ] } },
{ "type": "Feature", "properties": { "ID": 65, "elev": 680.0 }, "geometry": { "type": "LineString", "coordinates": [ [ -80.380477, 37.888738 ], [ -80.380483, 37.888735 ], [ -80.38049, 37.888747 ], [ -80.380483, 37.888753 ], [ -80.38045, 37.888747 ], [ -80.380477, 37.888738 ] ] } },
{ "type": "Feature", "properties": { "ID": 66, "elev": 702.0 }, "geometry": { "type": "LineString", "coordinates": [ [ -80.379785, 37.888735 ], [ -80.379789, 37.888733 ], [ -80.379798, 37.888735 ], [ -80.379789, 37.888737 ], [ -80.379785, 37.888735 ] ] } },
{ "type": "Feature", "properties": { "ID": 67, "elev": 706.0 }, "geometry": { "type": "LineString", "coordinates": [ [ -80.378858, 37.888725 ], [ -80.378863, 37.888724 ], [ -80.378863, 37.88873 ], [ -80.378862, 37.88873 ], [ -80.378858, 37.888725 ] ] } },
{ "type": "Feature", "properties": { "ID": 68, "elev": 706.0 }, "geometry": { "type": "LineString", "coordinates": [ [ -80.37884, 37.888725 ], [ -80.37884, 37.888725 ], [ -80.378841, 37.888725 ], [ -80.37884, 37.888725 ], [ -80.37884, 37.888725 ] ] } },
{ "type": "Feature", "properties": { "ID": 69, "elev": 706.0 }, "geometry": { "type": "LineString", "coordinates": [ [ -80.378444, 37.888719 ], [ -80.378462, 37.888723 ], [ -80.378463, 37.888741 ], [ -80.37844, 37.888737 ], [ -80.378433, 37.888723 ], [ -80.378444, 37.888719 ] ] } },
{ "type": "Feature", "properties": { "ID": 70, "elev": 678.0 }, "geometry": { "type": "LineString", "coordinates": [ [ -80.380708, 37.888738 ], [ -80.380671, 37.888737 ], [ -80.380603, 37.888722 ], [ -80.380592, 37.88873 ], [ -80.380602, 37.888748 ], [ -80.380696, 37.888751 ] ] } },
{ "type": "Feature", "properties": { "ID": 71, "elev": 678.0 }, "geometry": { "type": "LineString", "coordinates": [ [ -80.380569, 37.888723 ], [ -80.380551, 37.888734 ], [ -80.380551, 37.888739 ], [ -80.380576, 37.888739 ], [ -80.380586, 37.88873 ], [ -80.38058, 37.888723 ], [ -80.380569, 37.888723 ] ] } },
{ "type": "Feature", "properties": { "ID": 72, "elev": 706.0 }, "geometry": { "type": "LineString", "coordinates": [ [ -80.378816, 37.888712 ], [ -80.378817, 37.888707 ], [ -80.378823, 37.888711 ], [ -80.378823, 37.888719 ], [ -80.378814, 37.888716 ], [ -80.378816, 37.888712 ] ] } },
{ "type": "Feature", "properties": { "ID": 73, "elev": 702.0 }, "geometry": { "type": "LineString", "coordinates": [ [ -80.37986, 37.888713 ], [ -80.379866, 37.888713 ], [ -80.379868, 37.888722 ], [ -80.379858, 37.888736 ], [ -80.379844, 37.888721 ], [ -80.37986, 37.888713 ] ] } },
{ "type": "Feature", "properties": { "ID": 74, "elev": 706.0 }, "geometry": { "type": "LineString", "coordinates": [ [ -80.378739, 37.888707 ], [ -80.378743, 37.888706 ], [ -80.378745, 37.888707 ], [ -80.378743, 37.888708 ], [ -80.378739, 37.888707 ] ] } },
{ "type": "Feature", "properties": { "ID": 75, "elev": 706.0 }, "geometry": { "type": "LineString", "coordinates": [ [ -80.378717, 37.888702 ], [ -80.378726, 37.888702 ], [ -80.378727, 37.888707 ], [ -80.37872, 37.888707 ], [ -80.378717, 37.888702 ] ] } },
{ "type": "Feature", "properties": { "ID": 76, "elev": 706.0 }, "geometry": { "type": "LineString", "coordinates": [ [ -80.378813, 37.888689 ], [ -80.378826, 37.888694 ], [ -80.378817, 37.888706 ], [ -80.378808, 37.888693 ], [ -80.378813, 37.888689 ] ] } },
{ "type": "Feature", "properties": { "ID": 77, "elev": 706.0 }, "geometry": { "type": "LineString", "coordinates": [ [ -80.378732, 37.888689 ], [ -80.378744, 37.888688 ], [ -80.378749, 37.888693 ], [ -80.378738, 37.888693 ], [ -80.378732, 37.888689 ] ] } },
{ "type": "Feature", "properties": { "ID": 78, "elev": 706.0 }, "geometry": { "type": "LineString", "coordinates": [ [ -80.378778, 37.888684 ], [ -80.378783, 37.888684 ], [ -80.378804, 37.888689 ], [ -80.3788, 37.888693 ], [ -80.378774, 37.888689 ], [ -80.378778, 37.888684 ] ] } },
{ "type": "Feature", "properties": { "ID": 79, "elev": 706.0 }, "geometry": { "type": "LineString", "coordinates": [ [ -80.378579, 37.888677 ], [ -80.378596, 37.888682 ], [ -80.378604, 37.888679 ], [ -80.378601, 37.888676 ], [ -80.378579, 37.888677 ] ] } },
{ "type": "Feature", "properties": { "ID": 80, "elev": 680.0 }, "geometry": { "type": "LineString", "coordinates": [ [ -80.380578, 37.88868 ], [ -80.38062, 37.888682 ], [ -80.380626, 37.888685 ], [ -80.380609, 37.888691 ], [ -80.38058, 37.888714 ], [ -80.380557, 37.888712 ], [ -80.380561, 37.888685 ], [ -80.380578, 37.88868 ] ] } },
{ "type": "Feature", "properties": { "ID": 81, "elev": 706.0 }, "geometry": { "type": "LineString", "coordinates": [ [ -80.378822, 37.888667 ], [ -80.378823, 37.888666 ], [ -80.37883, 37.888667 ], [ -80.378823, 37.888668 ], [ -80.378822, 37.888667 ] ] } },
{ "type": "Feature", "properties": { "ID": 82, "elev": 678.0 }, "geometry": { "type": "LineString", "coordinates": [ [ -80.380603, 37.888667 ], [ -80.380603, 37.888676 ], [ -80.380626, 37.888672 ], [ -80.380609, 37.888667 ], [ -80.380603, 37.888667 ] ] } },
{ "type": "Feature", "properties": { "ID": 83, "elev": 704.0 }, "geometry": { "type": "LineString", "coordinates": [ [ -80.379068, 37.888644 ], [ -80.379067, 37.888645 ], [ -80.379068, 37.888646 ], [ -80.379069, 37.888645 ], [ -80.379068, 37.888644 ] ] } },
{ "type": "Feature", "properties": { "ID": 84, "elev": 676.0 }, "geometry": { "type": "LineString", "coordinates": [ [ -80.380473, 37.888632 ], [ -80.380455, 37.888657 ], [ -80.380431, 37.888671 ], [ -80.380436, 37.888675 ], [ -80.380461, 37.888681 ], [ -80.380472, 37.888689 ], [ -80.380484, 37.888679 ], [ -80.380531, 37.888676 ], [ -80.380532, 37.888667 ], [ -80.380503, 37.888662 ], [ -80.380495, 37.888651 ], [ -80.380484, 37.888649 ], [ -80.380473, 37.888632 ] ] } },
{ "type": "Feature", "properties": { "ID": 85, "elev": 700.0 }, "geometry": { "type": "LineString", "coordinates": [ [ -80.379852, 37.888622 ], [ -80.379853, 37.888621 ], [ -80.379854, 37.888622 ], [ -80.379853, 37.888623 ], [ -80.379852, 37.888622 ] ] } },
{ "type": "Feature", "properties": { "ID": 86, "elev": 706.0 }, "geometry": { "type": "LineString", "coordinates": [ [ -80.378855, 37.888595 ], [ -80.378858, 37.888593 ], [ -80.37886, 37.888595 ], [ -80.378858, 37.888596 ], [ -80.378855, 37.888595 ] ] } },
{ "type": "Feature", "properties": { "ID": 87, "elev": 708.0 }, "geometry": { "type": "LineString", "coordinates": [ [ -80.378102, 37.888586 ], [ -80.378098, 37.888591 ], [ -80.378102, 37.888592 ], [ -80.378104, 37.888591 ], [ -80.378102, 37.888586 ] ] } },
{ "type": "Feature", "properties": { "ID": 88, "elev": 708.0 }, "geometry": { "type": "LineString", "coordinates": [ [ -80.37834, 37.888583 ], [ -80.378343, 37.888587 ], [ -80.378341, 37.88859 ], [ -80.378337, 37.888587 ], [ -80.37834, 37.888583 ] ] } },
{ "type": "Feature", "properties": { "ID": 89, "elev": 706.0 }, "geometry": { "type": "LineString", "coordinates": [ [ -80.378851, 37.888581 ], [ -80.378864, 37.88858 ], [ -80.378875, 37.888586 ], [ -80.378864, 37.888587 ], [ -80.378851, 37.888581 ] ] } },
{ "type": "Feature", "properties": { "ID": 90, "elev": 706.0 }, "geometry": { "type": "LineString", "coordinates": [ [ -80.379341, 37.888584 ], [ -80.379341, 37.88858 ], [ -80.379341, 37.888584 ], [ -80.379341, 37.888584 ] ] } },
{ "type": "Feature", "properties": { "ID": 91, "elev": 708.0 }, "geometry": { "type": "LineString", "coordinates": [ [ -80.378142, 37.888571 ], [ -80.378141, 37.888573 ], [ -80.378131, 37.888577 ], [ -80.378147, 37.888577 ], [ -80.378142, 37.888571 ] ] } },
{ "type": "Feature", "properties": { "ID": 92, "elev": 678.0 }, "geometry": { "type": "LineString", "coordinates": [ [ -80.380473, 37.888578 ], [ -80.380456, 37.888606 ], [ -80.380439, 37.888614 ], [ -80.380415, 37.888661 ], [ -80.380394, 37.88867 ], [ -80.380423, 37.888684 ], [ -80.380438, 37.888702 ], [ -80.380461, 37.888709 ], [ -80.380466, 37.888719 ], [ -80.380476, 37.888716 ], [ -80.380483, 37.888702 ], [ -80.380489, 37.88871 ], [ -80.380523, 37.888718 ], [ -80.380535, 37.888682 ], [ -80.380573, 37.888671 ], [ -80.380545, 37.888662 ], [ -80.380524, 37.888589 ], [ -80.38049, 37.888599 ], [ -80.380484, 37.888606 ], [ -80.380473, 37.888578 ] ] } },
{ "type": "Feature", "properties": { "ID": 93, "elev": 698.0 }, "geometry": { "type": "Point", "coordinates": [ -80.379956, 37.888578 ] } },
{ "type": "Feature", "properties": { "ID": 94, "elev": 698.0 }, "geometry": { "type": "LineString", "coordinates": [ [ -80.379882, 37.888569 ], [ -80.379882, 37.888577 ], [ -80.379888, 37.888587 ], [ -80.379894, 37.888573 ], [ -80.379882, 37.888569 ] ] } },
{ "type": "Feature", "properties": { "ID": 95, "elev": 706.0 }, "geometry": { "type": "LineString", "coordinates": [ [ -80.379333, 37.888566 ], [ -80.379342, 37.888564 ], [ -80.379342, 37.88857 ], [ -80.379336, 37.888569 ], [ -80.379333, 37.888566 ] ] } },
{ "type": "Feature", "properties": { "ID": 96, "elev": 698.0 }, "geometry": { "type": "LineString", "coordinates": [ [ -80.379876, 37.888555 ], [ -80.379882, 37.888568 ], [ -80.3799, 37.88856 ], [ -80.379888, 37.888551 ], [ -80.379876, 37.888555 ] ] } },
{ "type": "Feature", "properties": { "ID": 97, "elev": 704.0 }, "geometry": { "type": "LineString", "coordinates": [ [ -80.379217, 37.888551 ], [ -80.379216, 37.888551 ], [ -80.379217, 37.888552 ], [ -80.379217, 37.888551 ], [ -80.379217, 37.888551 ] ] } },
{ "type": "Feature", "properties": { "ID": 98, "elev": 680.0 }, "geometry": { "type": "LineString", "coordinates": [ [ -80.380715, 37.888728 ], [ -80.380691, 37.888681 ], [ -80.380731, 37.888672 ], [ -80.380569, 37.888662 ], [ -80.380558, 37.888633 ], [ -80.380549, 37.888554 ], [ -80.380524, 37.888549 ], [ -80.380485, 37.888551 ], [ -80.380473, 37.888544 ], [ -80.380445, 37.888552 ], [ -80.380389, 37.888661 ], [ -80.380342, 37.88867 ], [ -80.380397, 37.888684 ], [ -80.380414, 37.888743 ], [ -80.380437, 37.888747 ], [ -80.380432, 37.88877 ], [ -80.380406, 37.888806 ], [ -80.380416, 37.888828 ], [ -80.380436, 37.888851 ], [ -80.380427, 37.888882 ], [ -80.380433, 37.888899 ] ] } },
{ "type": "Feature", "properties": { "ID": 99, "elev": 708.0 }, "geometry": { "type": "LineString", "coordinates": [ [ -80.377866, 37.888552 ], [ -80.377881, 37.888532 ], [ -80.377898, 37.888534 ], [ -80.377915, 37.888522 ], [ -80.377932, 37.888519 ], [ -80.377937, 37.888524 ], [ -80.377949, 37.888518 ], [ -80.37796, 37.888524 ], [ -80.377983, 37.888516 ], [ -80.377989, 37.888522 ], [ -80.378, 37.888519 ], [ -80.378011, 37.888525 ], [ -80.378068, 37.888525 ], [ -80.378091, 37.888533 ], [ -80.378102, 37.888529 ], [ -80.378096, 37.888547 ], [ -80.378085, 37.888551 ], [ -80.378083, 37.888559 ], [ -80.378102, 37.888563 ], [ -80.378113, 37.888559 ], [ -80.378153, 37.888568 ], [ -80.378153, 37.888577 ], [ -80.378166, 37.888582 ], [ -80.378159, 37.88859 ], [ -80.378148, 37.888591 ], [ -80.378144, 37.8886 ], [ -80.378119, 37.888599 ], [ -80.378099, 37.888618 ], [ -80.378107, 37.888649 ], [ -80.378064, 37.888663 ], [ -80.378084, 37.888669 ], [ -80.37809, 37.888666 ], [ -80.378074, 37.888694 ], [ -80.378088, 37.888703 ], [ -80.378085, 37.888708 ], [ -80.378015, 37.888737 ], [ -80.377916, 37.888766 ] ] } },
{ "type": "Feature", "properties": { "ID": 100, "elev": 708.0 }, "geometry": { "type": "LineString", "coordinates": [ [ -80.377929, 37.888513 ], [ -80.377934, 37.888513 ], [ -80.377932, 37.888517 ], [ -80.377929, 37.888513 ] ] } },
{ "type": "Feature", "properties": { "ID": 101, "elev": 706.0 }, "geometry": { "type": "LineString", "coordinates": [ [ -80.378876, 37.888505 ], [ -80.378876, 37.888505 ], [ -80.378876, 37.888508 ], [ -80.378876, 37.888505 ] ] } },
{ "type": "Feature", "properties": { "ID": 102, "elev": 682.0 }, "geometry": { "type": "LineString", "coordinates": [ [ -80.380771, 37.888666 ], [ -80.380705, 37.888663 ], [ -80.380668, 37.888613 ], [ -80.380615, 37.88857 ], [ -80.380604, 37.888564 ], [ -80.380593, 37.888568 ], [ -80.380581, 37.888559 ], [ -80.380559, 37.888554 ], [ -80.380553, 37.88854 ], [ -80.380532, 37.888536 ], [ -80.380525, 37.888506 ], [ -80.380521, 37.888536 ], [ -80.380513, 37.888537 ], [ -80.380481, 37.888536 ], [ -80.380474, 37.88851 ], [ -80.38044, 37.888506 ], [ -80.380422, 37.88851 ], [ -80.380406, 37.888535 ], [ -80.380381, 37.888549 ], [ -80.380392, 37.888594 ], [ -80.380356, 37.888612 ], [ -80.380335, 37.888638 ], [ -80.38033, 37.888661 ], [ -80.380302, 37.888665 ], [ -80.380294, 37.888674 ], [ -80.380336, 37.888684 ], [ -80.380336, 37.888697 ], [ -80.380326, 37.888697 ], [ -80.380324, 37.888711 ], [ -80.38034, 37.888738 ], [ -80.38039, 37.888751 ], [ -80.380374, 37.888792 ], [ -80.380353, 37.888801 ], [ -80.380347, 37.888814 ], [ -80.380354, 37.888841 ], [ -80.380428, 37.888851 ], [ -80.380425, 37.888857 ], [ -80.380403, 37.888854 ], [ -80.380353, 37.888864 ], [ -80.380357, 37.888907 ] ] } },
{ "type": "Feature", "properties": { "ID": 103, "elev": 704.0 }, "geometry": { "type": "LineString", "coordinates": [ [ -80.3792, 37.888502 ], [ -80.3792, 37.888501 ], [ -80.3792, 37.888502 ], [ -80.3792, 37.888502 ] ] } },
{ "type": "Feature", "properties": { "ID": 104, "elev": 702.0 }, "geometry": { "type": "LineString", "coordinates": [ [ -80.379098, 37.888448 ], [ -80.379096, 37.888452 ], [ -80.379098, 37.888455 ], [ -80.379102, 37.888452 ], [ -80.379098, 37.888448 ] ] } },
{ "type": "Feature", "properties": { "ID": 105, "elev": 694.0 }, "geometry": { "type": "LineString", "coordinates": [ [ -80.380761, 37.888433 ], [ -80.380821, 37.88843 ], [ -80.380846, 37.888434 ], [ -80.380844, 37.888456 ], [ -80.380826, 37.888489 ], [ -80.380815, 37.888486 ], [ -80.380808, 37.88847 ], [ -80.380793, 37.888457 ], [ -80.380764, 37.888453 ], [ -80.380761, 37.888433 ] ] } },
{ "type": "Feature", "properties": { "ID": 106, "elev": 698.0 }, "geometry": { "type": "LineString", "coordinates": [ [ -80.380019, 37.888425 ], [ -80.380019, 37.888425 ], [ -80.380019, 37.888428 ], [ -80.38002, 37.888425 ], [ -80.380019, 37.888425 ] ] } },
{ "type": "Feature", "properties": { "ID": 107, "elev": 682.0 }, "geometry": { "type": "LineString", "coordinates": [ [ -80.380548, 37.888418 ], [ -80.380534, 37.888432 ], [ -80.380554, 37.888443 ], [ -80.380572, 37.888428 ], [ -80.380548, 37.888418 ] ] } },
{ "type": "Feature", "properties": { "ID": 108, "elev": 702.0 }, "geometry": { "type": "LineString", "coordinates": [ [ -80.380132, 37.888403 ], [ -80.380136, 37.888403 ], [ -80.380139, 37.888408 ], [ -80.380133, 37.888405 ], [ -80.380132, 37.888403 ] ] } },
{ "type": "Feature", "properties": { "ID": 109, "elev": 702.0 }, "geometry": { "type": "LineString", "coordinates": [ [ -80.380156, 37.888399 ], [ -80.380162, 37.888397 ], [ -80.380172, 37.888408 ], [ -80.380162, 37.888419 ], [ -80.380151, 37.888417 ], [ -80.380156, 37.888399 ] ] } },
{ "type": "Feature", "properties": { "ID": 110, "elev": 684.0 }, "geometry": { "type": "LineString", "coordinates": [ [ -80.380868, 37.888555 ], [ -80.380849, 37.88854 ], [ -80.380842, 37.888542 ], [ -80.380826, 37.888579 ], [ -80.38082, 37.888579 ], [ -80.380803, 37.888548 ], [ -80.380781, 37.88853 ], [ -80.380758, 37.888546 ], [ -80.380746, 37.888575 ], [ -80.380706, 37.888544 ], [ -80.380627, 37.888543 ], [ -80.380587, 37.888549 ], [ -80.380577, 37.888545 ], [ -80.380568, 37.888532 ], [ -80.380605, 37.88846 ], [ -80.380613, 37.888428 ], [ -80.380587, 37.888423 ], [ -80.380579, 37.888405 ], [ -80.380549, 37.888393 ], [ -80.380537, 37.888395 ], [ -80.380515, 37.888423 ], [ -80.380454, 37.888432 ], [ -80.380417, 37.888467 ], [ -80.380405, 37.88851 ], [ -80.380368, 37.888535 ], [ -80.380343, 37.888544 ], [ -80.380326, 37.888593 ], [ -80.380311, 37.888611 ], [ -80.380312, 37.888647 ], [ -80.380302, 37.888661 ], [ -80.380279, 37.88867 ], [ -80.380285, 37.888679 ], [ -80.380275, 37.888697 ], [ -80.380278, 37.888742 ], [ -80.380311, 37.888751 ], [ -80.380314, 37.888787 ], [ -80.380293, 37.888809 ], [ -80.380295, 37.888847 ], [ -80.380266, 37.88886 ], [ -80.380249, 37.888854 ], [ -80.380243, 37.888864 ], [ -80.380229, 37.888863 ], [ -80.380209, 37.888892 ], [ -80.380174, 37.888919 ] ] } },
{ "type": "Feature", "properties": { "ID": 111, "elev": 706.0 }, "geometry": { "type": "LineString", "coordinates": [ [ -80.377839, 37.888453 ], [ -80.37787, 37.888439 ], [ -80.377893, 37.888437 ], [ -80.377933, 37.888424 ], [ -80.378035, 37.888417 ], [ -80.378086, 37.888426 ], [ -80.378137, 37.888415 ], [ -80.37821, 37.888424 ], [ -80.378234, 37.888437 ], [ -80.378268, 37.888443 ], [ -80.378302, 37.888457 ], [ -80.37833, 37.888458 ], [ -80.378353, 37.888452 ], [ -80.378373, 37.88843 ], [ -80.378369, 37.888394 ], [ -80.378376, 37.888381 ], [ -80.378411, 37.888373 ], [ -80.37842, 37.888381 ], [ -80.378412, 37.888385 ], [ -80.378428, 37.888388 ], [ -80.378443, 37.888403 ], [ -80.378445, 37.888417 ], [ -80.378461, 37.888435 ], [ -80.378473, 37.888424 ], [ -80.378505, 37.88844 ], [ -80.37851, 37.888453 ], [ -80.378502, 37.888462 ], [ -80.378529, 37.888463 ], [ -80.378546, 37.888479 ], [ -80.378575, 37.888482 ], [ -80.378593, 37.888499 ], [ -80.378597, 37.888515 ], [ -80.37866, 37.8885 ], [ -80.3787, 37.888483 ], [ -80.378705, 37.888493 ], [ -80.378739, 37.888496 ], [ -80.37879, 37.888515 ], [ -80.378796, 37.888518 ], [ -80.378787, 37.888527 ], [ -80.378812, 37.888527 ], [ -80.378847, 37.888552 ], [ -80.378856, 37.88855 ], [ -80.378863, 37.888563 ], [ -80.378847, 37.888563 ], [ -80.378841, 37.888568 ], [ -80.378836, 37.888581 ], [ -80.378848, 37.888599 ], [ -80.378829, 37.888612 ], [ -80.378841, 37.888622 ], [ -80.378843, 37.888635 ], [ -80.378863, 37.888642 ], [ -80.378852, 37.888651 ], [ -80.378841, 37.88865 ], [ -80.378843, 37.88864 ], [ -80.378835, 37.888634 ], [ -80.378806, 37.888658 ], [ -80.378778, 37.888654 ], [ -80.378744, 37.888659 ], [ -80.378732, 37.888652 ], [ -80.37867, 37.888659 ], [ -80.378658, 37.888668 ], [ -80.378641, 37.88867 ], [ -80.378639, 37.888675 ], [ -80.378651, 37.888679 ], [ -80.378698, 37.888691 ], [ -80.378708, 37.888697 ], [ -80.378704, 37.888703 ], [ -80.378618, 37.888685 ], [ -80.378567, 37.888695 ], [ -80.378561, 37.888701 ], [ -80.37855, 37.888696 ], [ -80.378533, 37.888702 ], [ -80.378522, 37.888694 ], [ -80.378482, 37.888712 ], [ -80.37847, 37.888701 ], [ -80.378485, 37.888687 ], [ -80.378471, 37.888685 ], [ -80.378459, 37.888675 ], [ -80.378408, 37.888718 ], [ -80.378413, 37.888723 ], [ -80.378402, 37.888721 ], [ -80.378391, 37.888731 ], [ -80.378362, 37.888741 ], [ -80.378357, 37.888727 ], [ -80.37834, 37.88872 ], [ -80.378311, 37.888738 ], [ -80.378243, 37.888762 ], [ -80.378231, 37.888772 ], [ -80.37823, 37.888781 ], [ -80.378214, 37.888782 ], [ -80.378202, 37.888808 ], [ -80.378137, 37.888848 ], [ -80.378134, 37.888862 ], [ -80.378054, 37.888877 ], [ -80.37802, 37.888898 ], [ -80.377986, 37.888892 ], [ -80.377954, 37.888894 ] ] } },
{ "type": "Feature", "properties": { "ID": 112, "elev": 696.0 }, "geometry": { "type": "LineString", "coordinates": [ [ -80.380259, 37.888381 ], [ -80.380242, 37.888386 ], [ -80.380248, 37.888399 ], [ -80.380287, 37.8884 ], [ -80.380276, 37.88839 ], [ -80.38028, 37.888381 ], [ -80.380259, 37.888381 ] ] } },
{ "type": "Feature", "properties": { "ID": 113, "elev": 686.0 }, "geometry": { "type": "LineString", "coordinates": [ [ -80.380869, 37.888553 ], [ -80.380809, 37.888507 ], [ -80.380775, 37.888509 ], [ -80.380752, 37.888523 ], [ -80.380706, 37.888528 ], [ -80.380663, 37.888437 ], [ -80.380667, 37.888428 ], [ -80.380613, 37.888419 ], [ -80.380605, 37.888406 ], [ -80.380606, 37.888383 ], [ -80.380594, 37.888378 ], [ -80.380554, 37.88837 ], [ -80.380514, 37.888387 ], [ -80.38048, 37.888418 ], [ -80.38042, 37.888427 ], [ -80.380406, 37.888473 ], [ -80.380336, 37.888521 ], [ -80.380327, 37.888535 ], [ -80.380308, 37.888539 ], [ -80.380294, 37.888589 ], [ -80.38026, 37.888611 ], [ -80.380255, 37.88867 ], [ -80.380274, 37.888683 ], [ -80.380249, 37.888733 ], [ -80.38025, 37.888743 ], [ -80.380268, 37.888751 ], [ -80.380261, 37.888777 ], [ -80.380244, 37.888755 ], [ -80.380221, 37.888794 ], [ -80.380215, 37.888841 ], [ -80.380191, 37.888854 ], [ -80.380147, 37.888903 ], [ -80.380123, 37.888913 ], [ -80.380106, 37.888907 ], [ -80.38009, 37.888912 ], [ -80.380086, 37.888917 ], [ -80.380093, 37.888928 ] ] } },
{ "type": "Feature", "properties": { "ID": 114, "elev": 700.0 }, "geometry": { "type": "LineString", "coordinates": [ [ -80.380139, 37.888367 ], [ -80.380168, 37.888367 ], [ -80.380173, 37.88839 ], [ -80.380187, 37.888403 ], [ -80.380208, 37.888412 ], [ -80.380173, 37.888437 ], [ -80.380167, 37.888454 ], [ -80.380144, 37.888457 ], [ -80.380127, 37.888476 ], [ -80.380104, 37.888488 ], [ -80.380093, 37.888476 ], [ -80.380046, 37.888457 ], [ -80.380045, 37.888434 ], [ -80.380034, 37.888425 ], [ -80.380042, 37.888417 ], [ -80.380099, 37.888407 ], [ -80.380139, 37.888367 ] ] } },
{ "type": "Feature", "properties": { "ID": 115, "elev": 704.0 }, "geometry": { "type": "LineString", "coordinates": [ [ -80.377822, 37.888385 ], [ -80.377853, 37.888384 ], [ -80.37787, 37.888377 ], [ -80.377879, 37.888364 ], [ -80.377899, 37.888359 ], [ -80.377933, 37.888359 ], [ -80.377984, 37.888349 ], [ -80.378058, 37.888352 ], [ -80.378138, 37.888342 ], [ -80.37824, 37.888353 ], [ -80.378348, 37.888381 ], [ -80.378371, 37.888361 ], [ -80.378394, 37.88835 ], [ -80.378411, 37.888353 ], [ -80.378418, 37.88834 ], [ -80.378428, 37.888339 ], [ -80.378453, 37.888358 ], [ -80.378438, 37.888381 ], [ -80.378445, 37.888385 ], [ -80.378485, 37.888384 ], [ -80.37857, 37.888393 ], [ -80.378587, 37.888403 ], [ -80.378609, 37.888401 ], [ -80.378661, 37.88841 ], [ -80.378695, 37.88842 ], [ -80.378717, 37.888452 ], [ -80.378808, 37.888457 ], [ -80.378859, 37.888471 ], [ -80.37891, 37.888474 ], [ -80.378922, 37.88847 ], [ -80.378939, 37.888474 ], [ -80.378979, 37.888457 ], [ -80.378984, 37.888462 ], [ -80.379018, 37.888465 ], [ -80.379035, 37.888477 ], [ -80.379058, 37.888473 ], [ -80.379081, 37.888484 ], [ -80.379114, 37.888479 ], [ -80.379124, 37.888483 ], [ -80.379122, 37.888497 ], [ -80.379131, 37.888506 ], [ -80.379147, 37.888502 ], [ -80.379149, 37.888494 ], [ -80.379172, 37.888497 ], [ -80.379174, 37.888502 ], [ -80.37916, 37.888503 ], [ -80.379149, 37.888516 ], [ -80.379137, 37.888519 ], [ -80.379167, 37.888529 ], [ -80.379183, 37.888528 ], [ -80.379194, 37.888514 ], [ -80.379211, 37.88851 ], [ -80.379236, 37.888515 ], [ -80.379251, 37.888529 ], [ -80.379302, 37.888536 ], [ -80.379346, 37.888552 ], [ -80.379364, 37.888633 ], [ -80.379381, 37.888612 ], [ -80.379415, 37.888613 ], [ -80.379455, 37.8886 ], [ -80.379484, 37.888602 ], [ -80.3795, 37.88861 ], [ -80.379523, 37.888639 ], [ -80.379522, 37.888657 ], [ -80.379537, 37.888675 ], [ -80.379533, 37.888684 ], [ -80.379547, 37.888693 ], [ -80.379536, 37.888706 ], [ -80.379538, 37.888715 ], [ -80.379528, 37.888719 ], [ -80.379516, 37.888738 ], [ -80.37951, 37.888765 ], [ -80.379515, 37.888774 ], [ -80.379501, 37.888796 ], [ -80.379482, 37.888803 ], [ -80.379436, 37.888794 ], [ -80.379419, 37.888797 ], [ -80.379414, 37.888807 ], [ -80.379396, 37.88881 ], [ -80.379389, 37.888823 ], [ -80.379392, 37.888836 ], [ -80.379368, 37.888844 ], [ -80.379364, 37.88885 ], [ -80.379375, 37.888859 ], [ -80.379362, 37.888871 ], [ -80.379345, 37.888865 ], [ -80.379316, 37.888871 ], [ -80.379254, 37.888871 ], [ -80.379242, 37.888879 ], [ -80.379225, 37.888884 ], [ -80.379214, 37.888881 ], [ -80.379197, 37.88889 ], [ -80.379163, 37.888879 ], [ -80.379129, 37.888878 ], [ -80.379107, 37.888884 ], [ -80.3791, 37.888907 ], [ -80.379084, 37.888898 ], [ -80.379083, 37.888888 ], [ -80.378975, 37.888894 ], [ -80.378946, 37.888906 ], [ -80.378873, 37.888898 ], [ -80.378782, 37.888899 ], [ -80.378762, 37.888892 ], [ -80.378753, 37.888868 ], [ -80.378731, 37.888871 ], [ -80.378714, 37.88886 ], [ -80.378702, 37.888868 ], [ -80.378679, 37.888871 ], [ -80.378588, 37.888875 ], [ -80.378592, 37.888828 ], [ -80.378589, 37.888818 ], [ -80.378578, 37.888815 ], [ -80.37857, 37.888868 ], [ -80.378538, 37.888868 ], [ -80.378541, 37.888859 ], [ -80.378522, 37.888841 ], [ -80.378486, 37.888829 ], [ -80.378436, 37.888785 ], [ -80.37839, 37.888778 ], [ -80.378356, 37.888762 ], [ -80.378328, 37.888786 ], [ -80.378345, 37.888801 ], [ -80.37835, 37.888822 ], [ -80.378344, 37.888831 ], [ -80.378253, 37.888847 ], [ -80.378213, 37.888872 ], [ -80.378184, 37.888901 ], [ -80.378139, 37.888913 ], [ -80.378059, 37.888924 ], [ -80.378025, 37.888937 ], [ -80.377971, 37.888913 ] ] } },
{ "type": "Feature", "properties": { "ID": 116, "elev": 694.0 }, "geometry": { "type": "LineString", "coordinates": [ [ -80.380338, 37.888346 ], [ -80.380339, 37.888345 ], [ -80.380339, 37.888346 ], [ -80.380339, 37.888346 ], [ -80.380338, 37.888346 ] ] } },
{ "type": "Feature", "properties": { "ID": 117, "elev": 688.0 }, "geometry": { "type": "LineString", "coordinates": [ [ -80.380871, 37.888553 ], [ -80.380748, 37.888451 ], [ -80.380729, 37.888429 ], [ -80.380658, 37.888419 ], [ -80.380628, 37.888381 ], [ -80.380645, 37.888347 ], [ -80.38064, 37.888344 ], [ -80.3806, 37.888332 ], [ -80.380566, 37.888333 ], [ -80.380555, 37.888355 ], [ -80.380517, 37.888378 ], [ -80.380442, 37.888387 ], [ -80.38041, 37.888432 ], [ -80.380406, 37.888451 ], [ -80.380357, 37.888463 ], [ -80.38032, 37.888485 ], [ -80.38031, 37.888535 ], [ -80.38027, 37.888543 ], [ -80.380256, 37.888557 ], [ -80.380248, 37.888588 ], [ -80.380213, 37.888611 ], [ -80.380213, 37.888633 ], [ -80.380243, 37.888665 ], [ -80.380233, 37.888674 ], [ -80.380223, 37.888714 ], [ -80.380243, 37.888728 ], [ -80.380244, 37.888746 ], [ -80.380219, 37.888778 ], [ -80.380214, 37.888796 ], [ -80.380183, 37.8888 ], [ -80.380192, 37.888818 ], [ -80.380186, 37.888836 ], [ -80.380143, 37.888854 ], [ -80.380112, 37.888895 ], [ -80.380101, 37.888896 ], [ -80.380084, 37.888884 ], [ -80.380074, 37.888885 ], [ -80.380067, 37.888898 ], [ -80.380055, 37.888901 ], [ -80.380044, 37.888932 ] ] } },
{ "type": "Feature", "properties": { "ID": 118, "elev": 694.0 }, "geometry": { "type": "LineString", "coordinates": [ [ -80.380856, 37.888314 ], [ -80.380856, 37.888324 ], [ -80.380868, 37.888329 ], [ -80.380872, 37.888326 ], [ -80.380856, 37.888314 ] ] } },
{ "type": "Feature", "properties": { "ID": 119, "elev": 692.0 }, "geometry": { "type": "LineString", "coordinates": [ [ -80.381038, 37.888308 ], [ -80.381037, 37.888309 ], [ -80.381038, 37.888311 ], [ -80.381039, 37.888309 ], [ -80.381038, 37.888308 ] ] } },
{ "type": "Feature", "properties": { "ID": 120, "elev": 692.0 }, "geometry": { "type": "LineString", "coordinates": [ [ -80.381092, 37.888296 ], [ -80.381061, 37.888299 ], [ -80.381058, 37.888334 ] ] } },
{ "type": "Feature", "properties": { "ID": 121, "elev": 702.0 }, "geometry": { "type": "LineString", "coordinates": [ [ -80.3778, 37.888306 ], [ -80.377837, 37.888295 ], [ -80.377843, 37.888287 ], [ -80.377848, 37.88829 ], [ -80.377866, 37.888284 ], [ -80.377985, 37.888278 ], [ -80.37803, 37.888283 ], [ -80.378144, 37.888271 ], [ -80.378207, 37.888277 ], [ -80.37823, 37.888275 ], [ -80.378247, 37.888266 ], [ -80.378281, 37.888289 ], [ -80.378354, 37.888309 ], [ -80.378371, 37.888299 ], [ -80.378365, 37.888281 ], [ -80.378395, 37.888267 ], [ -80.378474, 37.888289 ], [ -80.378508, 37.88831 ], [ -80.378587, 37.888322 ], [ -80.37865, 37.888344 ], [ -80.37878, 37.888371 ], [ -80.378802, 37.888387 ], [ -80.378807, 37.888405 ], [ -80.378801, 37.888414 ], [ -80.37882, 37.88842 ], [ -80.378831, 37.888419 ], [ -80.378827, 37.888414 ], [ -80.378837, 37.888413 ], [ -80.378956, 37.888427 ], [ -80.378973, 37.888416 ], [ -80.37903, 37.888421 ], [ -80.379053, 37.888441 ], [ -80.379075, 37.888448 ], [ -80.379092, 37.888444 ], [ -80.379111, 37.888452 ], [ -80.379105, 37.888456 ], [ -80.379109, 37.888457 ], [ -80.379138, 37.888436 ], [ -80.379133, 37.888447 ], [ -80.379146, 37.888461 ], [ -80.379172, 37.888467 ], [ -80.379194, 37.888461 ], [ -80.379172, 37.888451 ], [ -80.379167, 37.888443 ], [ -80.379172, 37.888436 ], [ -80.379183, 37.888438 ], [ -80.379186, 37.888448 ], [ -80.379195, 37.888449 ], [ -80.379212, 37.888437 ], [ -80.379291, 37.888477 ], [ -80.379314, 37.888478 ], [ -80.379359, 37.888493 ], [ -80.379439, 37.888507 ], [ -80.379558, 37.888538 ], [ -80.379629, 37.888572 ], [ -80.379694, 37.888623 ], [ -80.379706, 37.88864 ], [ -80.379711, 37.888667 ], [ -80.379727, 37.88868 ], [ -80.379725, 37.888703 ], [ -80.37977, 37.888726 ], [ -80.379776, 37.888748 ], [ -80.379789, 37.888763 ], [ -80.379811, 37.888757 ], [ -80.379799, 37.888748 ], [ -80.379807, 37.888722 ], [ -80.37984, 37.888751 ], [ -80.379852, 37.888776 ], [ -80.379834, 37.888798 ], [ -80.379855, 37.888821 ], [ -80.379811, 37.888866 ], [ -80.379744, 37.888879 ], [ -80.379744, 37.888892 ], [ -80.379708, 37.888919 ], [ -80.379705, 37.888953 ] ] } },
{ "type": "Feature", "properties": { "ID": 122, "elev": 698.0 }, "geometry": { "type": "LineString", "coordinates": [ [ -80.380866, 37.888276 ], [ -80.380869, 37.888276 ], [ -80.380869, 37.888285 ], [ -80.380867, 37.888285 ], [ -80.380866, 37.888276 ] ] } },
{ "type": "Feature", "properties": { "ID": 123, "elev": 690.0 }, "geometry": { "type": "LineString", "coordinates": [ [ -80.380874, 37.888545 ], [ -80.380832, 37.88852 ], [ -80.380754, 37.888451 ], [ -80.380753, 37.888429 ], [ -80.380695, 37.88842 ], [ -80.380679, 37.888378 ], [ -80.380656, 37.888352 ], [ -80.380676, 37.888311 ], [ -80.380566, 37.888302 ], [ -80.380555, 37.888266 ], [ -80.380534, 37.888265 ], [ -80.38052, 37.888337 ], [ -80.380474, 37.88836 ], [ -80.380477, 37.888373 ], [ -80.380418, 37.888382 ], [ -80.380412, 37.888423 ], [ -80.380377, 37.888431 ], [ -80.380349, 37.888452 ], [ -80.380315, 37.888459 ], [ -80.380304, 37.888535 ], [ -80.380231, 37.888539 ], [ -80.38021, 37.888552 ], [ -80.380201, 37.888588 ], [ -80.380177, 37.888606 ], [ -80.38019, 37.888633 ], [ -80.380182, 37.888669 ], [ -80.380156, 37.888687 ], [ -80.380155, 37.888714 ], [ -80.380195, 37.888728 ], [ -80.380204, 37.888741 ], [ -80.380223, 37.888751 ], [ -80.380201, 37.888786 ], [ -80.380168, 37.888795 ], [ -80.380144, 37.88884 ], [ -80.380101, 37.888849 ], [ -80.380078, 37.888872 ], [ -80.380056, 37.888868 ], [ -80.380049, 37.888912 ], [ -80.380038, 37.888932 ] ] } },
{ "type": "Feature", "properties": { "ID": 124, "elev": 696.0 }, "geometry": { "type": "LineString", "coordinates": [ [ -80.380278, 37.888264 ], [ -80.380288, 37.888264 ], [ -80.380288, 37.888279 ], [ -80.38028, 37.888273 ], [ -80.380278, 37.888264 ] ] } },
{ "type": "Feature", "properties": { "ID": 125, "elev": 698.0 }, "geometry": { "type": "LineString", "coordinates": [ [ -80.380818, 37.888253 ], [ -80.380834, 37.888249 ], [ -80.380846, 37.888254 ], [ -80.380845, 37.888281 ], [ -80.380835, 37.888276 ], [ -80.380834, 37.888267 ], [ -80.380828, 37.888289 ], [ -80.380814, 37.888285 ], [ -80.380818, 37.888253 ] ] } },
{ "type": "Feature", "properties": { "ID": 126, "elev": 692.0 }, "geometry": { "type": "LineString", "coordinates": [ [ -80.380123, 37.888236 ], [ -80.380123, 37.888236 ], [ -80.380123, 37.888237 ], [ -80.380124, 37.888236 ], [ -80.380123, 37.888236 ] ] } },
{ "type": "Feature", "properties": { "ID": 127, "elev": 698.0 }, "geometry": { "type": "LineString", "coordinates": [ [ -80.380821, 37.888235 ], [ -80.380834, 37.888233 ], [ -80.380839, 37.88824 ], [ -80.380834, 37.888248 ], [ -80.380821, 37.888235 ] ] } },
{ "type": "Feature", "properties": { "ID": 128, "elev": 698.0 }, "geometry": { "type": "LineString", "coordinates": [ [ -80.380776, 37.888231 ], [ -80.380788, 37.888235 ], [ -80.380783, 37.888258 ], [ -80.380802, 37.888289 ], [ -80.380779, 37.888294 ], [ -80.380767, 37.888307 ], [ -80.380743, 37.888308 ], [ -80.380728, 37.888262 ], [ -80.380749, 37.888256 ], [ -80.380776, 37.888231 ] ] } },
{ "type": "Feature", "properties": { "ID": 129, "elev": 702.0 }, "geometry": { "type": "LineString", "coordinates": [ [ -80.377866, 37.888202 ], [ -80.377861, 37.88822 ], [ -80.377866, 37.888231 ], [ -80.377878, 37.88822 ], [ -80.377866, 37.888202 ] ] } },
{ "type": "Feature", "properties": { "ID": 130, "elev": 702.0 }, "geometry": { "type": "LineString", "coordinates": [ [ -80.378028, 37.888194 ], [ -80.378032, 37.888194 ], [ -80.378031, 37.888199 ], [ -80.378026, 37.888198 ], [ -80.378028, 37.888194 ] ] } },
{ "type": "Feature", "properties": { "ID": 131, "elev": 702.0 }, "geometry": { "type": "LineString", "coordinates": [ [ -80.377974, 37.888193 ], [ -80.377977, 37.888193 ], [ -80.377974, 37.888199 ], [ -80.377972, 37.888198 ], [ -80.377974, 37.888193 ] ] } },
{ "type": "Feature", "properties": { "ID": 132, "elev": 696.0 }, "geometry": { "type": "LineString", "coordinates": [ [ -80.380834, 37.888204 ], [ -80.38084, 37.888203 ], [ -80.380871, 37.888227 ], [ -80.380993, 37.888235 ], [ -80.380976, 37.88825 ], [ -80.380993, 37.888252 ], [ -80.381, 37.888277 ], [ -80.381013, 37.888291 ], [ -80.380896, 37.888293 ], [ -80.380868, 37.888304 ], [ -80.380856, 37.888302 ], [ -80.380851, 37.888293 ], [ -80.380822, 37.888342 ], [ -80.380805, 37.888332 ], [ -80.380782, 37.888334 ], [ -80.380765, 37.888344 ], [ -80.380742, 37.888343 ], [ -80.380715, 37.888293 ], [ -80.380698, 37.888284 ], [ -80.38072, 37.888255 ], [ -80.380766, 37.888223 ], [ -80.380778, 37.888208 ], [ -80.380823, 37.888213 ], [ -80.380834, 37.888204 ] ] } },
{ "type": "Feature", "properties": { "ID": 133, "elev": 690.0 }, "geometry": { "type": "LineString", "coordinates": [ [ -80.380454, 37.888192 ], [ -80.380465, 37.888204 ], [ -80.380489, 37.888198 ], [ -80.380486, 37.888193 ], [ -80.380454, 37.888192 ] ] } },
{ "type": "Feature", "properties": { "ID": 134, "elev": 702.0 }, "geometry": { "type": "LineString", "coordinates": [ [ -80.37786, 37.888161 ], [ -80.377893, 37.888166 ], [ -80.377929, 37.888182 ], [ -80.377957, 37.888179 ], [ -80.37796, 37.888198 ], [ -80.377974, 37.88821 ], [ -80.377991, 37.888195 ], [ -80.378003, 37.888198 ], [ -80.377996, 37.888212 ], [ -80.377986, 37.888215 ], [ -80.377934, 37.888215 ], [ -80.377926, 37.888234 ], [ -80.377877, 37.88824 ], [ -80.377849, 37.888226 ], [ -80.377832, 37.888224 ], [ -80.377821, 37.888215 ], [ -80.377832, 37.888211 ], [ -80.377843, 37.888214 ], [ -80.377847, 37.888211 ], [ -80.377837, 37.888206 ], [ -80.377849, 37.888197 ], [ -80.377844, 37.88819 ], [ -80.377832, 37.888198 ], [ -80.377821, 37.888193 ], [ -80.377822, 37.888179 ], [ -80.37786, 37.888161 ] ] } },
{ "type": "Feature", "properties": { "ID": 135, "elev": 694.0 }, "geometry": { "type": "LineString", "coordinates": [ [ -80.381046, 37.888174 ], [ -80.381083, 37.888187 ], [ -80.381079, 37.888208 ], [ -80.381062, 37.888225 ], [ -80.381055, 37.888296 ], [ -80.38105, 37.8883 ], [ -80.381038, 37.888292 ], [ -80.381021, 37.888293 ], [ -80.381028, 37.888304 ], [ -80.381021, 37.888313 ], [ -80.38091, 37.888313 ], [ -80.380907, 37.888328 ], [ -80.380879, 37.888331 ], [ -80.380856, 37.888349 ], [ -80.380844, 37.888395 ], [ -80.380827, 37.888421 ], [ -80.380816, 37.888417 ], [ -80.380804, 37.888401 ], [ -80.380782, 37.888391 ], [ -80.380765, 37.888398 ], [ -80.380742, 37.888393 ], [ -80.380727, 37.888343 ], [ -80.380691, 37.88831 ], [ -80.380694, 37.888293 ], [ -80.380684, 37.888284 ], [ -80.380697, 37.888257 ], [ -80.380718, 37.888235 ], [ -80.380762, 37.888213 ], [ -80.380778, 37.888181 ], [ -80.380812, 37.888184 ], [ -80.38084, 37.888173 ], [ -80.380857, 37.888194 ], [ -80.380874, 37.888184 ], [ -80.380886, 37.888184 ], [ -80.380913, 37.888195 ], [ -80.380923, 37.888213 ], [ -80.380931, 37.888215 ], [ -80.380997, 37.888182 ], [ -80.38101, 37.888255 ], [ -80.381039, 37.888205 ], [ -80.381024, 37.888196 ], [ -80.381036, 37.888191 ], [ -80.381046, 37.888174 ] ] } },
{ "type": "Feature", "properties": { "ID": 136, "elev": 700.0 }, "geometry": { "type": "LineString", "coordinates": [ [ -80.378498, 37.888142 ], [ -80.378505, 37.888142 ], [ -80.378509, 37.88816 ], [ -80.378486, 37.888161 ], [ -80.37847, 37.888151 ], [ -80.378498, 37.888142 ] ] } },
{ "type": "Feature", "properties": { "ID": 137, "elev": 692.0 }, "geometry": { "type": "LineString", "coordinates": [ [ -80.380926, 37.888486 ], [ -80.380918, 37.888484 ], [ -80.380849, 37.888498 ], [ -80.380838, 37.888506 ], [ -80.380815, 37.888502 ], [ -80.380757, 37.888451 ], [ -80.380757, 37.888429 ], [ -80.380736, 37.888424 ], [ -80.380725, 37.888388 ], [ -80.380691, 37.888361 ], [ -80.380679, 37.888325 ], [ -80.380686, 37.888296 ], [ -80.380602, 37.888288 ], [ -80.380588, 37.888284 ], [ -80.38057, 37.888261 ], [ -80.380624, 37.888251 ], [ -80.380634, 37.888248 ], [ -80.38063, 37.888239 ], [ -80.380639, 37.888234 ], [ -80.380672, 37.88823 ], [ -80.380692, 37.888211 ], [ -80.380715, 37.888202 ], [ -80.380721, 37.888189 ], [ -80.380761, 37.888187 ], [ -80.380772, 37.888162 ], [ -80.380806, 37.88815 ], [ -80.380846, 37.888143 ], [ -80.380863, 37.888152 ], [ -80.380937, 37.888152 ], [ -80.381011, 37.888165 ], [ -80.381037, 37.888151 ], [ -80.381049, 37.888128 ], [ -80.381057, 37.888126 ], [ -80.381062, 37.888159 ], [ -80.381089, 37.888174 ], [ -80.381142, 37.888183 ], [ -80.381139, 37.888215 ], [ -80.381167, 37.888213 ] ] } },
{ "type": "Feature", "properties": { "ID": 138, "elev": 688.0 }, "geometry": { "type": "LineString", "coordinates": [ [ -80.38071, 37.888103 ], [ -80.380706, 37.888104 ], [ -80.380712, 37.888113 ], [ -80.380727, 37.888114 ], [ -80.38071, 37.888103 ] ] } },
{ "type": "Feature", "properties": { "ID": 139, "elev": 688.0 }, "geometry": { "type": "LineString", "coordinates": [ [ -80.380699, 37.888095 ], [ -80.380699, 37.8881 ], [ -80.380699, 37.8881 ], [ -80.380699, 37.8881 ], [ -80.380699, 37.888095 ] ] } },
{ "type": "Feature", "properties": { "ID": 140, "elev": 688.0 }, "geometry": { "type": "LineString", "coordinates": [ [ -80.380267, 37.888092 ], [ -80.380251, 37.888102 ], [ -80.380255, 37.888114 ], [ -80.380286, 37.888106 ], [ -80.380281, 37.888097 ], [ -80.380267, 37.888092 ] ] } },
{ "type": "Feature", "properties": { "ID": 141, "elev": 698.0 }, "geometry": { "type": "LineString", "coordinates": [ [ -80.377936, 37.888068 ], [ -80.377925, 37.888089 ], [ -80.377941, 37.888108 ], [ -80.377957, 37.888099 ], [ -80.377948, 37.888076 ], [ -80.377936, 37.888068 ] ] } },
{ "type": "Feature", "properties": { "ID": 142, "elev": 700.0 }, "geometry": { "type": "LineString", "coordinates": [ [ -80.378106, 37.888059 ], [ -80.378106, 37.888058 ], [ -80.378107, 37.888059 ], [ -80.378106, 37.888059 ], [ -80.378106, 37.888059 ] ] } },
{ "type": "Feature", "properties": { "ID": 143, "elev": 698.0 }, "geometry": { "type": "LineString", "coordinates": [ [ -80.377951, 37.888054 ], [ -80.377953, 37.888053 ], [ -80.377955, 37.888054 ], [ -80.377953, 37.888054 ], [ -80.377951, 37.888054 ] ] } },
{ "type": "Feature", "properties": { "ID": 144, "elev": 698.0 }, "geometry": { "type": "LineString", "coordinates": [ [ -80.377913, 37.888052 ], [ -80.377906, 37.888067 ], [ -80.377919, 37.888072 ], [ -80.377931, 37.888062 ], [ -80.377913, 37.888052 ] ] } },
{ "type": "Feature", "properties": { "ID": 145, "elev": 696.0 }, "geometry": { "type": "LineString", "coordinates": [ [ -80.37822, 37.888046 ], [ -80.37822, 37.888045 ], [ -80.37822, 37.888046 ], [ -80.37822, 37.888046 ] ] } },
{ "type": "Feature", "properties": { "ID": 146, "elev": 692.0 }, "geometry": { "type": "LineString", "coordinates": [ [ -80.38101, 37.888052 ], [ -80.381015, 37.888052 ], [ -80.381012, 37.888058 ], [ -80.38101, 37.888056 ], [ -80.38101, 37.888052 ] ] } },
{ "type": "Feature", "properties": { "ID": 147, "elev": 700.0 }, "geometry": { "type": "LineString", "coordinates": [ [ -80.377756, 37.888133 ], [ -80.377821, 37.888116 ], [ -80.37785, 37.888117 ], [ -80.377901, 37.888091 ], [ -80.377924, 37.8881 ], [ -80.377923, 37.888116 ], [ -80.377935, 37.888126 ], [ -80.377958, 37.888134 ], [ -80.377975, 37.888133 ], [ -80.377984, 37.888117 ], [ -80.377969, 37.888094 ], [ -80.377987, 37.888071 ], [ -80.37801, 37.888063 ], [ -80.378017, 37.88804 ], [ -80.378033, 37.88803 ], [ -80.37805, 37.888036 ], [ -80.378061, 37.888055 ], [ -80.378091, 37.888059 ], [ -80.378122, 37.888095 ], [ -80.378117, 37.888106 ], [ -80.378093, 37.888113 ], [ -80.378078, 37.888126 ], [ -80.378083, 37.888134 ], [ -80.378095, 37.888135 ], [ -80.378064, 37.888203 ], [ -80.378064, 37.888212 ], [ -80.378071, 37.888215 ], [ -80.378094, 37.888207 ], [ -80.378105, 37.888214 ], [ -80.378133, 37.888205 ], [ -80.378213, 37.888209 ], [ -80.378242, 37.888202 ], [ -80.378315, 37.888211 ], [ -80.378372, 37.888186 ], [ -80.37838, 37.888187 ], [ -80.378384, 37.888197 ], [ -80.378411, 37.888196 ], [ -80.378424, 37.888177 ], [ -80.378458, 37.888169 ], [ -80.378475, 37.888177 ], [ -80.378509, 37.888181 ], [ -80.378508, 37.888201 ], [ -80.37852, 37.888223 ], [ -80.378548, 37.888232 ], [ -80.378554, 37.888226 ], [ -80.378565, 37.888228 ], [ -80.378628, 37.888257 ], [ -80.378673, 37.888268 ], [ -80.378758, 37.888302 ], [ -80.378855, 37.888331 ], [ -80.378906, 37.888339 ], [ -80.378924, 37.888365 ], [ -80.378922, 37.888376 ], [ -80.378991, 37.888385 ], [ -80.37903, 37.888378 ], [ -80.379064, 37.888393 ], [ -80.379099, 37.888396 ], [ -80.379116, 37.888396 ], [ -80.379138, 37.888385 ], [ -80.379149, 37.888389 ], [ -80.379134, 37.888398 ], [ -80.37915, 37.888403 ], [ -80.379178, 37.888401 ], [ -80.379186, 37.888389 ], [ -80.379195, 37.888388 ], [ -80.379194, 37.888403 ], [ -80.379212, 37.888409 ], [ -80.379224, 37.888407 ], [ -80.37924, 37.888422 ], [ -80.37936, 37.888434 ], [ -80.379439, 37.888433 ], [ -80.379615, 37.888482 ], [ -80.379686, 37.888522 ], [ -80.37974, 37.888564 ], [ -80.379776, 37.888572 ], [ -80.379784, 37.88859 ], [ -80.379806, 37.8886 ], [ -80.379802, 37.888613 ], [ -80.379808, 37.888618 ], [ -80.379825, 37.888615 ], [ -80.379841, 37.888625 ], [ -80.379853, 37.888634 ], [ -80.379858, 37.88866 ], [ -80.37987, 37.888672 ], [ -80.379869, 37.888692 ], [ -80.379886, 37.888702 ], [ -80.379926, 37.888708 ], [ -80.379949, 37.888703 ], [ -80.379961, 37.888713 ], [ -80.379954, 37.888719 ], [ -80.379926, 37.888723 ], [ -80.37992, 37.888738 ], [ -80.379891, 37.888768 ], [ -80.37989, 37.888776 ], [ -80.379903, 37.888785 ], [ -80.379898, 37.888794 ], [ -80.379903, 37.888807 ], [ -80.379846, 37.888843 ], [ -80.379815, 37.888875 ], [ -80.379806, 37.888893 ], [ -80.379778, 37.888906 ], [ -80.379764, 37.888924 ], [ -80.379714, 37.888933 ], [ -80.37972, 37.888953 ] ] } },
{ "type": "Feature", "properties": { "ID": 148, "elev": 688.0 }, "geometry": { "type": "LineString", "coordinates": [ [ -80.380472, 37.888038 ], [ -80.38046, 37.888049 ], [ -80.380421, 37.888062 ], [ -80.380411, 37.888076 ], [ -80.380449, 37.888084 ], [ -80.380483, 37.888073 ], [ -80.380494, 37.888077 ], [ -80.380529, 37.888072 ], [ -80.380507, 37.888063 ], [ -80.3805, 37.88804 ], [ -80.380483, 37.888065 ], [ -80.380472, 37.888038 ] ] } },
{ "type": "Feature", "properties": { "ID": 149, "elev": 696.0 }, "geometry": { "type": "LineString", "coordinates": [ [ -80.37849, 37.88802 ], [ -80.378499, 37.888017 ], [ -80.378507, 37.88802 ], [ -80.378499, 37.888028 ], [ -80.37849, 37.88802 ] ] } },
{ "type": "Feature", "properties": { "ID": 150, "elev": 688.0 }, "geometry": { "type": "LineString", "coordinates": [ [ -80.3813, 37.888055 ], [ -80.381291, 37.888029 ], [ -80.381279, 37.888023 ], [ -80.381262, 37.888073 ], [ -80.3812, 37.888098 ], [ -80.381187, 37.888143 ], [ -80.381164, 37.888147 ], [ -80.381197, 37.888172 ] ] } },
{ "type": "Feature", "properties": { "ID": 151, "elev": 690.0 }, "geometry": { "type": "LineString", "coordinates": [ [ -80.3807, 37.888014 ], [ -80.380694, 37.888027 ], [ -80.380699, 37.888034 ], [ -80.380704, 37.888019 ], [ -80.3807, 37.888014 ] ] } },
{ "type": "Feature", "properties": { "ID": 152, "elev": 698.0 }, "geometry": { "type": "LineString", "coordinates": [ [ -80.378061, 37.887986 ], [ -80.378057, 37.887991 ], [ -80.378061, 37.887992 ], [ -80.378064, 37.887991 ], [ -80.378061, 37.887986 ] ] } },
{ "type": "Feature", "properties": { "ID": 153, "elev": 688.0 }, "geometry": { "type": "LineString", "coordinates": [ [ -80.380569, 37.887995 ], [ -80.380562, 37.888 ], [ -80.380569, 37.888009 ], [ -80.380545, 37.888013 ], [ -80.380552, 37.888024 ], [ -80.380563, 37.888025 ], [ -80.380596, 37.888 ], [ -80.380592, 37.887992 ], [ -80.380569, 37.887995 ] ] } },
{ "type": "Feature", "properties": { "ID": 154, "elev": 694.0 }, "geometry": { "type": "LineString", "coordinates": [ [ -80.378357, 37.887979 ], [ -80.378323, 37.887981 ], [ -80.378322, 37.887992 ], [ -80.378329, 37.887986 ], [ -80.37834, 37.887986 ], [ -80.378346, 37.887998 ], [ -80.378357, 37.887979 ] ] } },
{ "type": "Feature", "properties": { "ID": 155, "elev": 686.0 }, "geometry": { "type": "LineString", "coordinates": [ [ -80.380796, 37.887986 ], [ -80.380767, 37.888001 ], [ -80.380768, 37.888007 ], [ -80.380796, 37.888026 ], [ -80.380812, 37.888006 ], [ -80.380796, 37.887986 ] ] } },
{ "type": "Feature", "properties": { "ID": 156, "elev": 688.0 }, "geometry": { "type": "LineString", "coordinates": [ [ -80.38029, 37.887982 ], [ -80.380286, 37.887989 ], [ -80.380295, 37.887998 ], [ -80.38029, 37.888004 ], [ -80.380285, 37.888002 ], [ -80.380273, 37.888025 ], [ -80.380213, 37.888038 ], [ -80.380206, 37.888043 ], [ -80.38021, 37.888048 ], [ -80.38025, 37.888063 ], [ -80.380261, 37.888059 ], [ -80.380273, 37.88807 ], [ -80.380293, 37.888061 ], [ -80.380301, 37.888048 ], [ -80.380285, 37.888034 ], [ -80.380299, 37.888021 ], [ -80.380296, 37.887998 ], [ -80.380291, 37.887994 ], [ -80.380295, 37.887985 ], [ -80.38029, 37.887982 ] ] } },
{ "type": "Feature", "properties": { "ID": 157, "elev": 688.0 }, "geometry": { "type": "LineString", "coordinates": [ [ -80.380507, 37.887981 ], [ -80.380475, 37.888013 ], [ -80.380506, 37.888031 ], [ -80.380513, 37.888027 ], [ -80.380513, 37.888008 ], [ -80.380536, 37.887995 ], [ -80.380529, 37.887986 ], [ -80.380507, 37.887981 ] ] } },
{ "type": "Feature", "properties": { "ID": 158, "elev": 688.0 }, "geometry": { "type": "LineString", "coordinates": [ [ -80.379416, 37.887971 ], [ -80.379421, 37.887969 ], [ -80.379436, 37.887971 ], [ -80.37942, 37.887985 ], [ -80.379413, 37.88798 ], [ -80.379416, 37.887971 ] ] } },
{ "type": "Feature", "properties": { "ID": 159, "elev": 692.0 }, "geometry": { "type": "LineString", "coordinates": [ [ -80.380834, 37.887965 ], [ -80.380842, 37.887962 ], [ -80.380849, 37.88797 ], [ -80.380842, 37.887971 ], [ -80.380834, 37.887965 ] ] } },
{ "type": "Feature", "properties": { "ID": 160, "elev": 698.0 }, "geometry": { "type": "LineString", "coordinates": [ [ -80.378075, 37.887951 ], [ -80.378079, 37.887947 ], [ -80.378082, 37.887951 ], [ -80.378079, 37.887955 ], [ -80.378075, 37.887951 ] ] } },
{ "type": "Feature", "properties": { "ID": 161, "elev": 698.0 }, "geometry": { "type": "Point", "coordinates": [ -80.378113, 37.887942 ] } },
{ "type": "Feature", "properties": { "ID": 162, "elev": 688.0 }, "geometry": { "type": "LineString", "coordinates": [ [ -80.380763, 37.88795 ], [ -80.380735, 37.887965 ], [ -80.380744, 37.887992 ], [ -80.380734, 37.888005 ], [ -80.380762, 37.888031 ], [ -80.380789, 37.888078 ], [ -80.380785, 37.888087 ], [ -80.380818, 37.888104 ], [ -80.380835, 37.888099 ], [ -80.380858, 37.888111 ], [ -80.380892, 37.888107 ], [ -80.3809, 37.888096 ], [ -80.380921, 37.888091 ], [ -80.380931, 37.888069 ], [ -80.38091, 37.888061 ], [ -80.380859, 37.888022 ], [ -80.38085, 37.888024 ], [ -80.380845, 37.888037 ], [ -80.380832, 37.888019 ], [ -80.380842, 37.888006 ], [ -80.380797, 37.887965 ], [ -80.380768, 37.887947 ], [ -80.380763, 37.88795 ] ] } },
{ "type": "Feature", "properties": { "ID": 163, "elev": 698.0 }, "geometry": { "type": "LineString", "coordinates": [ [ -80.377712, 37.887949 ], [ -80.377777, 37.887965 ], [ -80.377806, 37.887965 ], [ -80.377826, 37.887976 ], [ -80.377837, 37.888053 ], [ -80.377849, 37.888062 ], [ -80.377832, 37.888084 ], [ -80.377833, 37.888099 ], [ -80.377869, 37.888094 ], [ -80.377873, 37.888076 ], [ -80.377889, 37.888067 ], [ -80.377882, 37.888049 ], [ -80.377902, 37.888039 ], [ -80.377947, 37.888065 ], [ -80.377986, 37.888045 ], [ -80.377972, 37.888027 ], [ -80.377998, 37.888009 ], [ -80.377976, 37.888014 ], [ -80.377965, 37.888011 ], [ -80.377966, 37.888022 ], [ -80.377942, 37.888035 ], [ -80.377938, 37.888022 ], [ -80.377922, 37.888008 ], [ -80.377948, 37.887988 ], [ -80.377992, 37.887968 ], [ -80.377996, 37.887964 ], [ -80.377985, 37.88795 ], [ -80.378005, 37.887935 ], [ -80.378011, 37.887947 ], [ -80.378028, 37.887931 ], [ -80.37805, 37.887966 ], [ -80.378079, 37.887955 ], [ -80.378096, 37.887968 ], [ -80.37813, 37.887953 ], [ -80.378172, 37.887969 ], [ -80.378174, 37.887983 ], [ -80.378158, 37.887989 ], [ -80.378157, 37.888001 ], [ -80.378186, 37.888014 ], [ -80.378195, 37.888032 ], [ -80.378176, 37.888104 ], [ -80.37814, 37.888137 ], [ -80.378191, 37.888122 ], [ -80.378208, 37.888131 ], [ -80.378248, 37.888125 ], [ -80.378259, 37.888115 ], [ -80.378276, 37.888117 ], [ -80.378328, 37.888092 ], [ -80.378345, 37.888093 ], [ -80.378356, 37.88811 ], [ -80.378368, 37.888089 ], [ -80.378402, 37.88808 ], [ -80.378419, 37.888084 ], [ -80.378426, 37.888106 ], [ -80.378436, 37.888111 ], [ -80.37847, 37.88811 ], [ -80.378498, 37.888118 ], [ -80.37851, 37.888112 ], [ -80.378543, 37.888142 ], [ -80.378572, 37.888139 ], [ -80.37864, 37.888171 ], [ -80.378675, 37.888197 ], [ -80.378765, 37.888225 ], [ -80.378827, 37.888252 ], [ -80.378957, 37.888285 ], [ -80.37902, 37.888288 ], [ -80.379039, 37.888298 ], [ -80.379054, 37.888321 ], [ -80.37905, 37.888334 ], [ -80.379076, 37.888343 ], [ -80.37911, 37.888342 ], [ -80.379127, 37.888346 ], [ -80.379162, 37.888342 ], [ -80.379207, 37.888353 ], [ -80.379212, 37.888349 ], [ -80.379196, 37.888326 ], [ -80.37923, 37.888316 ], [ -80.379258, 37.888333 ], [ -80.379269, 37.888354 ], [ -80.379326, 37.888363 ], [ -80.379468, 37.888367 ], [ -80.379576, 37.888393 ], [ -80.379701, 37.888449 ], [ -80.379831, 37.888557 ], [ -80.379853, 37.888558 ], [ -80.379865, 37.888539 ], [ -80.379882, 37.888529 ], [ -80.379914, 37.888551 ], [ -80.379933, 37.88858 ], [ -80.379942, 37.888578 ], [ -80.37994, 37.888542 ], [ -80.379954, 37.888519 ], [ -80.379946, 37.888506 ], [ -80.379965, 37.888479 ], [ -80.379961, 37.888456 ], [ -80.379985, 37.888448 ], [ -80.379985, 37.888425 ], [ -80.380003, 37.888411 ], [ -80.380075, 37.888403 ], [ -80.38013, 37.888367 ], [ -80.38014, 37.888336 ], [ -80.380145, 37.888332 ], [ -80.380162, 37.888339 ], [ -80.380173, 37.888363 ], [ -80.380209, 37.888372 ], [ -80.380203, 37.888385 ], [ -80.380208, 37.888399 ], [ -80.380261, 37.888413 ], [ -80.38024, 37.888422 ], [ -80.380218, 37.888453 ], [ -80.380173, 37.888458 ], [ -80.380161, 37.888481 ], [ -80.380144, 37.888484 ], [ -80.380127, 37.88853 ], [ -80.380104, 37.88854 ], [ -80.380092, 37.888537 ], [ -80.380017, 37.888551 ], [ -80.380048, 37.888556 ], [ -80.380048, 37.88856 ], [ -80.380017, 37.888587 ], [ -80.37998, 37.888596 ], [ -80.379971, 37.888695 ], [ -80.380008, 37.888718 ], [ -80.37998, 37.888727 ], [ -80.379981, 37.888776 ], [ -80.380017, 37.888773 ], [ -80.380034, 37.888739 ], [ -80.380045, 37.888747 ], [ -80.380068, 37.88879 ], [ -80.380033, 37.888818 ], [ -80.379988, 37.888796 ], [ -80.379965, 37.888795 ], [ -80.379916, 37.888807 ], [ -80.379891, 37.888826 ], [ -80.379874, 37.888829 ], [ -80.37986, 37.888848 ], [ -80.379832, 37.888866 ], [ -80.379812, 37.888897 ], [ -80.379793, 37.888906 ], [ -80.379794, 37.888915 ], [ -80.379787, 37.88891 ], [ -80.379783, 37.888924 ], [ -80.379743, 37.888933 ], [ -80.379741, 37.888949 ] ] } },
{ "type": "Feature", "properties": { "ID": 164, "elev": 692.0 }, "geometry": { "type": "LineString", "coordinates": [ [ -80.380836, 37.887943 ], [ -80.380842, 37.887941 ], [ -80.380845, 37.887943 ], [ -80.380837, 37.887945 ], [ -80.380836, 37.887943 ] ] } },
{ "type": "Feature", "properties": { "ID": 165, "elev": 698.0 }, "geometry": { "type": "LineString", "coordinates": [ [ -80.378022, 37.887914 ], [ -80.378022, 37.887914 ], [ -80.378024, 37.887914 ], [ -80.378022, 37.887915 ], [ -80.378022, 37.887914 ] ] } },
{ "type": "Feature", "properties": { "ID": 166, "elev": 692.0 }, "geometry": { "type": "LineString", "coordinates": [ [ -80.381065, 37.887926 ], [ -80.381076, 37.887926 ], [ -80.381086, 37.887944 ], [ -80.381063, 37.887971 ], [ -80.381057, 37.888073 ], [ -80.381029, 37.888056 ], [ -80.381029, 37.888038 ], [ -80.38104, 37.888016 ], [ -80.38103, 37.887967 ], [ -80.381007, 37.887973 ], [ -80.380974, 37.887961 ], [ -80.38099, 37.887948 ], [ -80.381057, 37.887939 ], [ -80.381065, 37.887926 ] ] } },
{ "type": "Feature", "properties": { "ID": 167, "elev": 692.0 }, "geometry": { "type": "LineString", "coordinates": [ [ -80.381153, 37.887926 ], [ -80.381167, 37.887924 ], [ -80.381174, 37.887931 ], [ -80.381172, 37.887941 ], [ -80.381155, 37.887941 ], [ -80.381153, 37.887926 ] ] } },
{ "type": "Feature", "properties": { "ID": 168, "elev": 692.0 }, "geometry": { "type": "LineString", "coordinates": [ [ -80.380813, 37.887906 ], [ -80.380814, 37.887903 ], [ -80.380818, 37.887906 ], [ -80.380814, 37.887908 ], [ -80.380813, 37.887906 ] ] } },
{ "type": "Feature", "properties": { "ID": 169, "elev": 690.0 }, "geometry": { "type": "LineString", "coordinates": [ [ -80.381405, 37.887934 ], [ -80.381398, 37.887909 ], [ -80.381425, 37.887904 ] ] } },
{ "type": "Feature", "properties": { "ID": 170, "elev": 696.0 }, "geometry": { "type": "LineString", "coordinates": [ [ -80.378142, 37.887883 ], [ -80.378142, 37.887883 ], [ -80.378142, 37.887884 ], [ -80.378142, 37.887883 ], [ -80.378142, 37.887883 ] ] } },
{ "type": "Feature", "properties": { "ID": 171, "elev": 690.0 }, "geometry": { "type": "LineString", "coordinates": [ [ -80.380584, 37.887892 ], [ -80.380587, 37.887891 ], [ -80.380593, 37.887892 ], [ -80.380587, 37.887893 ], [ -80.380584, 37.887892 ] ] } },
{ "type": "Feature", "properties": { "ID": 172, "elev": 688.0 }, "geometry": { "type": "LineString", "coordinates": [ [ -80.379359, 37.887878 ], [ -80.379357, 37.887881 ], [ -80.379363, 37.887881 ], [ -80.379359, 37.887878 ] ] } },
{ "type": "Feature", "properties": { "ID": 173, "elev": 690.0 }, "geometry": { "type": "LineString", "coordinates": [ [ -80.38111, 37.887888 ], [ -80.381106, 37.887908 ], [ -80.381133, 37.887903 ], [ -80.381133, 37.887895 ], [ -80.38111, 37.887888 ] ] } },
{ "type": "Feature", "properties": { "ID": 174, "elev": 686.0 }, "geometry": { "type": "LineString", "coordinates": [ [ -80.379495, 37.887863 ], [ -80.379484, 37.887866 ], [ -80.379478, 37.887877 ], [ -80.37949, 37.887879 ], [ -80.379495, 37.887863 ] ] } },
{ "type": "Feature", "properties": { "ID": 175, "elev": 690.0 }, "geometry": { "type": "LineString", "coordinates": [ [ -80.380527, 37.887869 ], [ -80.38053, 37.887866 ], [ -80.38053, 37.887872 ], [ -80.380527, 37.887869 ] ] } },
{ "type": "Feature", "properties": { "ID": 176, "elev": 692.0 }, "geometry": { "type": "LineString", "coordinates": [ [ -80.380944, 37.887871 ], [ -80.380951, 37.887869 ], [ -80.38096, 37.88788 ], [ -80.380946, 37.88788 ], [ -80.380944, 37.887871 ] ] } },
{ "type": "Feature", "properties": { "ID": 177, "elev": 694.0 }, "geometry": { "type": "LineString", "coordinates": [ [ -80.378199, 37.887854 ], [ -80.378198, 37.887857 ], [ -80.378199, 37.887857 ], [ -80.3782, 37.887857 ], [ -80.378199, 37.887854 ] ] } },
{ "type": "Feature", "properties": { "ID": 178, "elev": 696.0 }, "geometry": { "type": "LineString", "coordinates": [ [ -80.378108, 37.887856 ], [ -80.378104, 37.887856 ], [ -80.378104, 37.887861 ], [ -80.378109, 37.887861 ], [ -80.378108, 37.887856 ] ] } },
{ "type": "Feature", "properties": { "ID": 179, "elev": 692.0 }, "geometry": { "type": "LineString", "coordinates": [ [ -80.380879, 37.887857 ], [ -80.380894, 37.887855 ], [ -80.38091, 37.887866 ], [ -80.380888, 37.887892 ], [ -80.380864, 37.887875 ], [ -80.380868, 37.887862 ], [ -80.380879, 37.887857 ] ] } },
{ "type": "Feature", "properties": { "ID": 180, "elev": 698.0 }, "geometry": { "type": "LineString", "coordinates": [ [ -80.37769, 37.887837 ], [ -80.377704, 37.887838 ], [ -80.377715, 37.887859 ], [ -80.377706, 37.887901 ] ] } },
{ "type": "Feature", "properties": { "ID": 181, "elev": 686.0 }, "geometry": { "type": "LineString", "coordinates": [ [ -80.379788, 37.887833 ], [ -80.379791, 37.887832 ], [ -80.379797, 37.887833 ], [ -80.379791, 37.887838 ], [ -80.379788, 37.887833 ] ] } },
{ "type": "Feature", "properties": { "ID": 182, "elev": 690.0 }, "geometry": { "type": "LineString", "coordinates": [ [ -80.381388, 37.887835 ], [ -80.381378, 37.88786 ], [ -80.381338, 37.887867 ], [ -80.381317, 37.887878 ], [ -80.381299, 37.887877 ], [ -80.381292, 37.887891 ], [ -80.381263, 37.887895 ], [ -80.381269, 37.887902 ], [ -80.381315, 37.887909 ], [ -80.381333, 37.887918 ], [ -80.381338, 37.887932 ], [ -80.381326, 37.88794 ], [ -80.381286, 37.887942 ], [ -80.381272, 37.887949 ], [ -80.381267, 37.888035 ], [ -80.381262, 37.888037 ], [ -80.381251, 37.888026 ], [ -80.381202, 37.887963 ], [ -80.381183, 37.887954 ], [ -80.381155, 37.888004 ], [ -80.381132, 37.887979 ], [ -80.38113, 37.888025 ], [ -80.38112, 37.888049 ], [ -80.381109, 37.888052 ], [ -80.381103, 37.888033 ], [ -80.38108, 37.888041 ], [ -80.381075, 37.888084 ], [ -80.381061, 37.888083 ], [ -80.381063, 37.88812 ], [ -80.38108, 37.888114 ], [ -80.381102, 37.888127 ], [ -80.381108, 37.888124 ], [ -80.381089, 37.888097 ], [ -80.381148, 37.888047 ], [ -80.38115, 37.888084 ], [ -80.38113, 37.888097 ], [ -80.381136, 37.888133 ], [ -80.381119, 37.888135 ], [ -80.381108, 37.888147 ], [ -80.38113, 37.888169 ], [ -80.38119, 37.888182 ] ] } },
{ "type": "Feature", "properties": { "ID": 183, "elev": 694.0 }, "geometry": { "type": "LineString", "coordinates": [ [ -80.378267, 37.887819 ], [ -80.378265, 37.88783 ], [ -80.378273, 37.887834 ], [ -80.378278, 37.88783 ], [ -80.378267, 37.887819 ] ] } },
{ "type": "Feature", "properties": { "ID": 184, "elev": 688.0 }, "geometry": { "type": "LineString", "coordinates": [ [ -80.380798, 37.887828 ], [ -80.380786, 37.887834 ], [ -80.380752, 37.887837 ], [ -80.380737, 37.887865 ], [ -80.38074, 37.88788 ], [ -80.380763, 37.887884 ], [ -80.38078, 37.887876 ], [ -80.380786, 37.887866 ], [ -80.38078, 37.887852 ], [ -80.380812, 37.887834 ], [ -80.380798, 37.887828 ] ] } },
{ "type": "Feature", "properties": { "ID": 185, "elev": 692.0 }, "geometry": { "type": "LineString", "coordinates": [ [ -80.38044, 37.887818 ], [ -80.380438, 37.887819 ], [ -80.38044, 37.887823 ], [ -80.380443, 37.887819 ], [ -80.38044, 37.887818 ] ] } },
{ "type": "Feature", "properties": { "ID": 186, "elev": 686.0 }, "geometry": { "type": "LineString", "coordinates": [ [ -80.380667, 37.887814 ], [ -80.380661, 37.88782 ], [ -80.380675, 37.887829 ], [ -80.380679, 37.887825 ], [ -80.380667, 37.887814 ] ] } },
{ "type": "Feature", "properties": { "ID": 187, "elev": 696.0 }, "geometry": { "type": "LineString", "coordinates": [ [ -80.381159, 37.887809 ], [ -80.381168, 37.887807 ], [ -80.381173, 37.887814 ], [ -80.381162, 37.887816 ], [ -80.381159, 37.887809 ] ] } },
{ "type": "Feature", "properties": { "ID": 188, "elev": 686.0 }, "geometry": { "type": "LineString", "coordinates": [ [ -80.380627, 37.887801 ], [ -80.380616, 37.887809 ], [ -80.380597, 37.887815 ], [ -80.38061, 37.887818 ], [ -80.380627, 37.887809 ], [ -80.380633, 37.887814 ], [ -80.380645, 37.887811 ], [ -80.380641, 37.887802 ], [ -80.380627, 37.887801 ] ] } },
{ "type": "Feature", "properties": { "ID": 189, "elev": 696.0 }, "geometry": { "type": "LineString", "coordinates": [ [ -80.381172, 37.8878 ], [ -80.381173, 37.887798 ], [ -80.381175, 37.8878 ], [ -80.381173, 37.887802 ], [ -80.381172, 37.8878 ] ] } },
{ "type": "Feature", "properties": { "ID": 190, "elev": 688.0 }, "geometry": { "type": "LineString", "coordinates": [ [ -80.380593, 37.887788 ], [ -80.380583, 37.887806 ], [ -80.380588, 37.887815 ], [ -80.380604, 37.887824 ], [ -80.380627, 37.887824 ], [ -80.380638, 37.887841 ], [ -80.380698, 37.887834 ], [ -80.380696, 37.887806 ], [ -80.380633, 37.887795 ], [ -80.380622, 37.887798 ], [ -80.380593, 37.887788 ] ] } },
{ "type": "Feature", "properties": { "ID": 191, "elev": 688.0 }, "geometry": { "type": "LineString", "coordinates": [ [ -80.380719, 37.887783 ], [ -80.38071, 37.887789 ], [ -80.380713, 37.887792 ], [ -80.380721, 37.887789 ], [ -80.380719, 37.887783 ] ] } },
{ "type": "Feature", "properties": { "ID": 192, "elev": 690.0 }, "geometry": { "type": "LineString", "coordinates": [ [ -80.378968, 37.887771 ], [ -80.378973, 37.887769 ], [ -80.378975, 37.887771 ], [ -80.378973, 37.887771 ], [ -80.378968, 37.887771 ] ] } },
{ "type": "Feature", "properties": { "ID": 193, "elev": 690.0 }, "geometry": { "type": "LineString", "coordinates": [ [ -80.380836, 37.887767 ], [ -80.380838, 37.887766 ], [ -80.380856, 37.887767 ], [ -80.380844, 37.887777 ], [ -80.380836, 37.887767 ] ] } },
{ "type": "Feature", "properties": { "ID": 194, "elev": 694.0 }, "geometry": { "type": "LineString", "coordinates": [ [ -80.378277, 37.887749 ], [ -80.378288, 37.887753 ], [ -80.378294, 37.887767 ], [ -80.378268, 37.887785 ], [ -80.378261, 37.887762 ], [ -80.378277, 37.887749 ] ] } },
{ "type": "Feature", "properties": { "ID": 195, "elev": 690.0 }, "geometry": { "type": "Point", "coordinates": [ -80.378763, 37.887742 ] } },
{ "type": "Feature", "properties": { "ID": 196, "elev": 688.0 }, "geometry": { "type": "LineString", "coordinates": [ [ -80.379248, 37.88774 ], [ -80.379256, 37.88774 ], [ -80.379264, 37.887745 ], [ -80.37924, 37.887748 ], [ -80.379248, 37.88774 ] ] } },
{ "type": "Feature", "properties": { "ID": 197, "elev": 690.0 }, "geometry": { "type": "LineString", "coordinates": [ [ -80.378501, 37.887736 ], [ -80.378499, 37.887741 ], [ -80.378501, 37.887744 ], [ -80.378504, 37.887741 ], [ -80.378501, 37.887736 ] ] } },
{ "type": "Feature", "properties": { "ID": 198, "elev": 696.0 }, "geometry": { "type": "LineString", "coordinates": [ [ -80.377668, 37.887724 ], [ -80.377722, 37.887726 ], [ -80.377734, 37.887732 ], [ -80.377762, 37.887728 ], [ -80.377796, 37.887755 ], [ -80.377813, 37.887759 ], [ -80.377819, 37.887738 ], [ -80.377826, 37.887737 ], [ -80.377821, 37.88776 ], [ -80.37781, 37.887764 ], [ -80.377821, 37.887769 ], [ -80.377823, 37.887787 ], [ -80.377834, 37.887801 ], [ -80.377856, 37.887805 ], [ -80.377859, 37.887819 ], [ -80.377909, 37.887864 ], [ -80.377942, 37.887941 ], [ -80.377988, 37.887917 ], [ -80.377997, 37.887896 ], [ -80.378034, 37.887866 ], [ -80.378068, 37.887859 ], [ -80.37809, 37.887865 ], [ -80.378108, 37.887846 ], [ -80.378131, 37.887833 ], [ -80.378156, 37.887829 ], [ -80.378171, 37.88784 ], [ -80.378173, 37.887852 ], [ -80.378165, 37.887868 ], [ -80.378145, 37.887879 ], [ -80.37816, 37.887888 ], [ -80.378158, 37.887897 ], [ -80.378153, 37.887902 ], [ -80.37814, 37.887897 ], [ -80.37813, 37.887918 ], [ -80.378159, 37.887917 ], [ -80.378164, 37.887924 ], [ -80.378193, 37.887932 ], [ -80.378227, 37.887931 ], [ -80.378243, 37.887942 ], [ -80.378226, 37.887996 ], [ -80.378226, 37.888038 ], [ -80.378213, 37.888046 ], [ -80.37822, 37.888058 ], [ -80.378237, 37.888046 ], [ -80.378271, 37.888052 ], [ -80.378283, 37.888042 ], [ -80.3783, 37.888053 ], [ -80.378339, 37.888053 ], [ -80.378356, 37.888067 ], [ -80.378373, 37.88806 ], [ -80.378374, 37.888051 ], [ -80.378385, 37.888044 ], [ -80.378396, 37.888047 ], [ -80.378436, 37.888033 ], [ -80.378448, 37.888033 ], [ -80.378459, 37.888053 ], [ -80.378505, 37.888031 ], [ -80.378516, 37.888045 ], [ -80.378573, 37.888032 ], [ -80.378601, 37.888039 ], [ -80.378686, 37.888089 ], [ -80.37872, 37.888099 ], [ -80.378746, 37.888121 ], [ -80.378756, 37.888148 ], [ -80.378811, 37.888152 ], [ -80.378822, 37.888165 ], [ -80.378878, 37.888196 ], [ -80.378941, 37.888212 ], [ -80.378992, 37.888216 ], [ -80.379037, 37.888237 ], [ -80.379145, 37.888246 ], [ -80.37917, 37.888258 ], [ -80.379202, 37.888286 ], [ -80.37923, 37.888288 ], [ -80.379293, 37.888279 ], [ -80.37931, 37.88829 ], [ -80.379355, 37.888298 ], [ -80.379503, 37.888298 ], [ -80.379577, 37.888309 ], [ -80.379609, 37.888319 ], [ -80.379634, 37.888336 ], [ -80.37969, 37.888347 ], [ -80.379709, 37.888356 ], [ -80.379786, 37.888419 ], [ -80.379865, 37.8885 ], [ -80.379922, 37.888462 ], [ -80.379931, 37.888465 ], [ -80.379922, 37.888479 ], [ -80.379927, 37.888483 ], [ -80.379945, 37.88848 ], [ -80.379968, 37.888425 ], [ -80.380014, 37.888401 ], [ -80.380072, 37.888389 ], [ -80.380086, 37.888353 ], [ -80.380125, 37.888344 ], [ -80.380123, 37.888335 ], [ -80.380143, 37.888304 ], [ -80.380153, 37.888304 ], [ -80.380163, 37.888313 ], [ -80.380179, 37.888341 ], [ -80.380191, 37.888336 ], [ -80.380202, 37.888338 ], [ -80.380219, 37.888318 ], [ -80.380265, 37.888317 ], [ -80.380282, 37.88831 ], [ -80.380293, 37.888352 ], [ -80.38031, 37.888357 ], [ -80.38033, 37.888382 ], [ -80.38031, 37.888412 ], [ -80.380292, 37.888415 ], [ -80.380284, 37.888449 ], [ -80.380173, 37.888474 ], [ -80.380165, 37.888516 ], [ -80.380161, 37.888522 ], [ -80.380144, 37.888524 ], [ -80.380131, 37.888552 ], [ -80.380109, 37.888563 ], [ -80.380082, 37.888592 ], [ -80.380032, 37.888601 ], [ -80.380013, 37.888691 ], [ -80.380026, 37.888709 ], [ -80.380016, 37.888718 ], [ -80.380028, 37.888725 ], [ -80.380051, 37.888726 ], [ -80.380062, 37.888754 ], [ -80.380086, 37.888777 ], [ -80.380116, 37.888791 ], [ -80.380062, 37.888809 ], [ -80.380044, 37.888843 ], [ -80.379971, 37.888814 ], [ -80.379925, 37.88884 ], [ -80.379879, 37.888842 ], [ -80.379848, 37.888866 ], [ -80.379831, 37.888893 ], [ -80.379806, 37.888911 ], [ -80.379798, 37.888924 ], [ -80.379777, 37.888933 ], [ -80.37977, 37.888949 ] ] } },
{ "type": "Feature", "properties": { "ID": 199, "elev": 690.0 }, "geometry": { "type": "LineString", "coordinates": [ [ -80.378439, 37.887717 ], [ -80.378439, 37.887729 ], [ -80.37845, 37.887737 ], [ -80.37845, 37.887715 ], [ -80.378439, 37.887717 ] ] } },
{ "type": "Feature", "properties": { "ID": 200, "elev": 690.0 }, "geometry": { "type": "LineString", "coordinates": [ [ -80.378501, 37.887705 ], [ -80.378502, 37.887705 ], [ -80.378502, 37.887705 ], [ -80.378501, 37.887705 ] ] } },
{ "type": "Feature", "properties": { "ID": 201, "elev": 680.0 }, "geometry": { "type": "LineString", "coordinates": [ [ -80.380913, 37.887706 ], [ -80.38089, 37.887714 ], [ -80.380883, 37.887731 ], [ -80.380917, 37.887727 ], [ -80.38092, 37.887718 ], [ -80.380913, 37.887706 ] ] } },
{ "type": "Feature", "properties": { "ID": 202, "elev": 686.0 }, "geometry": { "type": "LineString", "coordinates": [ [ -80.380998, 37.887709 ], [ -80.380997, 37.887709 ], [ -80.380998, 37.88771 ], [ -80.380998, 37.887709 ], [ -80.380998, 37.887709 ] ] } },
{ "type": "Feature", "properties": { "ID": 203, "elev": 688.0 }, "geometry": { "type": "LineString", "coordinates": [ [ -80.379039, 37.887685 ], [ -80.379053, 37.887685 ], [ -80.379053, 37.88769 ], [ -80.379048, 37.887685 ], [ -80.379039, 37.887685 ] ] } },
{ "type": "Feature", "properties": { "ID": 204, "elev": 690.0 }, "geometry": { "type": "LineString", "coordinates": [ [ -80.37857, 37.887682 ], [ -80.37858, 37.887696 ], [ -80.378591, 37.887696 ], [ -80.378593, 37.887683 ], [ -80.37857, 37.887682 ] ] } },
{ "type": "Feature", "properties": { "ID": 205, "elev": 696.0 }, "geometry": { "type": "LineString", "coordinates": [ [ -80.380497, 37.887693 ], [ -80.380498, 37.887692 ], [ -80.380499, 37.887693 ], [ -80.380498, 37.887694 ], [ -80.380497, 37.887693 ] ] } },
{ "type": "Feature", "properties": { "ID": 206, "elev": 682.0 }, "geometry": { "type": "LineString", "coordinates": [ [ -80.380896, 37.887686 ], [ -80.380867, 37.887726 ], [ -80.380895, 37.887742 ], [ -80.380947, 37.887727 ], [ -80.380943, 37.887709 ], [ -80.380907, 37.887684 ], [ -80.380896, 37.887686 ] ] } },
{ "type": "Feature", "properties": { "ID": 207, "elev": 696.0 }, "geometry": { "type": "LineString", "coordinates": [ [ -80.381313, 37.88772 ], [ -80.381288, 37.887733 ], [ -80.381247, 37.88771 ], [ -80.381254, 37.887697 ], [ -80.381277, 37.887684 ], [ -80.381299, 37.887712 ], [ -80.381313, 37.887716 ] ] } },
{ "type": "Feature", "properties": { "ID": 208, "elev": 688.0 }, "geometry": { "type": "LineString", "coordinates": [ [ -80.379053, 37.887672 ], [ -80.379053, 37.887669 ], [ -80.379057, 37.887672 ], [ -80.379053, 37.887672 ], [ -80.379053, 37.887672 ] ] } },
{ "type": "Feature", "properties": { "ID": 209, "elev": 688.0 }, "geometry": { "type": "LineString", "coordinates": [ [ -80.378818, 37.887648 ], [ -80.378821, 37.887644 ], [ -80.378838, 37.88765 ], [ -80.378838, 37.887657 ], [ -80.378826, 37.887662 ], [ -80.378818, 37.887648 ] ] } },
{ "type": "Feature", "properties": { "ID": 210, "elev": 690.0 }, "geometry": { "type": "LineString", "coordinates": [ [ -80.378461, 37.887646 ], [ -80.378479, 37.887649 ], [ -80.378493, 37.887664 ], [ -80.378462, 37.887691 ], [ -80.378451, 37.887669 ], [ -80.378461, 37.887646 ] ] } },
{ "type": "Feature", "properties": { "ID": 211, "elev": 694.0 }, "geometry": { "type": "LineString", "coordinates": [ [ -80.381347, 37.887775 ], [ -80.381285, 37.887792 ], [ -80.381281, 37.887817 ], [ -80.381243, 37.887841 ], [ -80.381234, 37.887855 ], [ -80.381162, 37.887847 ], [ -80.381125, 37.887822 ], [ -80.381116, 37.8878 ], [ -80.381127, 37.887764 ], [ -80.381126, 37.887723 ], [ -80.381158, 37.88771 ], [ -80.381156, 37.887683 ], [ -80.381163, 37.887663 ], [ -80.381268, 37.887657 ] ] } },
{ "type": "Feature", "properties": { "ID": 212, "elev": 696.0 }, "geometry": { "type": "LineString", "coordinates": [ [ -80.380395, 37.887656 ], [ -80.380407, 37.887661 ], [ -80.380401, 37.887667 ], [ -80.380391, 37.887661 ], [ -80.380395, 37.887656 ] ] } },
{ "type": "Feature", "properties": { "ID": 213, "elev": 684.0 }, "geometry": { "type": "LineString", "coordinates": [ [ -80.38089, 37.887648 ], [ -80.380888, 37.887654 ], [ -80.380895, 37.887659 ], [ -80.380881, 37.887695 ], [ -80.380855, 37.887704 ], [ -80.380853, 37.887717 ], [ -80.380842, 37.887726 ], [ -80.380869, 37.887735 ], [ -80.380895, 37.887758 ], [ -80.380906, 37.88776 ], [ -80.380924, 37.887742 ], [ -80.380958, 37.887734 ], [ -80.380975, 37.887723 ], [ -80.380958, 37.887703 ], [ -80.38093, 37.88769 ], [ -80.38089, 37.887648 ] ] } },
{ "type": "Feature", "properties": { "ID": 214, "elev": 692.0 }, "geometry": { "type": "LineString", "coordinates": [ [ -80.381369, 37.88781 ], [ -80.381315, 37.887824 ], [ -80.381297, 37.887823 ], [ -80.381281, 37.887864 ], [ -80.381224, 37.88787 ], [ -80.38119, 37.887891 ], [ -80.381167, 37.887892 ], [ -80.38115, 37.887886 ], [ -80.381118, 37.887849 ], [ -80.381099, 37.887842 ], [ -80.380997, 37.887843 ], [ -80.38099, 37.887867 ], [ -80.380978, 37.887817 ], [ -80.380991, 37.887795 ], [ -80.38102, 37.8878 ], [ -80.381088, 37.887791 ], [ -80.381027, 37.887741 ], [ -80.381027, 37.887723 ], [ -80.381106, 37.88771 ], [ -80.381106, 37.887687 ], [ -80.381122, 37.887669 ], [ -80.381157, 37.887657 ], [ -80.381214, 37.887652 ], [ -80.381257, 37.887634 ] ] } },
{ "type": "Feature", "properties": { "ID": 215, "elev": 698.0 }, "geometry": { "type": "LineString", "coordinates": [ [ -80.380731, 37.887625 ], [ -80.380726, 37.887631 ], [ -80.380731, 37.887635 ], [ -80.380739, 37.887627 ], [ -80.380731, 37.887625 ] ] } },
{ "type": "Feature", "properties": { "ID": 216, "elev": 684.0 }, "geometry": { "type": "LineString", "coordinates": [ [ -80.380953, 37.887607 ], [ -80.38093, 37.887628 ], [ -80.38093, 37.88763 ], [ -80.380953, 37.887626 ], [ -80.38096, 37.88761 ], [ -80.380953, 37.887607 ] ] } },
{ "type": "Feature", "properties": { "ID": 217, "elev": 694.0 }, "geometry": { "type": "LineString", "coordinates": [ [ -80.377647, 37.887576 ], [ -80.377775, 37.887605 ], [ -80.377786, 37.887613 ], [ -80.377826, 37.887614 ], [ -80.377917, 37.887632 ], [ -80.377928, 37.887627 ], [ -80.377979, 37.887654 ], [ -80.37799, 37.887652 ], [ -80.378053, 37.887679 ], [ -80.378079, 37.887703 ], [ -80.378086, 37.887727 ], [ -80.378106, 37.887752 ], [ -80.378098, 37.887775 ], [ -80.378071, 37.887788 ], [ -80.378063, 37.887831 ], [ -80.378085, 37.887829 ], [ -80.378137, 37.887797 ], [ -80.378171, 37.887789 ], [ -80.378216, 37.887806 ], [ -80.378262, 37.887805 ], [ -80.378268, 37.887814 ], [ -80.378292, 37.887817 ], [ -80.378298, 37.887812 ], [ -80.37829, 37.887792 ], [ -80.378322, 37.887785 ], [ -80.3783, 37.887771 ], [ -80.378307, 37.887731 ], [ -80.378291, 37.887719 ], [ -80.378293, 37.887708 ], [ -80.378308, 37.8877 ], [ -80.378314, 37.88769 ], [ -80.378331, 37.887693 ], [ -80.378352, 37.887718 ], [ -80.378351, 37.887727 ], [ -80.378368, 37.887736 ], [ -80.378354, 37.887754 ], [ -80.378357, 37.887758 ], [ -80.378376, 37.887766 ], [ -80.378399, 37.887763 ], [ -80.378401, 37.887768 ], [ -80.378376, 37.887797 ], [ -80.378359, 37.887804 ], [ -80.378342, 37.887794 ], [ -80.37833, 37.887798 ], [ -80.378326, 37.887817 ], [ -80.378304, 37.887821 ], [ -80.378296, 37.887866 ], [ -80.378268, 37.887879 ], [ -80.37827, 37.887893 ], [ -80.378255, 37.88792 ], [ -80.378266, 37.887949 ], [ -80.378278, 37.887957 ], [ -80.378273, 37.88797 ], [ -80.378278, 37.887975 ], [ -80.3783, 37.887959 ], [ -80.378306, 37.887967 ], [ -80.378323, 37.887972 ], [ -80.378352, 37.887956 ], [ -80.378357, 37.887963 ], [ -80.378374, 37.887953 ], [ -80.378394, 37.887952 ], [ -80.378409, 37.887941 ], [ -80.378431, 37.887939 ], [ -80.378443, 37.887948 ], [ -80.378466, 37.887929 ], [ -80.378528, 37.887927 ], [ -80.378556, 37.887938 ], [ -80.378585, 37.887927 ], [ -80.378625, 37.887929 ], [ -80.378687, 37.887952 ], [ -80.378727, 37.887959 ], [ -80.378801, 37.887982 ], [ -80.378931, 37.888077 ], [ -80.378982, 37.888097 ], [ -80.379038, 37.888106 ], [ -80.379089, 37.888121 ], [ -80.379162, 37.888164 ], [ -80.379199, 37.888177 ], [ -80.379254, 37.888192 ], [ -80.379376, 37.888205 ], [ -80.379379, 37.888225 ], [ -80.379401, 37.888221 ], [ -80.379413, 37.888229 ], [ -80.379441, 37.888223 ], [ -80.379589, 37.888231 ], [ -80.379629, 37.888237 ], [ -80.379725, 37.888269 ], [ -80.379749, 37.888297 ], [ -80.379791, 37.888316 ], [ -80.37981, 37.888342 ], [ -80.379838, 37.888351 ], [ -80.379855, 37.888366 ], [ -80.3799, 37.88844 ], [ -80.379946, 37.888409 ], [ -80.379957, 37.888416 ], [ -80.379968, 37.888413 ], [ -80.380008, 37.8884 ], [ -80.38002, 37.888385 ], [ -80.380031, 37.888384 ], [ -80.380023, 37.88838 ], [ -80.380036, 37.888357 ], [ -80.380093, 37.888313 ], [ -80.3801, 37.888291 ], [ -80.380129, 37.888291 ], [ -80.38014, 37.888298 ], [ -80.380163, 37.888294 ], [ -80.38018, 37.888303 ], [ -80.38022, 37.888277 ], [ -80.380243, 37.888267 ], [ -80.380265, 37.888265 ], [ -80.380277, 37.888233 ], [ -80.380272, 37.888201 ], [ -80.380263, 37.888187 ], [ -80.380267, 37.888178 ], [ -80.380283, 37.888173 ], [ -80.380334, 37.888187 ], [ -80.380312, 37.888192 ], [ -80.380308, 37.88821 ], [ -80.380294, 37.888214 ], [ -80.380292, 37.888242 ], [ -80.380316, 37.888251 ], [ -80.380322, 37.888275 ], [ -80.380328, 37.888267 ], [ -80.380333, 37.888271 ], [ -80.380338, 37.8883 ], [ -80.380315, 37.888309 ], [ -80.380316, 37.888348 ], [ -80.380365, 37.888368 ], [ -80.380377, 37.888382 ], [ -80.380376, 37.888395 ], [ -80.380358, 37.888413 ], [ -80.380315, 37.888423 ], [ -80.380304, 37.888453 ], [ -80.380292, 37.888454 ], [ -80.380266, 37.88848 ], [ -80.380223, 37.888506 ], [ -80.380206, 37.888509 ], [ -80.380172, 37.888534 ], [ -80.38016, 37.888568 ], [ -80.380143, 37.888565 ], [ -80.380091, 37.888601 ], [ -80.380094, 37.8887 ], [ -80.38008, 37.888723 ], [ -80.380116, 37.888777 ], [ -80.380137, 37.888786 ], [ -80.380137, 37.888795 ], [ -80.380114, 37.888804 ], [ -80.38009, 37.888836 ], [ -80.380056, 37.888845 ], [ -80.38005, 37.888855 ], [ -80.380033, 37.888848 ], [ -80.380022, 37.888853 ], [ -80.379982, 37.888851 ], [ -80.379959, 37.888844 ], [ -80.379936, 37.888847 ], [ -80.379908, 37.888862 ], [ -80.379879, 37.888863 ], [ -80.379861, 37.888893 ], [ -80.379834, 37.888902 ], [ -80.379828, 37.888914 ], [ -80.379785, 37.888949 ] ] } },
{ "type": "Feature", "properties": { "ID": 218, "elev": 700.0 }, "geometry": { "type": "LineString", "coordinates": [ [ -80.380597, 37.887576 ], [ -80.380603, 37.887581 ], [ -80.380597, 37.88759 ], [ -80.380611, 37.887599 ], [ -80.380601, 37.887611 ], [ -80.38059, 37.887603 ], [ -80.380599, 37.887594 ], [ -80.380588, 37.88759 ], [ -80.380597, 37.887576 ] ] } },
{ "type": "Feature", "properties": { "ID": 219, "elev": 690.0 }, "geometry": { "type": "LineString", "coordinates": [ [ -80.380407, 37.887553 ], [ -80.38041, 37.887553 ], [ -80.380408, 37.88756 ], [ -80.380407, 37.887557 ], [ -80.380407, 37.887553 ] ] } },
{ "type": "Feature", "properties": { "ID": 220, "elev": 700.0 }, "geometry": { "type": "LineString", "coordinates": [ [ -80.380683, 37.887532 ], [ -80.380693, 37.887532 ], [ -80.3807, 37.887545 ], [ -80.380698, 37.887575 ], [ -80.38069, 37.88755 ], [ -80.380696, 37.887545 ], [ -80.380681, 37.887542 ], [ -80.380683, 37.887532 ] ] } },
{ "type": "Feature", "properties": { "ID": 221, "elev": 692.0 }, "geometry": { "type": "LineString", "coordinates": [ [ -80.377636, 37.8875 ], [ -80.377719, 37.887487 ], [ -80.377764, 37.887491 ], [ -80.377804, 37.887508 ], [ -80.377861, 37.887509 ], [ -80.377923, 37.88754 ], [ -80.377991, 37.887535 ], [ -80.378071, 37.887549 ], [ -80.378133, 37.887572 ], [ -80.378167, 37.887592 ], [ -80.378218, 37.887607 ], [ -80.378275, 37.887644 ], [ -80.378291, 37.887672 ], [ -80.378326, 37.887674 ], [ -80.378391, 37.887704 ], [ -80.378432, 37.887795 ], [ -80.378408, 37.887835 ], [ -80.378432, 37.887847 ], [ -80.378444, 37.887839 ], [ -80.378444, 37.887849 ], [ -80.378455, 37.887854 ], [ -80.378489, 37.887855 ], [ -80.37854, 37.887831 ], [ -80.37855, 37.887836 ], [ -80.378552, 37.887853 ], [ -80.378586, 37.887856 ], [ -80.37866, 37.887832 ], [ -80.378716, 37.887844 ], [ -80.378739, 37.887869 ], [ -80.378784, 37.887881 ], [ -80.378824, 37.887871 ], [ -80.378898, 37.887887 ], [ -80.378915, 37.887882 ], [ -80.378972, 37.887883 ], [ -80.379012, 37.887906 ], [ -80.379034, 37.887929 ], [ -80.379056, 37.887995 ], [ -80.379068, 37.887995 ], [ -80.379096, 37.888011 ], [ -80.379124, 37.888041 ], [ -80.37917, 37.888059 ], [ -80.379268, 37.888115 ], [ -80.379345, 37.888128 ], [ -80.37951, 37.888137 ], [ -80.379535, 37.888148 ], [ -80.37955, 37.888168 ], [ -80.379624, 37.888147 ], [ -80.379737, 37.88818 ], [ -80.379815, 37.888212 ], [ -80.379844, 37.888248 ], [ -80.379895, 37.888293 ], [ -80.379948, 37.888321 ], [ -80.379971, 37.888371 ], [ -80.37999, 37.888353 ], [ -80.380032, 37.888338 ], [ -80.380066, 37.888307 ], [ -80.380083, 37.888241 ], [ -80.380114, 37.888191 ], [ -80.38011, 37.888182 ], [ -80.38013, 37.888165 ], [ -80.380169, 37.888164 ], [ -80.380178, 37.888169 ], [ -80.380175, 37.888209 ], [ -80.380145, 37.888218 ], [ -80.380136, 37.888236 ], [ -80.380152, 37.888247 ], [ -80.380174, 37.888289 ], [ -80.380208, 37.888274 ], [ -80.380206, 37.888255 ], [ -80.380228, 37.888241 ], [ -80.380232, 37.888219 ], [ -80.380226, 37.88821 ], [ -80.380234, 37.888201 ], [ -80.380239, 37.888174 ], [ -80.380278, 37.888157 ], [ -80.380289, 37.888162 ], [ -80.380334, 37.888156 ], [ -80.380364, 37.888161 ], [ -80.380389, 37.888184 ], [ -80.380369, 37.888192 ], [ -80.380394, 37.888211 ], [ -80.38039, 37.888215 ], [ -80.380419, 37.888216 ], [ -80.380453, 37.888231 ], [ -80.380476, 37.888263 ], [ -80.380486, 37.888256 ], [ -80.380489, 37.888238 ], [ -80.38051, 37.888237 ], [ -80.38051, 37.888265 ], [ -80.380492, 37.888274 ], [ -80.380492, 37.888304 ], [ -80.380405, 37.888314 ], [ -80.380403, 37.888359 ], [ -80.38042, 37.888373 ], [ -80.380411, 37.888382 ], [ -80.380406, 37.88842 ], [ -80.380343, 37.888427 ], [ -80.380321, 37.888435 ], [ -80.380303, 37.888472 ], [ -80.380292, 37.888478 ], [ -80.380289, 37.888512 ], [ -80.380269, 37.888534 ], [ -80.380206, 37.888537 ], [ -80.380172, 37.888544 ], [ -80.380167, 37.888611 ], [ -80.380136, 37.88866 ], [ -80.380135, 37.888719 ], [ -80.380145, 37.888732 ], [ -80.38015, 37.888755 ], [ -80.380143, 37.888777 ], [ -80.380152, 37.888795 ], [ -80.380138, 37.888804 ], [ -80.380131, 37.888831 ], [ -80.380053, 37.888862 ], [ -80.380044, 37.888896 ], [ -80.380027, 37.8889 ], [ -80.37998, 37.888898 ], [ -80.37997, 37.888883 ], [ -80.379936, 37.888871 ], [ -80.379908, 37.888872 ], [ -80.379891, 37.888884 ], [ -80.379879, 37.888873 ], [ -80.379874, 37.888893 ], [ -80.379835, 37.888929 ], [ -80.379831, 37.888944 ] ] } },
{ "type": "Feature", "properties": { "ID": 222, "elev": 684.0 }, "geometry": { "type": "LineString", "coordinates": [ [ -80.379618, 37.887493 ], [ -80.379618, 37.887495 ], [ -80.379624, 37.887496 ], [ -80.379624, 37.887493 ], [ -80.379618, 37.887493 ] ] } },
{ "type": "Feature", "properties": { "ID": 223, "elev": 698.0 }, "geometry": { "type": "LineString", "coordinates": [ [ -80.38064, 37.887491 ], [ -80.380709, 37.887509 ], [ -80.380726, 37.887536 ], [ -80.38074, 37.887546 ], [ -80.380726, 37.887569 ], [ -80.380726, 37.887585 ], [ -80.380731, 37.887607 ], [ -80.380748, 37.887616 ], [ -80.380749, 37.887636 ], [ -80.380744, 37.887645 ], [ -80.38072, 37.887652 ], [ -80.380697, 37.887672 ], [ -80.380685, 37.887673 ], [ -80.380663, 37.88766 ], [ -80.380628, 37.88768 ], [ -80.380623, 37.88768 ], [ -80.380623, 37.887666 ], [ -80.380612, 37.887652 ], [ -80.380544, 37.887621 ], [ -80.380541, 37.887576 ], [ -80.380563, 37.88754 ], [ -80.380584, 37.887531 ], [ -80.380583, 37.887513 ], [ -80.38059, 37.887505 ], [ -80.380624, 37.887501 ], [ -80.38064, 37.887491 ] ] } },
{ "type": "Feature", "properties": { "ID": 224, "elev": 696.0 }, "geometry": { "type": "LineString", "coordinates": [ [ -80.380646, 37.887473 ], [ -80.38067, 37.88748 ], [ -80.380691, 37.887496 ], [ -80.380721, 37.887502 ], [ -80.380726, 37.887525 ], [ -80.380752, 37.887541 ], [ -80.380755, 37.887586 ], [ -80.380772, 37.887618 ], [ -80.38076, 37.887658 ], [ -80.380714, 37.887685 ], [ -80.380691, 37.887689 ], [ -80.380663, 37.887673 ], [ -80.380628, 37.887687 ], [ -80.380611, 37.887685 ], [ -80.380589, 37.887678 ], [ -80.380566, 37.887658 ], [ -80.380538, 37.887665 ], [ -80.380526, 37.887654 ], [ -80.380504, 37.88767 ], [ -80.380503, 37.887675 ], [ -80.380515, 37.887678 ], [ -80.380512, 37.887684 ], [ -80.380464, 37.887682 ], [ -80.380464, 37.887666 ], [ -80.380509, 37.887648 ], [ -80.380496, 37.887616 ], [ -80.380506, 37.887607 ], [ -80.380497, 37.887571 ], [ -80.380503, 37.887535 ], [ -80.38054, 37.887526 ], [ -80.380525, 37.887517 ], [ -80.380537, 37.887508 ], [ -80.380606, 37.887495 ], [ -80.380646, 37.887473 ] ] } },
{ "type": "Feature", "properties": { "ID": 225, "elev": 690.0 }, "geometry": { "type": "LineString", "coordinates": [ [ -80.378076, 37.887446 ], [ -80.378079, 37.887446 ], [ -80.378077, 37.887448 ], [ -80.378076, 37.887446 ] ] } },
{ "type": "Feature", "properties": { "ID": 226, "elev": 694.0 }, "geometry": { "type": "LineString", "coordinates": [ [ -80.380641, 37.887459 ], [ -80.380681, 37.887464 ], [ -80.380715, 37.887478 ], [ -80.380727, 37.887505 ], [ -80.380771, 37.887546 ], [ -80.380768, 37.887564 ], [ -80.380791, 37.887618 ], [ -80.38076, 37.887672 ], [ -80.380766, 37.887699 ], [ -80.380777, 37.887712 ], [ -80.38077, 37.887729 ], [ -80.380736, 37.887739 ], [ -80.380708, 37.887739 ], [ -80.380675, 37.887725 ], [ -80.380661, 37.887698 ], [ -80.380617, 37.88769 ], [ -80.380583, 37.887702 ], [ -80.380575, 37.887716 ], [ -80.380588, 37.887719 ], [ -80.380588, 37.887724 ], [ -80.380537, 37.887713 ], [ -80.380514, 37.887737 ], [ -80.380484, 37.88772 ], [ -80.38047, 37.887693 ], [ -80.380433, 37.887688 ], [ -80.380418, 37.887667 ], [ -80.380401, 37.887681 ], [ -80.380387, 37.887679 ], [ -80.380391, 37.887656 ], [ -80.380407, 37.887654 ], [ -80.380418, 37.88766 ], [ -80.380433, 37.887652 ], [ -80.380424, 37.88763 ], [ -80.380441, 37.887631 ], [ -80.380446, 37.887603 ], [ -80.380459, 37.887592 ], [ -80.380476, 37.887589 ], [ -80.380481, 37.887571 ], [ -80.380475, 37.887549 ], [ -80.380493, 37.887531 ], [ -80.380486, 37.887517 ], [ -80.38049, 37.887513 ], [ -80.380528, 37.887502 ], [ -80.380579, 37.887498 ], [ -80.3806, 37.887477 ], [ -80.380641, 37.887459 ] ] } },
{ "type": "Feature", "properties": { "ID": 227, "elev": 692.0 }, "geometry": { "type": "LineString", "coordinates": [ [ -80.380646, 37.887428 ], [ -80.380676, 37.887427 ], [ -80.380687, 37.887432 ], [ -80.380688, 37.887446 ], [ -80.380722, 37.887473 ], [ -80.380727, 37.887498 ], [ -80.380762, 37.88751 ], [ -80.380794, 37.887564 ], [ -80.380817, 37.887585 ], [ -80.380817, 37.887614 ], [ -80.380799, 37.887636 ], [ -80.380804, 37.887659 ], [ -80.380789, 37.887681 ], [ -80.380789, 37.887726 ], [ -80.38077, 37.887748 ], [ -80.380747, 37.887762 ], [ -80.380719, 37.887765 ], [ -80.380713, 37.887754 ], [ -80.380702, 37.887752 ], [ -80.38065, 37.887779 ], [ -80.380627, 37.887775 ], [ -80.380622, 37.887755 ], [ -80.380611, 37.887742 ], [ -80.380588, 37.887757 ], [ -80.380549, 37.887752 ], [ -80.380546, 37.88777 ], [ -80.380531, 37.88778 ], [ -80.380497, 37.887784 ], [ -80.380474, 37.887774 ], [ -80.380451, 37.887796 ], [ -80.380449, 37.887832 ], [ -80.380439, 37.887848 ], [ -80.380434, 37.887847 ], [ -80.380421, 37.88781 ], [ -80.380421, 37.887783 ], [ -80.380404, 37.887756 ], [ -80.3804, 37.887733 ], [ -80.380429, 37.887735 ], [ -80.380446, 37.887748 ], [ -80.38046, 37.887747 ], [ -80.380466, 37.887742 ], [ -80.380463, 37.887698 ], [ -80.380406, 37.887708 ], [ -80.380401, 37.887693 ], [ -80.380378, 37.887688 ], [ -80.380371, 37.887674 ], [ -80.3804, 37.887652 ], [ -80.380413, 37.887629 ], [ -80.380433, 37.887621 ], [ -80.380436, 37.887586 ], [ -80.380464, 37.887558 ], [ -80.380463, 37.887535 ], [ -80.380453, 37.887517 ], [ -80.380465, 37.887496 ], [ -80.380476, 37.887492 ], [ -80.380516, 37.887498 ], [ -80.380523, 37.887495 ], [ -80.380522, 37.887481 ], [ -80.380539, 37.887486 ], [ -80.380579, 37.887475 ], [ -80.38063, 37.887453 ], [ -80.380646, 37.887428 ] ] } },
{ "type": "Feature", "properties": { "ID": 228, "elev": 690.0 }, "geometry": { "type": "LineString", "coordinates": [ [ -80.380647, 37.887423 ], [ -80.380676, 37.887423 ], [ -80.380691, 37.887428 ], [ -80.380693, 37.887445 ], [ -80.380711, 37.887464 ], [ -80.380751, 37.887496 ], [ -80.380784, 37.887505 ], [ -80.380795, 37.887537 ], [ -80.380823, 37.887567 ], [ -80.380827, 37.887609 ], [ -80.380834, 37.887618 ], [ -80.380834, 37.887663 ], [ -80.380803, 37.887713 ], [ -80.380812, 37.887731 ], [ -80.380798, 37.887735 ], [ -80.380774, 37.887757 ], [ -80.380781, 37.887764 ], [ -80.380813, 37.887767 ], [ -80.380798, 37.887787 ], [ -80.38077, 37.88779 ], [ -80.380764, 37.887798 ], [ -80.380751, 37.887784 ], [ -80.380755, 37.88778 ], [ -80.380741, 37.88777 ], [ -80.380696, 37.88778 ], [ -80.380673, 37.887792 ], [ -80.380628, 37.88779 ], [ -80.3806, 37.887766 ], [ -80.380582, 37.887769 ], [ -80.380565, 37.887778 ], [ -80.380568, 37.887801 ], [ -80.380559, 37.88781 ], [ -80.380527, 37.887815 ], [ -80.380514, 37.887833 ], [ -80.380488, 37.887846 ], [ -80.380496, 37.887855 ], [ -80.380515, 37.88786 ], [ -80.380541, 37.887898 ], [ -80.380553, 37.887894 ], [ -80.38057, 37.887907 ], [ -80.380609, 37.887917 ], [ -80.380643, 37.887922 ], [ -80.380661, 37.887915 ], [ -80.380656, 37.887897 ], [ -80.380618, 37.887883 ], [ -80.380615, 37.887877 ], [ -80.380644, 37.887875 ], [ -80.380695, 37.887861 ], [ -80.380701, 37.88787 ], [ -80.380723, 37.887877 ], [ -80.380735, 37.887888 ], [ -80.380735, 37.887908 ], [ -80.380701, 37.88791 ], [ -80.380735, 37.887913 ], [ -80.380734, 37.88792 ], [ -80.380695, 37.887922 ], [ -80.380692, 37.887928 ], [ -80.380692, 37.887969 ], [ -80.380711, 37.888001 ], [ -80.380705, 37.888014 ], [ -80.380716, 37.888037 ], [ -80.380745, 37.888064 ], [ -80.38071, 37.888075 ], [ -80.380631, 37.888073 ], [ -80.380612, 37.888068 ], [ -80.380604, 37.888022 ], [ -80.380615, 37.888005 ], [ -80.380615, 37.887954 ], [ -80.380541, 37.887983 ], [ -80.380512, 37.887962 ], [ -80.380484, 37.88795 ], [ -80.380473, 37.887957 ], [ -80.380436, 37.887963 ], [ -80.380404, 37.887991 ], [ -80.380393, 37.887971 ], [ -80.380381, 37.887978 ], [ -80.380364, 37.887976 ], [ -80.380285, 37.887944 ], [ -80.380289, 37.887935 ], [ -80.380319, 37.887936 ], [ -80.380333, 37.887926 ], [ -80.380342, 37.887908 ], [ -80.380336, 37.887895 ], [ -80.380349, 37.887881 ], [ -80.380343, 37.887872 ], [ -80.380356, 37.887859 ], [ -80.380357, 37.887845 ], [ -80.380385, 37.887823 ], [ -80.380383, 37.887801 ], [ -80.380392, 37.887769 ], [ -80.380376, 37.887746 ], [ -80.380388, 37.887724 ], [ -80.380362, 37.887679 ], [ -80.380396, 37.887652 ], [ -80.380413, 37.887624 ], [ -80.380423, 37.88762 ], [ -80.380431, 37.887562 ], [ -80.380451, 37.887539 ], [ -80.380449, 37.887503 ], [ -80.380464, 37.887481 ], [ -80.380522, 37.887445 ], [ -80.380602, 37.887452 ], [ -80.380636, 37.887425 ], [ -80.380647, 37.887423 ] ] } },
{ "type": "Feature", "properties": { "ID": 229, "elev": 686.0 }, "geometry": { "type": "LineString", "coordinates": [ [ -80.380551, 37.887414 ], [ -80.380536, 37.887418 ], [ -80.380568, 37.887422 ], [ -80.380594, 37.887414 ], [ -80.380551, 37.887414 ] ] } },
{ "type": "Feature", "properties": { "ID": 230, "elev": 688.0 }, "geometry": { "type": "LineString", "coordinates": [ [ -80.378597, 37.887404 ], [ -80.37861, 37.887404 ], [ -80.378625, 37.887413 ], [ -80.378601, 37.88742 ], [ -80.378597, 37.887404 ] ] } },
{ "type": "Feature", "properties": { "ID": 231, "elev": 690.0 }, "geometry": { "type": "LineString", "coordinates": [ [ -80.377632, 37.887367 ], [ -80.377669, 37.887369 ], [ -80.37768, 37.887374 ], [ -80.377688, 37.887372 ], [ -80.377686, 37.887361 ], [ -80.377703, 37.887362 ], [ -80.377714, 37.887375 ], [ -80.377731, 37.887358 ], [ -80.377748, 37.887371 ], [ -80.377769, 37.887377 ], [ -80.377771, 37.887387 ], [ -80.377793, 37.88739 ], [ -80.377805, 37.887382 ], [ -80.377828, 37.887381 ], [ -80.377833, 37.887392 ], [ -80.37785, 37.887389 ], [ -80.377884, 37.887405 ], [ -80.377901, 37.887401 ], [ -80.377907, 37.887415 ], [ -80.37793, 37.887409 ], [ -80.377958, 37.887424 ], [ -80.377969, 37.887422 ], [ -80.377974, 37.887432 ], [ -80.377986, 37.887433 ], [ -80.377998, 37.887444 ], [ -80.378009, 37.88744 ], [ -80.378037, 37.887449 ], [ -80.378049, 37.887444 ], [ -80.378077, 37.887455 ], [ -80.378106, 37.887449 ], [ -80.37823, 37.887528 ], [ -80.378247, 37.887533 ], [ -80.378259, 37.887527 ], [ -80.378281, 37.887537 ], [ -80.378331, 37.887578 ], [ -80.378387, 37.88761 ], [ -80.378418, 37.887668 ], [ -80.378445, 37.887691 ], [ -80.378445, 37.887709 ], [ -80.37845, 37.887711 ], [ -80.378473, 37.887698 ], [ -80.378492, 37.887705 ], [ -80.378495, 37.887709 ], [ -80.378475, 37.887727 ], [ -80.378479, 37.887735 ], [ -80.378507, 37.887726 ], [ -80.378564, 37.887663 ], [ -80.378633, 37.887654 ], [ -80.378633, 37.887668 ], [ -80.378599, 37.887678 ], [ -80.378612, 37.887706 ], [ -80.378582, 37.887728 ], [ -80.378586, 37.88776 ], [ -80.378615, 37.887764 ], [ -80.378672, 37.88774 ], [ -80.378689, 37.887737 ], [ -80.378712, 37.887746 ], [ -80.378723, 37.887735 ], [ -80.378736, 37.887742 ], [ -80.378721, 37.887751 ], [ -80.37872, 37.88776 ], [ -80.378757, 37.887765 ], [ -80.378786, 37.887752 ], [ -80.378857, 37.887783 ], [ -80.37885, 37.887797 ], [ -80.37887, 37.887807 ], [ -80.378927, 37.887783 ], [ -80.378973, 37.887783 ], [ -80.378984, 37.887796 ], [ -80.379001, 37.88778 ], [ -80.379035, 37.887777 ], [ -80.379047, 37.887789 ], [ -80.379041, 37.887812 ], [ -80.379064, 37.887817 ], [ -80.379062, 37.887807 ], [ -80.379075, 37.887802 ], [ -80.379092, 37.887805 ], [ -80.379104, 37.8878 ], [ -80.379114, 37.887807 ], [ -80.379112, 37.887816 ], [ -80.379122, 37.887821 ], [ -80.37913, 37.887843 ], [ -80.379145, 37.887848 ], [ -80.379132, 37.887857 ], [ -80.379137, 37.887867 ], [ -80.379172, 37.887826 ], [ -80.379183, 37.887825 ], [ -80.379193, 37.887862 ], [ -80.379213, 37.887898 ], [ -80.379224, 37.887907 ], [ -80.37921, 37.887916 ], [ -80.379233, 37.887914 ], [ -80.379242, 37.88793 ], [ -80.379246, 37.887975 ], [ -80.379284, 37.887989 ], [ -80.379291, 37.888011 ], [ -80.379357, 37.88806 ], [ -80.379403, 37.888074 ], [ -80.379442, 37.888069 ], [ -80.379465, 37.888073 ], [ -80.379516, 37.888065 ], [ -80.379556, 37.888066 ], [ -80.379585, 37.888056 ], [ -80.37963, 37.888055 ], [ -80.379651, 37.888063 ], [ -80.379653, 37.888072 ], [ -80.379683, 37.888081 ], [ -80.379687, 37.888097 ], [ -80.379727, 37.888093 ], [ -80.379812, 37.888128 ], [ -80.379851, 37.888131 ], [ -80.379868, 37.888139 ], [ -80.37988, 37.888154 ], [ -80.379933, 37.888181 ], [ -80.379953, 37.888209 ], [ -80.380049, 37.888261 ], [ -80.380066, 37.888247 ], [ -80.380083, 37.888205 ], [ -80.380078, 37.888193 ], [ -80.380061, 37.888198 ], [ -80.38005, 37.888193 ], [ -80.380042, 37.888173 ], [ -80.380056, 37.888167 ], [ -80.380079, 37.88814 ], [ -80.380118, 37.888149 ], [ -80.38013, 37.888141 ], [ -80.380141, 37.888142 ], [ -80.38017, 37.888113 ], [ -80.380181, 37.888135 ], [ -80.380215, 37.888133 ], [ -80.380225, 37.888142 ], [ -80.380226, 37.888157 ], [ -80.380244, 37.888144 ], [ -80.380283, 37.888136 ], [ -80.380323, 37.888107 ], [ -80.380335, 37.888105 ], [ -80.380403, 37.88812 ], [ -80.380414, 37.888149 ], [ -80.380511, 37.888152 ], [ -80.380522, 37.888171 ], [ -80.380527, 37.888225 ], [ -80.380533, 37.888228 ], [ -80.380539, 37.888189 ], [ -80.380607, 37.888146 ], [ -80.380693, 37.888145 ], [ -80.380713, 37.888154 ], [ -80.380761, 37.888158 ], [ -80.380774, 37.888145 ], [ -80.380807, 37.888135 ], [ -80.380829, 37.888115 ], [ -80.380886, 37.888141 ], [ -80.380903, 37.888117 ], [ -80.381, 37.88811 ], [ -80.381001, 37.888063 ], [ -80.380974, 37.888056 ], [ -80.380962, 37.888038 ], [ -80.380938, 37.888021 ], [ -80.380904, 37.888012 ], [ -80.380887, 37.887979 ], [ -80.380842, 37.887993 ], [ -80.380813, 37.887965 ], [ -80.380794, 37.887956 ], [ -80.380772, 37.887915 ], [ -80.380843, 37.887851 ], [ -80.380877, 37.887843 ], [ -80.380894, 37.887824 ], [ -80.380917, 37.887848 ], [ -80.380949, 37.887849 ], [ -80.380997, 37.887766 ], [ -80.381025, 37.88775 ], [ -80.380998, 37.887727 ], [ -80.381107, 37.887669 ], [ -80.381106, 37.887662 ], [ -80.381066, 37.887651 ], [ -80.381069, 37.887642 ], [ -80.381118, 37.887637 ], [ -80.381157, 37.887653 ], [ -80.381203, 37.887612 ], [ -80.381235, 37.887599 ] ] } },
{ "type": "Feature", "properties": { "ID": 232, "elev": 680.0 }, "geometry": { "type": "LineString", "coordinates": [ [ -80.380404, 37.887359 ], [ -80.380403, 37.887359 ], [ -80.380404, 37.887361 ], [ -80.380404, 37.887359 ], [ -80.380404, 37.887359 ] ] } },
{ "type": "Feature", "properties": { "ID": 233, "elev": 680.0 }, "geometry": { "type": "LineString", "coordinates": [ [ -80.380449, 37.887346 ], [ -80.380449, 37.887346 ], [ -80.38045, 37.887346 ], [ -80.380449, 37.887346 ], [ -80.380449, 37.887346 ] ] } },
{ "type": "Feature", "properties": { "ID": 234, "elev": 680.0 }, "geometry": { "type": "LineString", "coordinates": [ [ -80.380296, 37.887303 ], [ -80.380295, 37.887304 ], [ -80.380296, 37.887309 ], [ -80.380298, 37.887304 ], [ -80.380296, 37.887303 ] ] } },
{ "type": "Feature", "properties": { "ID": 235, "elev": 680.0 }, "geometry": { "type": "LineString", "coordinates": [ [ -80.380563, 37.887296 ], [ -80.380564, 37.887306 ], [ -80.380569, 37.887312 ], [ -80.380569, 37.887298 ], [ -80.380563, 37.887296 ] ] } },
{ "type": "Feature", "properties": { "ID": 236, "elev": 680.0 }, "geometry": { "type": "LineString", "coordinates": [ [ -80.380285, 37.88729 ], [ -80.380283, 37.887291 ], [ -80.380285, 37.887292 ], [ -80.380287, 37.887291 ], [ -80.380285, 37.88729 ] ] } },
{ "type": "Feature", "properties": { "ID": 237, "elev": 670.0 }, "geometry": { "type": "LineString", "coordinates": [ [ -80.380979, 37.887289 ], [ -80.380968, 37.887412 ], [ -80.380953, 37.887443 ], [ -80.380977, 37.887459 ], [ -80.38099, 37.887448 ], [ -80.381011, 37.887443 ], [ -80.380987, 37.887403 ], [ -80.380982, 37.88733 ], [ -80.380986, 37.887317 ], [ -80.380979, 37.887289 ] ] } },
{ "type": "Feature", "properties": { "ID": 238, "elev": 680.0 }, "geometry": { "type": "LineString", "coordinates": [ [ -80.380768, 37.887277 ], [ -80.380767, 37.88728 ], [ -80.38077, 37.88728 ], [ -80.380768, 37.887277 ] ] } },
{ "type": "Feature", "properties": { "ID": 239, "elev": 686.0 }, "geometry": { "type": "LineString", "coordinates": [ [ -80.378714, 37.887269 ], [ -80.378716, 37.887268 ], [ -80.378716, 37.887272 ], [ -80.378714, 37.887269 ] ] } },
{ "type": "Feature", "properties": { "ID": 240, "elev": 688.0 }, "geometry": { "type": "LineString", "coordinates": [ [ -80.377994, 37.887263 ], [ -80.377992, 37.887265 ], [ -80.377994, 37.887266 ], [ -80.377994, 37.887265 ], [ -80.377994, 37.887263 ] ] } },
{ "type": "Feature", "properties": { "ID": 241, "elev": 680.0 }, "geometry": { "type": "LineString", "coordinates": [ [ -80.380228, 37.887263 ], [ -80.380226, 37.887268 ], [ -80.380228, 37.887277 ], [ -80.380236, 37.887268 ], [ -80.380228, 37.887263 ] ] } },
{ "type": "Feature", "properties": { "ID": 242, "elev": 688.0 }, "geometry": { "type": "LineString", "coordinates": [ [ -80.377971, 37.887245 ], [ -80.377971, 37.887247 ], [ -80.377971, 37.887247 ], [ -80.377971, 37.887247 ], [ -80.377971, 37.887245 ] ] } },
{ "type": "Feature", "properties": { "ID": 243, "elev": 688.0 }, "geometry": { "type": "LineString", "coordinates": [ [ -80.37792, 37.887234 ], [ -80.377918, 37.887238 ], [ -80.377923, 37.887238 ], [ -80.37792, 37.887234 ] ] } },
{ "type": "Feature", "properties": { "ID": 244, "elev": 686.0 }, "geometry": { "type": "LineString", "coordinates": [ [ -80.3785, 37.887229 ], [ -80.378498, 37.887232 ], [ -80.3785, 37.887234 ], [ -80.378504, 37.887232 ], [ -80.3785, 37.887229 ] ] } },
{ "type": "Feature", "properties": { "ID": 245, "elev": 682.0 }, "geometry": { "type": "LineString", "coordinates": [ [ -80.380544, 37.887238 ], [ -80.380558, 37.887235 ], [ -80.380569, 37.887247 ], [ -80.380566, 37.887252 ], [ -80.380541, 37.887249 ], [ -80.380544, 37.887238 ] ] } },
{ "type": "Feature", "properties": { "ID": 246, "elev": 672.0 }, "geometry": { "type": "LineString", "coordinates": [ [ -80.380999, 37.887235 ], [ -80.380996, 37.887229 ] ] } },
{ "type": "Feature", "properties": { "ID": 247, "elev": 672.0 }, "geometry": { "type": "LineString", "coordinates": [ [ -80.380976, 37.887209 ], [ -80.380966, 37.887388 ], [ -80.380934, 37.887443 ], [ -80.380966, 37.88746 ], [ -80.380977, 37.887486 ], [ -80.380988, 37.887465 ], [ -80.381013, 37.887448 ], [ -80.381053, 37.887444 ], [ -80.381027, 37.887434 ], [ -80.381041, 37.887421 ], [ -80.381037, 37.887412 ], [ -80.381018, 37.887392 ], [ -80.380995, 37.887384 ], [ -80.380989, 37.887362 ], [ -80.380991, 37.887326 ], [ -80.381044, 37.887305 ] ] } },
{ "type": "Feature", "properties": { "ID": 248, "elev": 674.0 }, "geometry": { "type": "LineString", "coordinates": [ [ -80.380976, 37.887205 ], [ -80.380969, 37.887209 ], [ -80.380961, 37.88736 ], [ -80.380932, 37.887384 ], [ -80.380922, 37.887416 ], [ -80.380924, 37.887434 ], [ -80.380913, 37.887443 ], [ -80.380934, 37.887447 ], [ -80.380943, 37.887459 ], [ -80.380966, 37.887471 ], [ -80.380977, 37.887514 ], [ -80.380994, 37.887481 ], [ -80.381022, 37.887466 ], [ -80.38104, 37.887448 ], [ -80.38111, 37.887444 ], [ -80.381084, 37.887435 ], [ -80.381079, 37.887394 ], [ -80.381058, 37.887363 ], [ -80.381029, 37.887344 ], [ -80.380995, 37.887332 ], [ -80.381044, 37.887308 ] ] } },
{ "type": "Feature", "properties": { "ID": 249, "elev": 678.0 }, "geometry": { "type": "LineString", "coordinates": [ [ -80.380331, 37.887193 ], [ -80.380331, 37.887207 ], [ -80.380355, 37.887201 ], [ -80.380342, 37.887201 ], [ -80.380331, 37.887193 ] ] } },
{ "type": "Feature", "properties": { "ID": 250, "elev": 688.0 }, "geometry": { "type": "LineString", "coordinates": [ [ -80.377665, 37.887155 ], [ -80.377665, 37.887155 ], [ -80.377667, 37.887155 ], [ -80.377665, 37.887155 ] ] } },
{ "type": "Feature", "properties": { "ID": 251, "elev": 688.0 }, "geometry": { "type": "LineString", "coordinates": [ [ -80.377697, 37.887124 ], [ -80.377699, 37.887122 ], [ -80.377706, 37.887124 ], [ -80.377699, 37.887126 ], [ -80.377697, 37.887124 ] ] } },
{ "type": "Feature", "properties": { "ID": 252, "elev": 678.0 }, "geometry": { "type": "LineString", "coordinates": [ [ -80.380569, 37.887135 ], [ -80.380576, 37.88713 ], [ -80.38058, 37.887135 ], [ -80.38057, 37.887139 ], [ -80.380569, 37.887135 ] ] } },
{ "type": "Feature", "properties": { "ID": 253, "elev": 688.0 }, "geometry": { "type": "LineString", "coordinates": [ [ -80.377738, 37.88712 ], [ -80.377739, 37.887118 ], [ -80.37774, 37.88712 ], [ -80.377739, 37.887121 ], [ -80.377738, 37.88712 ] ] } },
{ "type": "Feature", "properties": { "ID": 254, "elev": 688.0 }, "geometry": { "type": "LineString", "coordinates": [ [ -80.377709, 37.887106 ], [ -80.377714, 37.88711 ], [ -80.377711, 37.887112 ], [ -80.377706, 37.88711 ], [ -80.377709, 37.887106 ] ] } },
{ "type": "Feature", "properties": { "ID": 255, "elev": 680.0 }, "geometry": { "type": "LineString", "coordinates": [ [ -80.379595, 37.887111 ], [ -80.379615, 37.887111 ], [ -80.379639, 37.887116 ], [ -80.379621, 37.887126 ], [ -80.379598, 37.887123 ], [ -80.379595, 37.887111 ] ] } },
{ "type": "Feature", "properties": { "ID": 256, "elev": 684.0 }, "geometry": { "type": "LineString", "coordinates": [ [ -80.378859, 37.887096 ], [ -80.378855, 37.887098 ], [ -80.378859, 37.887105 ], [ -80.378863, 37.887098 ], [ -80.378859, 37.887096 ] ] } },
{ "type": "Feature", "properties": { "ID": 257, "elev": 684.0 }, "geometry": { "type": "LineString", "coordinates": [ [ -80.378905, 37.887089 ], [ -80.3789, 37.887099 ], [ -80.378922, 37.8871 ], [ -80.378922, 37.887093 ], [ -80.378905, 37.887089 ] ] } },
{ "type": "Feature", "properties": { "ID": 258, "elev": 688.0 }, "geometry": { "type": "LineString", "coordinates": [ [ -80.377628, 37.887083 ], [ -80.377665, 37.887079 ], [ -80.377659, 37.88707 ], [ -80.377665, 37.887069 ], [ -80.377677, 37.887077 ], [ -80.377689, 37.887101 ], [ -80.377682, 37.887115 ], [ -80.37769, 37.887137 ], [ -80.377676, 37.887153 ], [ -80.377693, 37.887154 ], [ -80.377704, 37.887164 ], [ -80.377721, 37.887166 ], [ -80.377737, 37.887165 ], [ -80.377739, 37.887156 ], [ -80.377756, 37.88716 ], [ -80.377744, 37.887165 ], [ -80.377752, 37.887174 ], [ -80.37775, 37.887186 ], [ -80.377767, 37.887174 ], [ -80.377806, 37.887207 ], [ -80.377812, 37.8872 ], [ -80.377835, 37.887205 ], [ -80.377842, 37.887215 ], [ -80.377869, 37.887226 ], [ -80.377897, 37.887221 ], [ -80.377926, 37.887237 ], [ -80.377954, 37.887233 ], [ -80.377965, 37.887242 ], [ -80.377994, 37.887237 ], [ -80.378002, 37.887243 ], [ -80.378005, 37.887258 ], [ -80.378018, 37.887256 ], [ -80.378017, 37.887274 ], [ -80.378027, 37.887288 ], [ -80.378041, 37.887292 ], [ -80.378044, 37.887302 ], [ -80.378084, 37.887296 ], [ -80.378095, 37.887302 ], [ -80.378092, 37.887311 ], [ -80.378107, 37.88732 ], [ -80.378112, 37.887333 ], [ -80.378124, 37.887332 ], [ -80.378141, 37.887343 ], [ -80.378164, 37.887334 ], [ -80.378181, 37.887344 ], [ -80.378192, 37.88734 ], [ -80.378215, 37.887355 ], [ -80.378237, 37.887353 ], [ -80.378265, 37.887381 ], [ -80.378305, 37.887394 ], [ -80.378322, 37.887384 ], [ -80.37838, 37.887416 ], [ -80.378409, 37.887416 ], [ -80.378413, 37.887424 ], [ -80.378436, 37.887434 ], [ -80.378436, 37.887443 ], [ -80.378453, 37.887445 ], [ -80.378464, 37.887435 ], [ -80.378475, 37.887436 ], [ -80.378481, 37.887439 ], [ -80.378483, 37.887439 ], [ -80.378479, 37.88743 ], [ -80.37849, 37.88743 ], [ -80.378496, 37.887453 ], [ -80.378509, 37.887463 ], [ -80.378521, 37.88745 ], [ -80.378537, 37.887453 ], [ -80.378533, 37.887466 ], [ -80.37856, 37.887502 ], [ -80.378572, 37.887496 ], [ -80.378583, 37.887465 ], [ -80.3786, 37.887467 ], [ -80.378613, 37.887476 ], [ -80.378608, 37.887489 ], [ -80.378626, 37.887498 ], [ -80.37863, 37.887512 ], [ -80.378625, 37.887539 ], [ -80.378637, 37.887552 ], [ -80.378638, 37.88757 ], [ -80.37865, 37.887594 ], [ -80.378684, 37.887597 ], [ -80.378724, 37.887591 ], [ -80.378764, 37.887592 ], [ -80.378793, 37.887596 ], [ -80.378815, 37.887606 ], [ -80.378858, 37.887603 ], [ -80.378843, 37.887618 ], [ -80.378815, 37.88762 ], [ -80.378807, 37.887625 ], [ -80.378808, 37.887657 ], [ -80.378824, 37.887666 ], [ -80.378826, 37.887674 ], [ -80.378849, 37.887672 ], [ -80.378854, 37.887663 ], [ -80.378889, 37.887653 ], [ -80.378906, 37.88764 ], [ -80.378922, 37.887649 ], [ -80.378942, 37.887685 ], [ -80.378921, 37.887703 ], [ -80.378922, 37.887712 ], [ -80.378931, 37.887712 ], [ -80.378945, 37.887694 ], [ -80.378951, 37.887703 ], [ -80.378962, 37.887699 ], [ -80.378974, 37.887704 ], [ -80.378974, 37.887687 ], [ -80.378991, 37.887693 ], [ -80.378996, 37.887683 ], [ -80.379017, 37.887703 ], [ -80.379036, 37.887704 ], [ -80.379053, 37.887719 ], [ -80.379116, 37.887726 ], [ -80.379189, 37.88772 ], [ -80.379221, 37.887727 ], [ -80.379227, 37.88774 ], [ -80.379211, 37.887745 ], [ -80.37921, 37.887754 ], [ -80.379235, 37.887754 ], [ -80.379252, 37.887767 ], [ -80.379257, 37.887762 ], [ -80.37926, 37.887768 ], [ -80.379249, 37.887772 ], [ -80.379269, 37.887781 ], [ -80.379269, 37.887766 ], [ -80.379294, 37.887777 ], [ -80.379285, 37.887786 ], [ -80.379296, 37.887795 ], [ -80.37929, 37.887813 ], [ -80.379315, 37.887808 ], [ -80.379345, 37.88784 ], [ -80.379342, 37.887861 ], [ -80.379395, 37.887899 ], [ -80.379393, 37.887935 ], [ -80.379386, 37.887944 ], [ -80.379394, 37.887953 ], [ -80.379373, 37.88798 ], [ -80.379375, 37.88799 ], [ -80.379392, 37.887996 ], [ -80.379426, 37.887992 ], [ -80.379432, 37.887986 ], [ -80.379443, 37.887999 ], [ -80.379454, 37.887998 ], [ -80.379477, 37.887971 ], [ -80.379512, 37.887953 ], [ -80.379563, 37.887943 ], [ -80.379586, 37.887946 ], [ -80.379591, 37.887955 ], [ -80.379614, 37.887956 ], [ -80.379665, 37.887944 ], [ -80.379734, 37.887938 ], [ -80.379773, 37.887959 ], [ -80.37979, 37.887982 ], [ -80.379824, 37.88796 ], [ -80.37985, 37.887978 ], [ -80.379851, 37.887996 ], [ -80.379894, 37.887996 ], [ -80.379948, 37.888046 ], [ -80.379983, 37.888058 ], [ -80.380011, 37.888081 ], [ -80.380056, 37.888101 ], [ -80.380062, 37.888131 ], [ -80.380102, 37.888123 ], [ -80.380108, 37.888105 ], [ -80.380147, 37.888086 ], [ -80.380159, 37.888052 ], [ -80.380185, 37.888025 ], [ -80.380184, 37.888007 ], [ -80.380199, 37.887975 ], [ -80.380217, 37.88797 ], [ -80.380231, 37.887939 ], [ -80.38024, 37.887935 ], [ -80.380257, 37.887946 ], [ -80.380268, 37.887944 ], [ -80.380279, 37.887931 ], [ -80.380324, 37.887908 ], [ -80.380339, 37.887881 ], [ -80.380319, 37.88785 ], [ -80.380363, 37.887814 ], [ -80.380369, 37.8878 ], [ -80.380368, 37.887773 ], [ -80.380357, 37.887751 ], [ -80.380379, 37.887719 ], [ -80.380358, 37.887679 ], [ -80.380379, 37.887656 ], [ -80.380396, 37.887649 ], [ -80.38042, 37.887602 ], [ -80.380419, 37.887595 ], [ -80.380405, 37.887589 ], [ -80.380393, 37.887562 ], [ -80.380408, 37.887547 ], [ -80.380431, 37.887546 ], [ -80.380443, 37.887517 ], [ -80.380434, 37.887499 ], [ -80.380454, 37.887476 ], [ -80.380522, 37.887434 ], [ -80.38054, 37.887428 ], [ -80.380574, 37.887427 ], [ -80.380602, 37.887432 ], [ -80.380621, 37.887419 ], [ -80.380623, 37.887405 ], [ -80.380642, 37.887398 ], [ -80.380671, 37.8874 ], [ -80.380693, 37.887426 ], [ -80.38071, 37.887425 ], [ -80.380767, 37.887404 ], [ -80.380783, 37.887406 ], [ -80.380783, 37.88742 ], [ -80.380766, 37.887433 ], [ -80.380713, 37.887442 ], [ -80.380727, 37.887464 ], [ -80.380778, 37.887478 ], [ -80.380792, 37.887496 ], [ -80.380812, 37.887503 ], [ -80.380809, 37.887537 ], [ -80.380825, 37.887555 ], [ -80.380838, 37.887614 ], [ -80.380865, 37.887627 ], [ -80.38084, 37.88765 ], [ -80.380851, 37.887659 ], [ -80.380839, 37.887673 ], [ -80.380838, 37.887695 ], [ -80.38082, 37.887704 ], [ -80.380816, 37.887717 ], [ -80.380828, 37.887726 ], [ -80.380838, 37.887749 ], [ -80.380871, 37.887758 ], [ -80.380866, 37.887785 ], [ -80.380872, 37.887797 ], [ -80.380912, 37.88779 ], [ -80.380918, 37.887771 ], [ -80.380936, 37.887781 ], [ -80.380952, 37.887799 ], [ -80.380929, 37.887812 ], [ -80.38094, 37.88782 ], [ -80.380966, 37.887799 ], [ -80.380973, 37.887768 ], [ -80.380992, 37.88775 ], [ -80.380998, 37.887723 ], [ -80.38109, 37.887674 ], [ -80.381086, 37.887669 ], [ -80.380987, 37.88766 ], [ -80.380985, 37.887641 ], [ -80.380996, 37.887601 ], [ -80.381044, 37.887635 ], [ -80.381118, 37.887634 ], [ -80.381152, 37.887648 ], [ -80.381223, 37.887586 ] ] } },
{ "type": "Feature", "properties": { "ID": 259, "elev": 680.0 }, "geometry": { "type": "LineString", "coordinates": [ [ -80.380627, 37.887081 ], [ -80.380668, 37.887081 ], [ -80.380679, 37.887086 ], [ -80.380639, 37.88709 ], [ -80.380656, 37.887099 ], [ -80.380645, 37.887112 ], [ -80.380627, 37.887115 ], [ -80.380619, 37.887108 ], [ -80.380627, 37.887081 ] ] } },
{ "type": "Feature", "properties": { "ID": 260, "elev": 684.0 }, "geometry": { "type": "LineString", "coordinates": [ [ -80.379045, 37.887072 ], [ -80.379047, 37.88707 ], [ -80.379051, 37.887072 ], [ -80.379047, 37.887073 ], [ -80.379045, 37.887072 ] ] } },
{ "type": "Feature", "properties": { "ID": 261, "elev": 682.0 }, "geometry": { "type": "LineString", "coordinates": [ [ -80.380217, 37.88707 ], [ -80.380223, 37.887083 ], [ -80.380213, 37.887088 ], [ -80.380206, 37.887083 ], [ -80.380217, 37.88707 ] ] } },
{ "type": "Feature", "properties": { "ID": 262, "elev": 678.0 }, "geometry": { "type": "LineString", "coordinates": [ [ -80.380474, 37.887062 ], [ -80.380463, 37.887069 ], [ -80.380446, 37.887068 ], [ -80.380437, 37.887075 ], [ -80.380446, 37.887129 ], [ -80.380416, 37.887152 ], [ -80.380425, 37.887179 ], [ -80.380411, 37.887201 ], [ -80.380431, 37.887215 ], [ -80.380462, 37.887218 ], [ -80.380501, 37.887232 ], [ -80.380528, 37.887206 ], [ -80.380583, 37.887193 ], [ -80.380553, 37.887181 ], [ -80.38053, 37.887195 ], [ -80.380525, 37.887179 ], [ -80.380533, 37.887166 ], [ -80.380547, 37.887162 ], [ -80.380559, 37.887167 ], [ -80.380593, 37.887143 ], [ -80.38061, 37.887139 ], [ -80.380615, 37.88713 ], [ -80.380605, 37.887119 ], [ -80.380593, 37.887117 ], [ -80.380576, 37.887125 ], [ -80.380495, 37.887094 ], [ -80.380474, 37.887062 ] ] } },
{ "type": "Feature", "properties": { "ID": 263, "elev": 684.0 }, "geometry": { "type": "LineString", "coordinates": [ [ -80.379007, 37.88705 ], [ -80.379019, 37.887053 ], [ -80.379034, 37.887068 ], [ -80.379007, 37.887086 ], [ -80.378998, 37.887063 ], [ -80.379007, 37.88705 ] ] } },
{ "type": "Feature", "properties": { "ID": 264, "elev": 684.0 }, "geometry": { "type": "LineString", "coordinates": [ [ -80.378947, 37.887045 ], [ -80.378962, 37.887043 ], [ -80.378958, 37.887058 ], [ -80.378942, 37.887058 ], [ -80.378947, 37.887045 ] ] } },
{ "type": "Feature", "properties": { "ID": 265, "elev": 676.0 }, "geometry": { "type": "LineString", "coordinates": [ [ -80.380759, 37.887044 ], [ -80.380742, 37.887063 ], [ -80.380707, 37.887073 ], [ -80.380707, 37.887086 ], [ -80.380724, 37.887087 ], [ -80.380747, 37.887072 ], [ -80.38077, 37.887084 ], [ -80.380787, 37.887077 ], [ -80.380759, 37.887044 ] ] } },
{ "type": "Feature", "properties": { "ID": 266, "elev": 676.0 }, "geometry": { "type": "LineString", "coordinates": [ [ -80.380864, 37.887035 ], [ -80.38085, 37.887055 ], [ -80.380787, 37.887077 ], [ -80.380832, 37.887131 ], [ -80.380819, 37.887194 ], [ -80.380833, 37.887204 ], [ -80.380831, 37.887217 ], [ -80.380858, 37.887235 ], [ -80.380905, 37.887335 ], [ -80.380894, 37.887398 ], [ -80.380905, 37.887416 ], [ -80.380905, 37.887434 ], [ -80.380892, 37.887443 ], [ -80.380918, 37.887447 ], [ -80.380928, 37.887465 ], [ -80.38096, 37.887477 ], [ -80.380976, 37.887537 ], [ -80.380994, 37.887504 ], [ -80.381039, 37.887483 ], [ -80.381075, 37.887448 ], [ -80.381134, 37.887442 ] ] } },
{ "type": "Feature", "properties": { "ID": 267, "elev": 678.0 }, "geometry": { "type": "LineString", "coordinates": [ [ -80.380849, 37.887017 ], [ -80.380833, 37.887041 ], [ -80.380799, 37.887059 ], [ -80.380765, 37.887037 ], [ -80.380736, 37.88703 ], [ -80.38071, 37.887032 ], [ -80.380694, 37.88705 ], [ -80.380697, 37.88709 ], [ -80.380708, 37.887104 ], [ -80.380693, 37.887126 ], [ -80.380707, 37.887143 ], [ -80.380718, 37.88714 ], [ -80.380724, 37.887122 ], [ -80.380736, 37.887115 ], [ -80.380752, 37.887127 ], [ -80.380789, 37.887136 ], [ -80.380797, 37.887194 ], [ -80.380813, 37.887203 ], [ -80.380822, 37.887226 ], [ -80.380828, 37.88737 ], [ -80.380833, 37.887379 ], [ -80.38086, 37.887393 ], [ -80.380873, 37.887407 ], [ -80.380882, 37.887434 ], [ -80.380869, 37.887443 ], [ -80.380898, 37.887447 ], [ -80.380906, 37.887465 ], [ -80.38096, 37.887495 ], [ -80.380976, 37.887559 ], [ -80.380988, 37.887529 ], [ -80.380999, 37.887517 ], [ -80.38106, 37.887493 ], [ -80.381114, 37.887449 ], [ -80.381134, 37.887447 ] ] } },
{ "type": "Feature", "properties": { "ID": 268, "elev": 684.0 }, "geometry": { "type": "LineString", "coordinates": [ [ -80.378921, 37.887004 ], [ -80.378934, 37.887002 ], [ -80.378938, 37.887013 ], [ -80.378922, 37.887019 ], [ -80.378908, 37.887036 ], [ -80.378905, 37.887045 ], [ -80.37892, 37.887058 ], [ -80.378911, 37.887067 ], [ -80.378928, 37.887081 ], [ -80.378956, 37.887085 ], [ -80.378962, 37.887106 ], [ -80.378945, 37.887094 ], [ -80.378941, 37.887099 ], [ -80.378952, 37.887108 ], [ -80.378944, 37.887114 ], [ -80.378865, 37.887113 ], [ -80.378842, 37.887107 ], [ -80.37883, 37.887094 ], [ -80.378845, 37.887067 ], [ -80.378837, 37.887031 ], [ -80.378847, 37.887017 ], [ -80.378866, 37.887007 ], [ -80.378871, 37.887022 ], [ -80.378894, 37.887021 ], [ -80.378921, 37.887004 ] ] } },
{ "type": "Feature", "properties": { "ID": 269, "elev": 682.0 }, "geometry": { "type": "LineString", "coordinates": [ [ -80.38007, 37.887006 ], [ -80.380094, 37.887015 ], [ -80.380117, 37.887007 ], [ -80.380134, 37.88701 ], [ -80.38015, 37.887038 ], [ -80.38015, 37.887065 ], [ -80.380128, 37.887062 ], [ -80.380105, 37.887046 ], [ -80.380099, 37.887035 ], [ -80.38008, 37.887033 ], [ -80.380081, 37.887024 ], [ -80.380063, 37.887015 ], [ -80.38007, 37.887006 ] ] } },
{ "type": "Feature", "properties": { "ID": 270, "elev": 686.0 }, "geometry": { "type": "LineString", "coordinates": [ [ -80.380768, 37.886996 ], [ -80.380771, 37.886992 ], [ -80.380775, 37.886996 ], [ -80.380771, 37.886997 ], [ -80.380768, 37.886996 ] ] } },
{ "type": "Feature", "properties": { "ID": 271, "elev": 678.0 }, "geometry": { "type": "LineString", "coordinates": [ [ -80.380481, 37.886978 ], [ -80.380478, 37.886981 ], [ -80.380481, 37.886985 ], [ -80.380483, 37.886981 ], [ -80.380481, 37.886978 ] ] } },
{ "type": "Feature", "properties": { "ID": 272, "elev": 682.0 }, "geometry": { "type": "LineString", "coordinates": [ [ -80.380087, 37.88697 ], [ -80.380094, 37.886968 ], [ -80.380103, 37.886974 ], [ -80.380094, 37.886978 ], [ -80.380087, 37.88697 ] ] } },
{ "type": "Feature", "properties": { "ID": 273, "elev": 686.0 }, "geometry": { "type": "LineString", "coordinates": [ [ -80.377703, 37.886948 ], [ -80.377774, 37.886987 ], [ -80.377814, 37.886983 ], [ -80.377888, 37.886987 ], [ -80.377905, 37.887005 ], [ -80.377984, 37.887028 ], [ -80.378035, 37.887057 ], [ -80.378109, 37.887084 ], [ -80.378124, 37.887099 ], [ -80.378205, 37.887116 ], [ -80.378262, 37.887142 ], [ -80.37829, 37.887144 ], [ -80.378338, 37.887168 ], [ -80.378449, 37.88719 ], [ -80.378472, 37.8872 ], [ -80.378472, 37.887209 ], [ -80.378489, 37.887223 ], [ -80.378494, 37.887217 ], [ -80.378506, 37.887228 ], [ -80.378523, 37.887226 ], [ -80.378556, 37.887246 ], [ -80.378565, 37.887259 ], [ -80.378585, 37.887261 ], [ -80.378602, 37.887283 ], [ -80.378607, 37.887284 ], [ -80.378625, 37.887256 ], [ -80.378682, 37.88726 ], [ -80.37871, 37.88727 ], [ -80.378713, 37.887282 ], [ -80.378681, 37.887337 ], [ -80.378692, 37.887331 ], [ -80.378709, 37.887349 ], [ -80.378738, 37.887356 ], [ -80.378749, 37.887376 ], [ -80.378766, 37.887382 ], [ -80.378794, 37.887408 ], [ -80.378868, 37.88739 ], [ -80.378959, 37.887396 ], [ -80.37906, 37.887424 ], [ -80.379072, 37.88744 ], [ -80.379095, 37.887444 ], [ -80.379106, 37.887452 ], [ -80.379124, 37.887447 ], [ -80.379152, 37.887452 ], [ -80.37918, 37.887479 ], [ -80.379205, 37.887488 ], [ -80.379225, 37.887529 ], [ -80.379237, 37.88753 ], [ -80.379248, 37.88754 ], [ -80.379271, 37.887536 ], [ -80.379281, 37.887542 ], [ -80.379278, 37.887551 ], [ -80.379289, 37.887578 ], [ -80.379309, 37.887601 ], [ -80.379333, 37.887609 ], [ -80.379346, 37.887633 ], [ -80.379388, 37.887678 ], [ -80.379434, 37.887702 ], [ -80.379445, 37.887724 ], [ -80.379457, 37.887727 ], [ -80.379487, 37.887751 ], [ -80.379495, 37.887769 ], [ -80.379494, 37.8878 ], [ -80.379501, 37.887808 ], [ -80.379627, 37.887797 ], [ -80.379655, 37.887807 ], [ -80.379666, 37.887805 ], [ -80.379712, 37.887815 ], [ -80.379751, 37.88784 ], [ -80.37978, 37.887844 ], [ -80.379786, 37.887837 ], [ -80.379808, 37.887846 ], [ -80.379831, 37.88784 ], [ -80.379859, 37.887852 ], [ -80.379916, 37.88786 ], [ -80.379961, 37.88789 ], [ -80.379995, 37.887894 ], [ -80.380024, 37.887909 ], [ -80.380054, 37.88797 ], [ -80.380131, 37.888022 ], [ -80.380148, 37.888017 ], [ -80.380165, 37.888001 ], [ -80.380209, 37.887939 ], [ -80.380215, 37.887917 ], [ -80.380234, 37.887909 ], [ -80.380272, 37.887863 ], [ -80.380319, 37.887832 ], [ -80.380326, 37.8878 ], [ -80.380344, 37.887773 ], [ -80.380329, 37.887737 ], [ -80.380332, 37.887733 ], [ -80.380349, 37.887737 ], [ -80.380364, 37.887719 ], [ -80.380343, 37.887701 ], [ -80.380355, 37.887691 ], [ -80.380356, 37.887674 ], [ -80.380373, 37.887656 ], [ -80.380396, 37.887644 ], [ -80.380403, 37.887625 ], [ -80.38039, 37.887616 ], [ -80.380379, 37.887589 ], [ -80.380388, 37.887562 ], [ -80.380408, 37.887544 ], [ -80.380408, 37.887521 ], [ -80.380425, 37.887512 ], [ -80.380441, 37.887476 ], [ -80.380499, 37.887441 ], [ -80.380509, 37.887423 ], [ -80.380509, 37.887405 ], [ -80.380517, 37.887398 ], [ -80.380591, 37.887402 ], [ -80.380597, 37.887398 ], [ -80.380608, 37.887351 ], [ -80.38066, 37.887359 ], [ -80.380662, 37.887378 ], [ -80.380693, 37.887421 ], [ -80.38071, 37.88742 ], [ -80.380813, 37.887386 ], [ -80.380813, 37.887438 ], [ -80.380772, 37.887442 ], [ -80.380786, 37.887465 ], [ -80.380818, 37.887481 ], [ -80.380817, 37.887537 ], [ -80.380834, 37.88755 ], [ -80.38084, 37.887592 ], [ -80.380872, 37.887605 ], [ -80.380899, 37.887627 ], [ -80.380875, 37.88765 ], [ -80.380884, 37.887664 ], [ -80.380856, 37.887695 ], [ -80.380839, 37.887704 ], [ -80.380832, 37.887722 ], [ -80.380838, 37.887732 ], [ -80.380878, 37.887749 ], [ -80.380889, 37.887765 ], [ -80.380923, 37.887765 ], [ -80.380946, 37.887773 ], [ -80.380963, 37.887758 ], [ -80.380972, 37.887731 ], [ -80.380984, 37.887727 ], [ -80.38099, 37.887709 ], [ -80.380981, 37.887681 ], [ -80.380975, 37.88768 ], [ -80.380969, 37.887701 ], [ -80.380958, 37.887682 ], [ -80.380918, 37.887659 ], [ -80.380942, 37.887655 ], [ -80.38097, 37.887624 ], [ -80.380976, 37.887628 ], [ -80.380987, 37.887583 ], [ -80.381044, 37.88763 ], [ -80.381106, 37.887629 ], [ -80.381213, 37.887568 ] ] } },
{ "type": "Feature", "properties": { "ID": 274, "elev": 692.0 }, "geometry": { "type": "LineString", "coordinates": [ [ -80.378404, 37.886956 ], [ -80.378406, 37.886955 ], [ -80.378406, 37.886956 ], [ -80.378404, 37.886956 ] ] } },
{ "type": "Feature", "properties": { "ID": 275, "elev": 684.0 }, "geometry": { "type": "LineString", "coordinates": [ [ -80.378761, 37.886949 ], [ -80.37877, 37.886945 ], [ -80.378798, 37.886948 ], [ -80.378809, 37.886966 ], [ -80.378842, 37.886959 ], [ -80.378855, 37.886948 ], [ -80.37886, 37.886973 ], [ -80.378855, 37.88698 ], [ -80.378843, 37.886978 ], [ -80.378803, 37.886968 ], [ -80.378761, 37.886949 ] ] } },
{ "type": "Feature", "properties": { "ID": 276, "elev": 684.0 }, "geometry": { "type": "LineString", "coordinates": [ [ -80.378476, 37.886948 ], [ -80.378508, 37.886944 ], [ -80.378549, 37.886953 ], [ -80.378508, 37.886961 ], [ -80.37846, 37.886952 ], [ -80.378476, 37.886948 ] ] } },
{ "type": "Feature", "properties": { "ID": 277, "elev": 686.0 }, "geometry": { "type": "Point", "coordinates": [ -80.380754, 37.88696 ] } },
{ "type": "Feature", "properties": { "ID": 278, "elev": 680.0 }, "geometry": { "type": "LineString", "coordinates": [ [ -80.37894, 37.886946 ], [ -80.378941, 37.88695 ], [ -80.37894, 37.886951 ], [ -80.378938, 37.88695 ], [ -80.37894, 37.886946 ] ] } },
{ "type": "Feature", "properties": { "ID": 279, "elev": 686.0 }, "geometry": { "type": "LineString", "coordinates": [ [ -80.380685, 37.886946 ], [ -80.380703, 37.886942 ], [ -80.380704, 37.886946 ], [ -80.380686, 37.886969 ], [ -80.380672, 37.886964 ], [ -80.380668, 37.886955 ], [ -80.380685, 37.886946 ] ] } },
{ "type": "Feature", "properties": { "ID": 280, "elev": 696.0 }, "geometry": { "type": "LineString", "coordinates": [ [ -80.378377, 37.886934 ], [ -80.378378, 37.886947 ], [ -80.378371, 37.886949 ], [ -80.378369, 37.886947 ], [ -80.378377, 37.886934 ] ] } },
{ "type": "Feature", "properties": { "ID": 281, "elev": 680.0 }, "geometry": { "type": "LineString", "coordinates": [ [ -80.378956, 37.886919 ], [ -80.378974, 37.886937 ], [ -80.378957, 37.886951 ], [ -80.378936, 37.886932 ], [ -80.378956, 37.886919 ] ] } },
{ "type": "Feature", "properties": { "ID": 282, "elev": 686.0 }, "geometry": { "type": "LineString", "coordinates": [ [ -80.380763, 37.886934 ], [ -80.380748, 37.886954 ], [ -80.380731, 37.886953 ], [ -80.380731, 37.886936 ], [ -80.380747, 37.886926 ] ] } },
{ "type": "Feature", "properties": { "ID": 283, "elev": 684.0 }, "geometry": { "type": "LineString", "coordinates": [ [ -80.378304, 37.886906 ], [ -80.378298, 37.886907 ], [ -80.378288, 37.886942 ], [ -80.378298, 37.886947 ], [ -80.378336, 37.886942 ], [ -80.378315, 37.886907 ], [ -80.378309, 37.886903 ], [ -80.378304, 37.886906 ] ] } },
{ "type": "Feature", "properties": { "ID": 284, "elev": 680.0 }, "geometry": { "type": "LineString", "coordinates": [ [ -80.380081, 37.886911 ], [ -80.380083, 37.886909 ], [ -80.380084, 37.886911 ], [ -80.380081, 37.886911 ] ] } },
{ "type": "Feature", "properties": { "ID": 285, "elev": 680.0 }, "geometry": { "type": "LineString", "coordinates": [ [ -80.380086, 37.886907 ], [ -80.380089, 37.886905 ], [ -80.380089, 37.886907 ], [ -80.380086, 37.886907 ] ] } },
{ "type": "Feature", "properties": { "ID": 286, "elev": 686.0 }, "geometry": { "type": "LineString", "coordinates": [ [ -80.380721, 37.886912 ], [ -80.380714, 37.886932 ], [ -80.380703, 37.886941 ], [ -80.380673, 37.886932 ], [ -80.380695, 37.886898 ] ] } },
{ "type": "Feature", "properties": { "ID": 287, "elev": 684.0 }, "geometry": { "type": "LineString", "coordinates": [ [ -80.377792, 37.886868 ], [ -80.377791, 37.886872 ], [ -80.377792, 37.886872 ], [ -80.377794, 37.886872 ], [ -80.377792, 37.886868 ] ] } },
{ "type": "Feature", "properties": { "ID": 288, "elev": 680.0 }, "geometry": { "type": "LineString", "coordinates": [ [ -80.380842, 37.887007 ], [ -80.380833, 37.887023 ], [ -80.380813, 37.887032 ], [ -80.38081, 37.887047 ], [ -80.38077, 37.887028 ], [ -80.380748, 37.887028 ], [ -80.380727, 37.887009 ], [ -80.380714, 37.887006 ], [ -80.380708, 37.887021 ], [ -80.380674, 37.887027 ], [ -80.380666, 37.887031 ], [ -80.380668, 37.887041 ], [ -80.380571, 37.887038 ], [ -80.380552, 37.887022 ], [ -80.380543, 37.886975 ], [ -80.380525, 37.886972 ], [ -80.380504, 37.886953 ], [ -80.380481, 37.886952 ], [ -80.38047, 37.886959 ], [ -80.380447, 37.886952 ], [ -80.380433, 37.886967 ], [ -80.380417, 37.887017 ], [ -80.380406, 37.887026 ], [ -80.380394, 37.887025 ], [ -80.380382, 37.887016 ], [ -80.38039, 37.887007 ], [ -80.380378, 37.887 ], [ -80.380374, 37.886985 ], [ -80.380333, 37.886978 ], [ -80.380304, 37.886957 ], [ -80.380312, 37.88693 ], [ -80.380328, 37.88692 ], [ -80.380385, 37.886918 ], [ -80.380385, 37.886908 ], [ -80.380406, 37.88689 ], [ -80.380396, 37.88688 ], [ -80.380351, 37.886896 ], [ -80.380322, 37.886913 ], [ -80.380299, 37.88691 ], [ -80.380288, 37.886914 ], [ -80.380277, 37.88691 ], [ -80.380268, 37.886917 ], [ -80.380264, 37.886921 ], [ -80.380294, 37.886935 ], [ -80.380297, 37.886948 ], [ -80.380292, 37.886957 ], [ -80.380254, 37.88698 ], [ -80.380251, 37.887025 ], [ -80.380239, 37.887074 ], [ -80.380224, 37.887091 ], [ -80.38019, 37.887093 ], [ -80.380162, 37.887081 ], [ -80.380152, 37.887087 ], [ -80.380161, 37.887104 ], [ -80.380169, 37.887105 ], [ -80.38015, 37.887109 ], [ -80.380138, 37.887105 ], [ -80.380127, 37.887089 ], [ -80.38011, 37.887091 ], [ -80.380088, 37.887082 ], [ -80.380076, 37.887071 ], [ -80.380061, 37.887069 ], [ -80.380061, 37.887091 ], [ -80.380029, 37.887145 ], [ -80.380035, 37.887181 ], [ -80.380092, 37.887259 ], [ -80.380118, 37.887263 ], [ -80.380122, 37.887276 ], [ -80.380107, 37.88729 ], [ -80.380114, 37.887301 ], [ -80.380137, 37.887309 ], [ -80.380183, 37.887262 ], [ -80.380191, 37.887263 ], [ -80.380189, 37.887272 ], [ -80.380211, 37.887272 ], [ -80.380215, 37.887263 ], [ -80.380207, 37.887259 ], [ -80.380211, 37.887235 ], [ -80.380246, 37.887219 ], [ -80.380291, 37.887246 ], [ -80.380299, 37.887259 ], [ -80.380296, 37.887282 ], [ -80.380313, 37.887291 ], [ -80.380336, 37.887293 ], [ -80.380342, 37.887318 ], [ -80.380333, 37.887327 ], [ -80.380336, 37.887341 ], [ -80.380358, 37.887332 ], [ -80.380398, 37.887339 ], [ -80.380421, 37.887355 ], [ -80.380416, 37.887377 ], [ -80.380443, 37.887382 ], [ -80.380455, 37.887392 ], [ -80.380489, 37.887383 ], [ -80.38049, 37.88735 ], [ -80.380508, 37.887323 ], [ -80.380535, 37.887321 ], [ -80.380542, 37.887315 ], [ -80.380542, 37.887261 ], [ -80.38053, 37.887256 ], [ -80.380527, 37.887247 ], [ -80.380547, 37.887223 ], [ -80.380616, 37.887216 ], [ -80.380638, 37.887199 ], [ -80.380644, 37.887203 ], [ -80.38064, 37.887212 ], [ -80.380661, 37.887228 ], [ -80.380683, 37.887231 ], [ -80.380683, 37.887224 ], [ -80.380701, 37.887222 ], [ -80.380712, 37.887231 ], [ -80.380757, 37.887232 ], [ -80.380763, 37.887245 ], [ -80.38078, 37.887246 ], [ -80.380786, 37.887253 ], [ -80.380786, 37.887284 ], [ -80.380819, 37.887285 ], [ -80.380824, 37.887396 ], [ -80.38083, 37.88741 ], [ -80.380853, 37.887433 ], [ -80.380844, 37.887442 ], [ -80.380875, 37.887447 ], [ -80.380882, 37.887465 ], [ -80.380899, 37.887474 ], [ -80.38091, 37.887492 ], [ -80.380931, 37.88751 ], [ -80.38096, 37.887522 ], [ -80.380969, 37.887556 ], [ -80.380982, 37.887568 ], [ -80.380994, 37.887542 ], [ -80.381084, 37.887511 ], [ -80.381145, 37.887462 ] ] } },
{ "type": "Feature", "properties": { "ID": 289, "elev": 680.0 }, "geometry": { "type": "LineString", "coordinates": [ [ -80.380232, 37.886856 ], [ -80.380231, 37.886858 ], [ -80.380234, 37.886858 ], [ -80.380232, 37.886856 ] ] } },
{ "type": "Feature", "properties": { "ID": 290, "elev": 684.0 }, "geometry": { "type": "LineString", "coordinates": [ [ -80.380819, 37.886984 ], [ -80.38081, 37.886995 ], [ -80.380776, 37.887004 ], [ -80.380737, 37.886992 ], [ -80.38068, 37.886987 ], [ -80.380646, 37.886975 ], [ -80.380592, 37.886972 ], [ -80.38061, 37.886852 ] ] } },
{ "type": "Feature", "properties": { "ID": 291, "elev": 694.0 }, "geometry": { "type": "LineString", "coordinates": [ [ -80.378378, 37.886844 ], [ -80.378388, 37.886925 ], [ -80.378385, 37.886943 ], [ -80.378371, 37.886952 ], [ -80.378365, 37.886947 ], [ -80.378374, 37.886916 ], [ -80.378378, 37.886844 ] ] } },
{ "type": "Feature", "properties": { "ID": 292, "elev": 684.0 }, "geometry": { "type": "LineString", "coordinates": [ [ -80.380447, 37.886836 ], [ -80.380476, 37.886834 ], [ -80.380528, 37.886837 ], [ -80.380465, 37.886844 ], [ -80.380431, 37.886856 ], [ -80.380405, 37.886845 ], [ -80.380408, 37.886838 ], [ -80.380441, 37.886841 ], [ -80.380447, 37.886836 ] ] } },
{ "type": "Feature", "properties": { "ID": 293, "elev": 684.0 }, "geometry": { "type": "LineString", "coordinates": [ [ -80.377783, 37.886852 ], [ -80.377792, 37.886861 ], [ -80.377838, 37.886874 ], [ -80.377849, 37.886871 ], [ -80.377866, 37.886878 ], [ -80.377923, 37.886884 ], [ -80.377928, 37.886889 ], [ -80.377937, 37.886886 ], [ -80.37794, 37.886896 ], [ -80.377951, 37.886888 ], [ -80.377957, 37.886899 ], [ -80.377974, 37.886888 ], [ -80.378008, 37.886913 ], [ -80.378042, 37.886917 ], [ -80.378059, 37.886912 ], [ -80.378076, 37.88692 ], [ -80.378087, 37.886916 ], [ -80.378099, 37.886923 ], [ -80.378133, 37.886923 ], [ -80.378139, 37.886928 ], [ -80.378144, 37.886921 ], [ -80.378126, 37.886883 ], [ -80.378122, 37.886857 ], [ -80.378102, 37.886847 ], [ -80.378084, 37.886813 ] ] } },
{ "type": "Feature", "properties": { "ID": 294, "elev": 694.0 }, "geometry": { "type": "LineString", "coordinates": [ [ -80.378379, 37.886787 ], [ -80.378384, 37.886826 ], [ -80.378378, 37.886834 ], [ -80.378378, 37.886787 ] ] } },
{ "type": "Feature", "properties": { "ID": 295, "elev": 688.0 }, "geometry": { "type": "LineString", "coordinates": [ [ -80.378412, 37.886783 ], [ -80.378413, 37.886797 ], [ -80.378424, 37.886798 ], [ -80.378414, 37.886783 ] ] } },
{ "type": "Feature", "properties": { "ID": 296, "elev": 690.0 }, "geometry": { "type": "LineString", "coordinates": [ [ -80.378408, 37.886783 ], [ -80.37841, 37.886952 ], [ -80.3784, 37.886962 ], [ -80.378366, 37.886954 ], [ -80.378349, 37.886941 ], [ -80.378323, 37.886879 ], [ -80.378336, 37.886825 ], [ -80.378349, 37.886807 ], [ -80.378367, 37.886805 ], [ -80.378368, 37.886787 ] ] } },
{ "type": "Feature", "properties": { "ID": 297, "elev": 690.0 }, "geometry": { "type": "LineString", "coordinates": [ [ -80.378646, 37.886786 ], [ -80.378665, 37.8868 ], [ -80.378663, 37.88682 ], [ -80.378651, 37.886823 ], [ -80.378602, 37.886813 ], [ -80.378639, 37.886795 ], [ -80.378646, 37.886786 ] ] } },
{ "type": "Feature", "properties": { "ID": 298, "elev": 692.0 }, "geometry": { "type": "LineString", "coordinates": [ [ -80.378403, 37.886783 ], [ -80.378401, 37.886947 ], [ -80.378394, 37.886932 ], [ -80.378392, 37.886947 ], [ -80.378383, 37.886957 ], [ -80.378365, 37.886952 ], [ -80.378357, 37.886943 ], [ -80.378368, 37.886916 ], [ -80.378373, 37.886787 ] ] } },
{ "type": "Feature", "properties": { "ID": 299, "elev": 690.0 }, "geometry": { "type": "LineString", "coordinates": [ [ -80.378447, 37.886779 ], [ -80.378481, 37.886785 ], [ -80.378475, 37.886814 ], [ -80.378452, 37.886809 ], [ -80.378429, 37.886778 ] ] } },
{ "type": "Feature", "properties": { "ID": 300, "elev": 684.0 }, "geometry": { "type": "LineString", "coordinates": [ [ -80.380436, 37.886789 ], [ -80.380439, 37.886809 ], [ -80.380425, 37.886816 ], [ -80.380419, 37.8868 ], [ -80.380425, 37.886785 ] ] } },
{ "type": "Feature", "properties": { "ID": 301, "elev": 680.0 }, "geometry": { "type": "LineString", "coordinates": [ [ -80.380283, 37.88678 ], [ -80.380279, 37.886786 ], [ -80.380295, 37.886794 ], [ -80.380295, 37.88678 ], [ -80.380283, 37.88678 ] ] } },
{ "type": "Feature", "properties": { "ID": 302, "elev": 682.0 }, "geometry": { "type": "LineString", "coordinates": [ [ -80.380832, 37.886994 ], [ -80.380819, 37.887001 ], [ -80.380805, 37.887024 ], [ -80.38077, 37.887012 ], [ -80.380753, 37.887014 ], [ -80.380738, 37.887 ], [ -80.380657, 37.886986 ], [ -80.380628, 37.886991 ], [ -80.380639, 37.887009 ], [ -80.380654, 37.887018 ], [ -80.380651, 37.887024 ], [ -80.380567, 37.887022 ], [ -80.380558, 37.887008 ], [ -80.380573, 37.886959 ], [ -80.380572, 37.886952 ], [ -80.380566, 37.886961 ], [ -80.380563, 37.886936 ], [ -80.380554, 37.886932 ], [ -80.380557, 37.886896 ], [ -80.38055, 37.886884 ], [ -80.380493, 37.886877 ], [ -80.380495, 37.886873 ], [ -80.380487, 37.88687 ], [ -80.380436, 37.886882 ], [ -80.380408, 37.886878 ], [ -80.380395, 37.886868 ], [ -80.380408, 37.886823 ], [ -80.380383, 37.886791 ], [ -80.38038, 37.886775 ] ] } },
{ "type": "Feature", "properties": { "ID": 303, "elev": 688.0 }, "geometry": { "type": "LineString", "coordinates": [ [ -80.37849, 37.886774 ], [ -80.378492, 37.886796 ], [ -80.378545, 37.886781 ], [ -80.378635, 37.886775 ], [ -80.378646, 37.886764 ], [ -80.378685, 37.886782 ], [ -80.378691, 37.886796 ], [ -80.378693, 37.886782 ], [ -80.378703, 37.886781 ], [ -80.378725, 37.886799 ], [ -80.378727, 37.886809 ], [ -80.378708, 37.886827 ], [ -80.378685, 37.886827 ], [ -80.378651, 37.886874 ], [ -80.378634, 37.886846 ], [ -80.378606, 37.886837 ], [ -80.378587, 37.886822 ], [ -80.378481, 37.886816 ], [ -80.378458, 37.886858 ], [ -80.378442, 37.886862 ], [ -80.378435, 37.886875 ], [ -80.378423, 37.886858 ], [ -80.378412, 37.886857 ], [ -80.378415, 37.886952 ], [ -80.378405, 37.886962 ], [ -80.378394, 37.886963 ], [ -80.378354, 37.88695 ], [ -80.378331, 37.88692 ], [ -80.378307, 37.886866 ], [ -80.378306, 37.88683 ], [ -80.378296, 37.886791 ] ] } },
{ "type": "Feature", "properties": { "ID": 304, "elev": 680.0 }, "geometry": { "type": "LineString", "coordinates": [ [ -80.37969, 37.886765 ], [ -80.379698, 37.886761 ], [ -80.379702, 37.886769 ], [ -80.379686, 37.886776 ], [ -80.37969, 37.886765 ] ] } },
{ "type": "Feature", "properties": { "ID": 305, "elev": 686.0 }, "geometry": { "type": "LineString", "coordinates": [ [ -80.3787, 37.886755 ], [ -80.378731, 37.886771 ], [ -80.378765, 37.886774 ], [ -80.378782, 37.886785 ], [ -80.378783, 37.886792 ], [ -80.378771, 37.886809 ], [ -80.378738, 37.886823 ], [ -80.378709, 37.886886 ], [ -80.378684, 37.886919 ], [ -80.378679, 37.886921 ], [ -80.378668, 37.886907 ], [ -80.37865, 37.886918 ], [ -80.378628, 37.88688 ], [ -80.378605, 37.88688 ], [ -80.378594, 37.88687 ], [ -80.378571, 37.886867 ], [ -80.37856, 37.886859 ], [ -80.378543, 37.88686 ], [ -80.378509, 37.886836 ], [ -80.378497, 37.886839 ], [ -80.378481, 37.886826 ], [ -80.37842, 37.886952 ], [ -80.3784, 37.886964 ], [ -80.378338, 37.886952 ], [ -80.378344, 37.886943 ], [ -80.378302, 37.886866 ], [ -80.378291, 37.886791 ] ] } },
{ "type": "Feature", "properties": { "ID": 306, "elev": 682.0 }, "geometry": { "type": "LineString", "coordinates": [ [ -80.378764, 37.886749 ], [ -80.378765, 37.886755 ], [ -80.378788, 37.886773 ], [ -80.378795, 37.886792 ], [ -80.378787, 37.886814 ], [ -80.378751, 37.886855 ], [ -80.378769, 37.886913 ], [ -80.378804, 37.886925 ], [ -80.378809, 37.886933 ], [ -80.378855, 37.886933 ], [ -80.378876, 37.886941 ], [ -80.378871, 37.886968 ], [ -80.378877, 37.886985 ], [ -80.378894, 37.886977 ], [ -80.378928, 37.886977 ], [ -80.378946, 37.88698 ], [ -80.378957, 37.886991 ], [ -80.378979, 37.886999 ], [ -80.379031, 37.88699 ], [ -80.37907, 37.887 ], [ -80.379076, 37.887008 ], [ -80.379104, 37.887017 ], [ -80.379127, 37.88704 ], [ -80.379138, 37.88704 ], [ -80.379166, 37.88708 ], [ -80.379195, 37.887072 ], [ -80.379218, 37.887075 ], [ -80.37924, 37.887089 ], [ -80.37928, 37.887096 ], [ -80.379289, 37.887105 ], [ -80.379263, 37.887109 ], [ -80.379246, 37.887096 ], [ -80.379234, 37.887105 ], [ -80.379174, 37.887114 ], [ -80.379183, 37.887123 ], [ -80.379246, 37.887135 ], [ -80.379254, 37.887132 ], [ -80.379269, 37.887146 ], [ -80.379274, 37.88716 ], [ -80.379302, 37.887172 ], [ -80.379313, 37.887174 ], [ -80.379336, 37.887164 ], [ -80.379357, 37.887169 ], [ -80.379365, 37.887178 ], [ -80.379378, 37.887182 ], [ -80.379372, 37.887187 ], [ -80.379449, 37.887235 ], [ -80.379546, 37.887243 ], [ -80.379627, 37.887278 ], [ -80.379633, 37.887287 ], [ -80.379681, 37.887301 ], [ -80.37971, 37.887299 ], [ -80.37975, 37.887311 ], [ -80.379779, 37.887308 ], [ -80.379796, 37.887325 ], [ -80.37983, 37.88733 ], [ -80.379852, 37.887326 ], [ -80.379869, 37.887332 ], [ -80.379875, 37.887349 ], [ -80.379898, 37.887353 ], [ -80.379908, 37.887374 ], [ -80.379943, 37.887391 ], [ -80.379948, 37.887405 ], [ -80.379971, 37.887405 ], [ -80.379982, 37.887416 ], [ -80.380028, 37.887413 ], [ -80.38005, 37.887429 ], [ -80.38009, 37.887446 ], [ -80.380107, 37.887446 ], [ -80.380141, 37.88746 ], [ -80.380149, 37.887506 ], [ -80.380169, 37.887519 ], [ -80.380193, 37.887511 ], [ -80.380204, 37.887492 ], [ -80.380232, 37.887486 ], [ -80.380243, 37.887493 ], [ -80.380245, 37.887507 ], [ -80.38026, 37.887518 ], [ -80.380272, 37.88752 ], [ -80.380294, 37.887511 ], [ -80.380312, 37.88757 ], [ -80.380345, 37.887577 ], [ -80.380351, 37.887585 ], [ -80.380379, 37.887562 ], [ -80.380383, 37.887544 ], [ -80.380371, 37.887526 ], [ -80.380382, 37.887508 ], [ -80.380389, 37.887454 ], [ -80.380466, 37.887421 ], [ -80.380494, 37.88739 ], [ -80.380496, 37.887364 ], [ -80.380506, 37.887346 ], [ -80.380539, 37.887346 ], [ -80.380546, 37.887336 ], [ -80.380569, 37.887345 ], [ -80.380591, 37.887338 ], [ -80.380604, 37.887319 ], [ -80.380607, 37.887279 ], [ -80.380594, 37.887265 ], [ -80.380592, 37.887248 ], [ -80.380581, 37.887255 ], [ -80.38057, 37.887247 ], [ -80.380575, 37.887241 ], [ -80.380592, 37.887247 ], [ -80.3806, 37.887234 ], [ -80.380627, 37.887229 ], [ -80.380651, 37.887239 ], [ -80.38065, 37.887284 ], [ -80.380666, 37.887311 ], [ -80.380751, 37.887297 ], [ -80.380785, 37.887315 ], [ -80.380796, 37.887335 ], [ -80.380813, 37.887337 ], [ -80.380827, 37.887442 ], [ -80.380846, 37.887447 ], [ -80.380856, 37.887465 ], [ -80.38087, 37.887474 ], [ -80.38087, 37.887492 ], [ -80.380899, 37.887533 ], [ -80.380959, 37.887544 ], [ -80.380982, 37.887575 ], [ -80.380993, 37.887568 ], [ -80.381084, 37.887546 ], [ -80.381167, 37.887499 ] ] } },
{ "type": "Feature", "properties": { "ID": 307, "elev": 684.0 }, "geometry": { "type": "LineString", "coordinates": [ [ -80.378756, 37.886749 ], [ -80.378789, 37.886783 ], [ -80.378786, 37.886805 ], [ -80.378771, 37.886826 ], [ -80.378727, 37.886863 ], [ -80.378701, 37.886913 ], [ -80.378703, 37.886922 ], [ -80.378656, 37.886964 ], [ -80.378645, 37.886962 ], [ -80.378627, 37.886934 ], [ -80.378605, 37.886919 ], [ -80.378571, 37.886928 ], [ -80.378559, 37.886925 ], [ -80.378542, 37.886934 ], [ -80.378508, 37.886936 ], [ -80.378497, 37.886943 ], [ -80.378468, 37.886925 ], [ -80.378451, 37.886922 ], [ -80.378434, 37.886929 ], [ -80.378428, 37.886943 ], [ -80.378455, 37.886952 ], [ -80.378423, 37.886955 ], [ -80.3784, 37.886965 ], [ -80.37836, 37.88696 ], [ -80.378326, 37.886962 ], [ -80.378298, 37.886953 ], [ -80.378277, 37.886969 ], [ -80.378394, 37.887024 ], [ -80.378468, 37.887038 ], [ -80.378496, 37.887067 ], [ -80.378586, 37.887085 ], [ -80.378615, 37.887097 ], [ -80.378637, 37.887107 ], [ -80.37865, 37.887124 ], [ -80.378649, 37.887134 ], [ -80.378671, 37.887125 ], [ -80.378671, 37.887112 ], [ -80.378678, 37.88712 ], [ -80.378672, 37.887125 ], [ -80.378683, 37.887135 ], [ -80.378753, 37.887161 ], [ -80.378756, 37.887184 ], [ -80.378747, 37.887193 ], [ -80.378756, 37.887208 ], [ -80.378823, 37.887224 ], [ -80.378864, 37.887251 ], [ -80.378938, 37.887257 ], [ -80.379034, 37.887254 ], [ -80.379074, 37.887264 ], [ -80.379097, 37.887277 ], [ -80.379119, 37.88727 ], [ -80.379159, 37.887288 ], [ -80.379194, 37.88728 ], [ -80.379176, 37.887267 ], [ -80.379188, 37.887251 ], [ -80.379207, 37.887263 ], [ -80.379207, 37.887281 ], [ -80.379233, 37.88729 ], [ -80.379238, 37.887304 ], [ -80.379341, 37.887333 ], [ -80.37938, 37.887354 ], [ -80.379436, 37.887363 ], [ -80.379465, 37.887395 ], [ -80.379482, 37.887398 ], [ -80.379494, 37.88739 ], [ -80.379511, 37.887417 ], [ -80.379579, 37.887435 ], [ -80.379595, 37.887473 ], [ -80.379612, 37.887481 ], [ -80.379629, 37.887478 ], [ -80.379641, 37.887482 ], [ -80.379665, 37.887544 ], [ -80.379691, 37.887578 ], [ -80.379702, 37.887572 ], [ -80.379731, 37.887574 ], [ -80.379742, 37.887606 ], [ -80.379799, 37.88759 ], [ -80.37981, 37.887604 ], [ -80.379813, 37.88764 ], [ -80.379844, 37.88764 ], [ -80.379855, 37.887645 ], [ -80.379871, 37.887631 ], [ -80.379867, 37.887625 ], [ -80.379878, 37.887627 ], [ -80.379878, 37.887636 ], [ -80.379884, 37.887626 ], [ -80.37994, 37.887671 ], [ -80.379952, 37.887691 ], [ -80.379974, 37.887703 ], [ -80.380001, 37.88774 ], [ -80.380036, 37.887757 ], [ -80.380076, 37.887763 ], [ -80.380087, 37.887779 ], [ -80.38011, 37.887784 ], [ -80.38015, 37.887828 ], [ -80.380172, 37.887834 ], [ -80.380185, 37.887849 ], [ -80.380176, 37.887863 ], [ -80.38018, 37.887881 ], [ -80.3802, 37.887887 ], [ -80.380211, 37.887901 ], [ -80.380223, 37.887903 ], [ -80.380234, 37.887896 ], [ -80.380252, 37.887863 ], [ -80.380282, 37.887845 ], [ -80.380304, 37.887818 ], [ -80.380325, 37.887724 ], [ -80.380344, 37.887682 ], [ -80.380388, 37.887625 ], [ -80.380371, 37.887602 ], [ -80.380378, 37.887571 ], [ -80.380394, 37.887548 ], [ -80.380385, 37.887524 ], [ -80.380425, 37.887499 ], [ -80.380431, 37.887473 ], [ -80.380448, 37.887452 ], [ -80.380466, 37.887444 ], [ -80.380477, 37.887427 ], [ -80.380495, 37.887423 ], [ -80.380498, 37.887418 ], [ -80.380489, 37.887409 ], [ -80.3805, 37.887397 ], [ -80.380556, 37.887364 ], [ -80.380568, 37.887372 ], [ -80.380591, 37.887361 ], [ -80.380603, 37.887343 ], [ -80.380649, 37.887315 ], [ -80.380663, 37.88732 ], [ -80.380663, 37.887351 ], [ -80.380671, 37.887367 ], [ -80.38079, 37.887385 ], [ -80.380813, 37.887379 ], [ -80.380823, 37.887433 ], [ -80.380818, 37.887447 ], [ -80.380838, 37.887474 ], [ -80.380832, 37.887501 ], [ -80.38084, 37.887531 ], [ -80.380899, 37.887564 ], [ -80.380976, 37.887589 ], [ -80.380988, 37.887579 ], [ -80.381016, 37.887597 ], [ -80.381044, 37.887599 ], [ -80.381059, 37.887588 ], [ -80.38113, 37.887566 ], [ -80.38119, 37.887532 ] ] } },
{ "type": "Feature", "properties": { "ID": 308, "elev": 680.0 }, "geometry": { "type": "LineString", "coordinates": [ [ -80.378784, 37.886744 ], [ -80.378797, 37.886769 ], [ -80.378799, 37.886792 ], [ -80.378789, 37.886855 ], [ -80.378803, 37.886882 ], [ -80.378823, 37.886905 ], [ -80.378867, 37.886903 ], [ -80.37887, 37.886918 ], [ -80.378883, 37.886926 ], [ -80.378895, 37.886923 ], [ -80.378921, 37.886959 ], [ -80.378957, 37.886962 ], [ -80.378963, 37.886972 ], [ -80.378997, 37.886963 ], [ -80.378999, 37.886978 ], [ -80.379008, 37.886979 ], [ -80.379021, 37.886969 ], [ -80.37902, 37.886963 ], [ -80.379007, 37.88696 ], [ -80.37902, 37.886949 ], [ -80.379065, 37.886958 ], [ -80.379065, 37.886963 ], [ -80.379049, 37.886964 ], [ -80.379076, 37.886971 ], [ -80.379094, 37.886963 ], [ -80.379127, 37.886994 ], [ -80.379156, 37.886999 ], [ -80.37919, 37.887016 ], [ -80.379211, 37.887019 ], [ -80.379224, 37.887029 ], [ -80.379246, 37.887029 ], [ -80.379354, 37.887053 ], [ -80.379394, 37.887068 ], [ -80.379456, 37.887075 ], [ -80.379459, 37.887084 ], [ -80.379479, 37.887093 ], [ -80.379519, 37.887099 ], [ -80.37953, 37.887096 ], [ -80.379533, 37.887102 ], [ -80.379516, 37.887111 ], [ -80.379519, 37.887116 ], [ -80.37953, 37.887111 ], [ -80.379536, 37.887121 ], [ -80.379547, 37.887125 ], [ -80.379592, 37.887129 ], [ -80.379638, 37.887152 ], [ -80.379661, 37.88715 ], [ -80.379683, 37.887162 ], [ -80.379689, 37.887152 ], [ -80.379706, 37.887147 ], [ -80.379752, 37.887147 ], [ -80.379807, 37.887176 ], [ -80.379842, 37.88718 ], [ -80.379901, 37.887163 ], [ -80.379919, 37.887131 ], [ -80.379951, 37.887104 ], [ -80.379951, 37.887091 ], [ -80.379967, 37.887082 ], [ -80.379974, 37.887066 ], [ -80.379994, 37.887055 ], [ -80.380009, 37.886998 ], [ -80.380014, 37.886991 ], [ -80.380026, 37.886991 ], [ -80.380033, 37.886978 ], [ -80.380027, 37.886951 ], [ -80.380038, 37.886938 ], [ -80.38006, 37.886933 ], [ -80.380078, 37.886913 ], [ -80.380082, 37.886947 ], [ -80.3801, 37.886943 ], [ -80.380108, 37.886934 ], [ -80.380106, 37.886918 ], [ -80.380129, 37.886912 ], [ -80.380169, 37.886885 ], [ -80.380173, 37.886853 ], [ -80.380159, 37.886835 ], [ -80.380161, 37.886817 ], [ -80.38017, 37.886803 ], [ -80.380217, 37.886781 ], [ -80.380219, 37.886772 ], [ -80.380208, 37.886763 ], [ -80.380213, 37.886752 ] ] } },
{ "type": "Feature", "properties": { "ID": 309, "elev": 680.0 }, "geometry": { "type": "LineString", "coordinates": [ [ -80.37951, 37.886735 ], [ -80.379516, 37.88675 ], [ -80.379505, 37.886767 ], [ -80.379436, 37.88675 ], [ -80.379402, 37.886756 ], [ -80.379391, 37.886748 ], [ -80.379362, 37.886754 ], [ -80.37936, 37.886745 ], [ -80.37938, 37.886734 ] ] } },
{ "type": "Feature", "properties": { "ID": 310, "elev": 680.0 }, "geometry": { "type": "LineString", "coordinates": [ [ -80.37944, 37.886734 ], [ -80.379442, 37.886738 ], [ -80.379444, 37.886734 ] ] } },
{ "type": "Feature", "properties": { "ID": 311, "elev": 668.0 }, "geometry": { "type": "LineString", "coordinates": [ [ -80.379963, 37.886733 ], [ -80.379959, 37.886762 ], [ -80.379966, 37.886784 ], [ -80.379999, 37.886803 ], [ -80.38001, 37.886802 ], [ -80.380019, 37.886794 ], [ -80.380009, 37.886771 ], [ -80.380015, 37.886737 ] ] } },
{ "type": "Feature", "properties": { "ID": 312, "elev": 668.0 }, "geometry": { "type": "LineString", "coordinates": [ [ -80.379791, 37.886732 ], [ -80.379761, 37.886751 ], [ -80.379738, 37.886755 ], [ -80.379719, 37.886779 ], [ -80.379714, 37.886824 ], [ -80.379739, 37.886833 ], [ -80.379743, 37.886842 ], [ -80.379805, 37.886825 ], [ -80.379823, 37.886791 ], [ -80.379846, 37.88677 ], [ -80.3799, 37.886739 ], [ -80.379926, 37.886741 ], [ -80.379944, 37.886732 ] ] } },
{ "type": "Feature", "properties": { "ID": 313, "elev": 670.0 }, "geometry": { "type": "LineString", "coordinates": [ [ -80.379734, 37.886731 ], [ -80.379728, 37.886761 ], [ -80.379721, 37.886771 ], [ -80.379703, 37.886778 ], [ -80.3797, 37.886792 ], [ -80.379711, 37.886824 ], [ -80.379748, 37.886851 ], [ -80.379805, 37.886848 ], [ -80.379817, 37.886842 ], [ -80.379858, 37.886788 ], [ -80.379891, 37.886757 ], [ -80.37992, 37.886745 ], [ -80.379931, 37.886748 ], [ -80.379953, 37.88678 ], [ -80.37997, 37.886793 ], [ -80.379999, 37.886807 ], [ -80.380033, 37.886808 ], [ -80.380016, 37.886762 ], [ -80.380037, 37.886742 ] ] } },
{ "type": "Feature", "properties": { "ID": 314, "elev": 672.0 }, "geometry": { "type": "LineString", "coordinates": [ [ -80.379728, 37.886731 ], [ -80.379722, 37.886765 ], [ -80.3797, 37.886778 ], [ -80.379696, 37.886796 ], [ -80.379705, 37.886806 ], [ -80.379709, 37.886824 ], [ -80.379744, 37.886855 ], [ -80.379748, 37.886872 ], [ -80.379805, 37.886861 ], [ -80.379817, 37.886848 ], [ -80.379849, 37.886838 ], [ -80.379865, 37.886788 ], [ -80.379887, 37.886779 ], [ -80.37992, 37.886749 ], [ -80.379955, 37.886789 ], [ -80.380005, 37.886814 ], [ -80.380033, 37.886814 ], [ -80.38004, 37.886807 ], [ -80.380036, 37.886789 ], [ -80.38002, 37.886762 ], [ -80.380044, 37.886742 ] ] } },
{ "type": "Feature", "properties": { "ID": 315, "elev": 674.0 }, "geometry": { "type": "LineString", "coordinates": [ [ -80.379714, 37.886731 ], [ -80.379719, 37.886765 ], [ -80.379698, 37.886778 ], [ -80.379693, 37.886796 ], [ -80.379702, 37.886805 ], [ -80.379706, 37.886824 ], [ -80.379735, 37.886855 ], [ -80.379746, 37.886882 ], [ -80.379754, 37.886886 ], [ -80.379805, 37.886878 ], [ -80.379822, 37.886852 ], [ -80.379886, 37.886834 ], [ -80.379869, 37.886797 ], [ -80.379871, 37.886788 ], [ -80.379897, 37.88678 ], [ -80.37992, 37.886758 ], [ -80.379954, 37.886793 ], [ -80.380027, 37.886825 ], [ -80.380048, 37.886803 ], [ -80.380026, 37.886762 ], [ -80.380049, 37.886742 ] ] } },
{ "type": "Feature", "properties": { "ID": 316, "elev": 676.0 }, "geometry": { "type": "LineString", "coordinates": [ [ -80.37971, 37.886731 ], [ -80.379716, 37.886765 ], [ -80.379696, 37.886778 ], [ -80.37969, 37.886796 ], [ -80.3797, 37.886805 ], [ -80.379702, 37.886824 ], [ -80.379723, 37.886851 ], [ -80.379725, 37.886881 ], [ -80.379759, 37.8869 ], [ -80.379805, 37.886896 ], [ -80.379817, 37.886878 ], [ -80.379862, 37.88687 ], [ -80.379884, 37.886843 ], [ -80.379909, 37.886838 ], [ -80.379913, 37.886828 ], [ -80.37989, 37.886797 ], [ -80.379891, 37.886788 ], [ -80.37992, 37.886771 ], [ -80.379953, 37.886799 ], [ -80.379982, 37.886805 ], [ -80.38001, 37.886828 ], [ -80.380033, 37.886827 ], [ -80.380054, 37.886803 ], [ -80.380036, 37.886762 ], [ -80.38006, 37.886742 ] ] } },
{ "type": "Feature", "properties": { "ID": 317, "elev": 678.0 }, "geometry": { "type": "LineString", "coordinates": [ [ -80.379592, 37.886731 ], [ -80.379601, 37.886743 ], [ -80.379618, 37.886751 ], [ -80.379665, 37.886756 ], [ -80.379681, 37.886749 ], [ -80.379687, 37.886736 ], [ -80.379692, 37.886747 ], [ -80.379709, 37.886753 ], [ -80.379712, 37.886765 ], [ -80.379688, 37.886783 ], [ -80.379687, 37.886796 ], [ -80.379698, 37.886805 ], [ -80.3797, 37.886828 ], [ -80.37971, 37.886837 ], [ -80.379716, 37.886905 ], [ -80.379725, 37.886916 ], [ -80.379793, 37.886916 ], [ -80.379822, 37.886904 ], [ -80.37989, 37.886915 ], [ -80.379907, 37.886912 ], [ -80.379916, 37.886843 ], [ -80.379929, 37.88682 ], [ -80.37992, 37.886816 ], [ -80.379906, 37.886789 ], [ -80.379914, 37.88678 ], [ -80.379925, 37.886779 ], [ -80.379937, 37.886789 ], [ -80.379936, 37.886809 ], [ -80.37998, 37.886807 ], [ -80.379993, 37.886843 ], [ -80.380027, 37.886834 ], [ -80.380033, 37.88684 ], [ -80.380059, 37.886812 ], [ -80.380059, 37.886789 ], [ -80.380043, 37.886758 ], [ -80.380062, 37.88675 ], [ -80.380066, 37.886742 ] ] } }
]
}
